species_name,tree_tip,order,family,adult_mass_g,log10mass,litter_size_n,litter_measured,neonate_mass_g,litter_mass_g,prop_investment,log10_neonate_mass,log10_prop_investment,placental,diet,diet_detailed,pct_animal,pct_invert,pct_vertebrate,pct_fruit,diet_interpolated
Amblysomus corriae,Amblysomus_corriae,Afrosoricida,Chrysochloridae,64.8,1.8116,1.93,N,NA,NA,NA,NA,NA,Y,carnivore,carnivore_invertebrate,100.0,100.0,0.0,0.0,N
Amblysomus hottentotus,Amblysomus_hottentotus,Afrosoricida,Chrysochloridae,64.8,1.8116,1.93,Y,4.5,8.685,0.134,0.6532,-0.8728,Y,carnivore,carnivore_invertebrate,100.0,100.0,0.0,0.0,N
Amblysomus marleyi,Amblysomus_marleyi,Afrosoricida,Chrysochloridae,64.8,1.8116,1.93,N,NA,NA,NA,NA,NA,Y,carnivore,carnivore_invertebrate,100.0,100.0,0.0,0.0,N
Amblysomus robustus,Amblysomus_robustus,Afrosoricida,Chrysochloridae,64.8,1.8116,1.93,N,NA,NA,NA,NA,NA,Y,carnivore,carnivore_invertebrate,100.0,100.0,0.0,0.0,N
Amblysomus septentrionalis,Amblysomus_septentrionalis,Afrosoricida,Chrysochloridae,64.8,1.8116,1.93,N,NA,NA,NA,NA,NA,Y,carnivore,carnivore_invertebrate,100.0,100.0,0.0,0.0,N
Calcochloris obtusirostris,Calcochloris_obtusirostris,Afrosoricida,Chrysochloridae,24.05,1.3811,2.0,Y,NA,NA,NA,NA,NA,Y,carnivore,carnivore_invertebrate,100.0,100.0,0.0,0.0,N
Chlorotalpa duthieae,Chlorotalpa_duthieae,Afrosoricida,Chrysochloridae,31.34,1.4961,2.0,Y,NA,NA,NA,NA,NA,Y,carnivore,carnivore_invertebrate,100.0,100.0,0.0,0.0,N
Chlorotalpa sclateri,Chlorotalpa_sclateri,Afrosoricida,Chrysochloridae,38.3,1.5832,2.0,Y,NA,NA,NA,NA,NA,Y,carnivore,carnivore_invertebrate,100.0,100.0,0.0,0.0,N
Chrysochloris asiatica,Chrysochloris_asiatica,Afrosoricida,Chrysochloridae,36.93,1.5674,3.12,Y,NA,NA,NA,NA,NA,Y,carnivore,carnivore_invertebrate,100.0,100.0,0.0,0.0,N
Chrysochloris stuhlmanni,Chrysochloris_stuhlmanni,Afrosoricida,Chrysochloridae,47.78,1.6792,0.96,Y,NA,NA,NA,NA,NA,Y,carnivore,carnivore_invertebrate,100.0,100.0,0.0,0.0,N
Chrysochloris visagiei,Chrysochloris_visagiei,Afrosoricida,Chrysochloridae,36.72,1.5649,3.12,N,NA,NA,NA,NA,NA,Y,carnivore,carnivore_invertebrate,100.0,100.0,0.0,0.0,N
Chrysospalax trevelyani,Chrysospalax_trevelyani,Afrosoricida,Chrysochloridae,434.04,2.6375,1.41,Y,28.0,39.48,0.091,1.4472,-1.0412,Y,carnivore,carnivore_invertebrate,100.0,100.0,0.0,0.0,N
Chrysospalax villosus,Chrysospalax_villosus,Afrosoricida,Chrysochloridae,106.175,2.026,1.965,Y,NA,NA,NA,NA,NA,Y,carnivore,carnivore_invertebrate,100.0,100.0,0.0,0.0,N
Eremitalpa granti,Eremitalpa_granti,Afrosoricida,Chrysochloridae,22.8,1.3579,1.18,Y,NA,NA,NA,NA,NA,Y,carnivore,carnivore_invertebrate,100.0,90.0,10.0,0.0,N
Neamblysomus julianae,Neamblysomus_julianae,Afrosoricida,Chrysochloridae,21.99,1.3422,0.96,Y,NA,NA,NA,NA,NA,Y,carnivore,carnivore_invertebrate,100.0,100.0,0.0,0.0,N
Echinops telfairi,Echinops_telfairi,Afrosoricida,Tenrecidae,166.125,2.2204,5.49,Y,7.49,41.12,0.2475,0.8745,-0.6064,Y,carnivore,carnivore_invertebrate,60.0,60.0,0.0,40.0,N
Geogale aurita,Geogale_aurita,Afrosoricida,Tenrecidae,6.7,0.8261,3.65,Y,0.71,2.592,0.3868,-0.1487,-0.4125,Y,carnivore,carnivore_invertebrate,100.0,70.0,30.0,0.0,N
Hemicentetes nigriceps,Hemicentetes_nigriceps,Afrosoricida,Tenrecidae,124.7,2.0959,5.02,Y,7.29,36.596,0.2935,0.8627,-0.5324,Y,carnivore,carnivore_invertebrate,100.0,100.0,0.0,0.0,N
Hemicentetes semispinosus,Hemicentetes_semispinosus,Afrosoricida,Tenrecidae,133.0,2.1239,5.17,Y,7.39,38.206,0.2873,0.8686,-0.5417,Y,carnivore,carnivore_invertebrate,100.0,100.0,0.0,0.0,N
Limnogale mergulus,Limnogale_mergulus,Afrosoricida,Tenrecidae,77.7,1.8904,2.865,Y,NA,NA,NA,NA,NA,Y,carnivore,carnivore_invertebrate,100.0,60.0,40.0,0.0,N
Microgale brevicaudata,Microgale_brevicaudata,Afrosoricida,Tenrecidae,8.99,0.9538,4.5,Y,NA,NA,NA,NA,NA,Y,carnivore,carnivore_invertebrate,100.0,100.0,0.0,0.0,N
Microgale dobsoni,Microgale_dobsoni,Afrosoricida,Tenrecidae,37.8,1.5775,2.66,Y,3.89,10.347,0.2737,0.5899,-0.5627,Y,carnivore,carnivore_invertebrate,100.0,100.0,0.0,0.0,N
Microgale grandidieri,Microgale_grandidieri,Afrosoricida,Tenrecidae,8.99,0.9538,4.5,N,NA,NA,NA,NA,NA,Y,carnivore,carnivore_unknown,NA,NA,NA,NA,NA
Microgale talazaci,Microgale_talazaci,Afrosoricida,Tenrecidae,46.05,1.6632,2.23,Y,3.64,8.117,0.1763,0.5611,-0.7538,Y,carnivore,carnivore_invertebrate,100.0,100.0,0.0,0.0,N
Micropotamogale lamottei,Micropotamogale_lamottei,Afrosoricida,Tenrecidae,69.595,1.8426,3.93,Y,NA,NA,NA,NA,NA,Y,carnivore,carnivore_invertebrate,100.0,60.0,40.0,0.0,N
Micropotamogale ruwenzorii,Micropotamogale_ruwenzorii,Afrosoricida,Tenrecidae,109.13,2.0379,1.86,Y,NA,NA,NA,NA,NA,Y,carnivore,carnivore_invertebrate,100.0,60.0,40.0,0.0,N
Potamogale velox,Potamogale_velox,Afrosoricida,Tenrecidae,716.345,2.8551,2.065,Y,NA,NA,NA,NA,NA,Y,carnivore,carnivore_invertebrate,100.0,70.0,30.0,0.0,N
Setifer setosus,Setifer_setosus,Afrosoricida,Tenrecidae,304.11,2.483,3.04,Y,24.7,75.088,0.2469,1.3927,-0.6075,Y,carnivore,carnivore_invertebrate,100.0,40.0,0.0,0.0,N
Tenrec ecaudatus,Tenrec_ecaudatus,Afrosoricida,Tenrecidae,885.795,2.9473,16.89,Y,24.24,409.414,0.4622,1.3845,-0.3352,Y,omnivore,omnivore,90.0,90.0,0.0,0.0,N
Ailurus fulgens,Ailurus_fulgens,Carnivora,Ailuridae,4747.54,3.6765,2.0,Y,104.04,208.08,0.0438,2.0172,-1.3582,Y,herbivore,herbivore,20.0,10.0,10.0,10.0,N
Canis adustus,Canis_adustus,Carnivora,Canidae,10321.245,4.0137,4.16,Y,NA,NA,NA,NA,NA,Y,omnivore,omnivore,80.0,30.0,30.0,0.0,N
Canis aureus,Canis_aureus,Carnivora,Canidae,11000.0,4.0414,3.95,Y,211.82,836.689,0.0761,2.326,-1.1188,Y,omnivore,omnivore,90.0,10.0,80.0,10.0,N
Canis latrans,Canis_latrans,Carnivora,Canidae,11050.0,4.0434,5.605,Y,200.01,1121.056,0.1015,2.3011,-0.9937,Y,carnivore,carnivore_vertebrate,100.0,0.0,70.0,0.0,N
Canis lupus,Canis_lupus,Carnivora,Canidae,29190.755,4.4652,4.98,Y,412.31,2053.304,0.0703,2.6152,-1.1528,Y,carnivore,carnivore_vertebrate,100.0,0.0,100.0,0.0,N
Canis mesomelas,Canis_mesomelas,Carnivora,Canidae,8247.3,3.9163,3.95,Y,177.2,699.94,0.0849,2.2485,-1.0713,Y,omnivore,omnivore,70.0,10.0,30.0,0.0,N
Canis simensis,Canis_simensis,Carnivora,Canidae,13518.43,4.1309,4.0,N,NA,NA,NA,NA,NA,Y,carnivore,carnivore_vertebrate,100.0,0.0,100.0,0.0,N
Cerdocyon thous,Cerdocyon_thous,Carnivora,Canidae,5741.66,3.759,4.0,Y,140.0,560.0,0.0975,2.1461,-1.0108,Y,omnivore,omnivore,100.0,50.0,40.0,0.0,N
Chrysocyon brachyurus,Chrysocyon_brachyurus,Carnivora,Canidae,22250.0,4.3473,3.0,Y,372.29,1116.87,0.0502,2.5709,-1.2993,Y,omnivore,omnivore,80.0,10.0,70.0,10.0,N
Cuon alpinus,Cuon_alpinus,Carnivora,Canidae,15750.0,4.1973,4.3,Y,275.0,1182.5,0.0751,2.4393,-1.1245,Y,carnivore,carnivore_vertebrate,100.0,0.0,90.0,0.0,N
Lycalopex culpaeus,Lycalopex_culpaeus,Carnivora,Canidae,13000.0,4.1139,4.0,Y,167.99,671.96,0.0517,2.2253,-1.2866,Y,omnivore,omnivore,90.0,10.0,80.0,10.0,N
Lycalopex fulvipes,Lycalopex_fulvipes,Carnivora,Canidae,3990.0,3.601,4.17,N,NA,NA,NA,NA,NA,Y,omnivore,omnivore,80.0,20.0,60.0,20.0,N
Lycalopex griseus,Lycalopex_griseus,Carnivora,Canidae,3990.0,3.601,4.185,N,NA,NA,NA,NA,NA,Y,omnivore,omnivore,70.0,10.0,60.0,20.0,N
Lycalopex gymnocercus,Lycalopex_gymnocercus,Carnivora,Canidae,4690.0,3.6712,3.09,Y,NA,NA,NA,NA,NA,Y,omnivore,omnivore,50.0,0.0,50.0,30.0,N
Lycalopex vetulus,Lycalopex_vetulus,Carnivora,Canidae,5444.0,3.7359,3.545,Y,NA,NA,NA,NA,NA,Y,carnivore,carnivore_vertebrate,70.0,10.0,60.0,20.0,N
Lycaon pictus,Lycaon_pictus,Carnivora,Canidae,24249.995,4.3847,7.495,Y,297.45,2229.388,0.0919,2.4734,-1.0365,Y,carnivore,carnivore_vertebrate,100.0,0.0,100.0,0.0,N
Nyctereutes procyonoides,Nyctereutes_procyonoides,Carnivora,Canidae,4232.0,3.6265,6.3,Y,87.42,550.746,0.1301,1.9416,-0.8856,Y,omnivore,omnivore,60.0,20.0,40.0,30.0,N
Otocyon megalotis,Otocyon_megalotis,Carnivora,Canidae,4150.0,3.618,4.0,Y,120.7,482.8,0.1163,2.0817,-0.9343,Y,omnivore,omnivore,80.0,50.0,30.0,0.0,N
Speothos venaticus,Speothos_venaticus,Carnivora,Canidae,6000.0,3.7782,4.13,Y,157.5,650.475,0.1084,2.1973,-0.9649,Y,carnivore,carnivore_vertebrate,100.0,0.0,100.0,0.0,N
Urocyon cinereoargenteus,Urocyon_cinereoargenteus,Carnivora,Canidae,4220.0,3.6253,3.895,Y,103.68,403.834,0.0957,2.0157,-1.0191,Y,omnivore,omnivore,40.0,10.0,30.0,20.0,N
Urocyon littoralis,Urocyon_littoralis,Carnivora,Canidae,1906.835,3.2803,2.385,Y,100.0,238.5,0.1251,2.0,-0.9028,Y,omnivore,omnivore,40.0,10.0,30.0,20.0,N
Vulpes bengalensis,Vulpes_bengalensis,Carnivora,Canidae,2157.2,3.3339,3.49,Y,58.49,204.13,0.0946,1.7671,-1.024,Y,omnivore,omnivore,80.0,20.0,60.0,20.0,N
Vulpes cana,Vulpes_cana,Carnivora,Canidae,994.25,2.9975,2.0,Y,29.0,58.0,0.0583,1.4624,-1.2341,Y,omnivore,omnivore,40.0,30.0,10.0,40.0,N
Vulpes chama,Vulpes_chama,Carnivora,Canidae,3459.9,3.5391,2.875,Y,NA,NA,NA,NA,NA,Y,carnivore,carnivore_vertebrate,100.0,30.0,70.0,0.0,N
Vulpes corsac,Vulpes_corsac,Carnivora,Canidae,2700.0,3.4314,5.0,Y,63.12,315.6,0.1169,1.8002,-0.9322,Y,omnivore,omnivore,90.0,20.0,70.0,0.0,N
Vulpes ferrilata,Vulpes_ferrilata,Carnivora,Canidae,2700.0,3.4314,4.71,Y,89.99,423.853,0.157,1.9542,-0.8041,Y,carnivore,carnivore_vertebrate,100.0,0.0,100.0,0.0,N
Vulpes lagopus,Vulpes_lagopus,Carnivora,Canidae,3600.0,3.5563,8.12,Y,69.17,561.66,0.156,1.8399,-0.8068,Y,carnivore,carnivore_vertebrate,100.0,10.0,80.0,0.0,N
Vulpes macrotis,Vulpes_macrotis,Carnivora,Canidae,2088.0,3.3197,4.44,Y,NA,NA,NA,NA,NA,Y,carnivore,carnivore_vertebrate,100.0,30.0,70.0,0.0,N
Vulpes pallida,Vulpes_pallida,Carnivora,Canidae,10148.9,4.0064,5.49,Y,NA,NA,NA,NA,NA,Y,omnivore,omnivore,80.0,0.0,80.0,0.0,N
Vulpes rueppellii,Vulpes_rueppellii,Carnivora,Canidae,3200.0,3.5051,3.0,Y,NA,NA,NA,NA,NA,Y,omnivore,omnivore,80.0,20.0,60.0,0.0,N
Vulpes velox,Vulpes_velox,Carnivora,Canidae,2088.0,3.3197,4.44,Y,39.94,177.334,0.0849,1.6014,-1.0709,Y,carnivore,carnivore_vertebrate,100.0,10.0,90.0,0.0,N
Vulpes vulpes,Vulpes_vulpes,Carnivora,Canidae,4580.3,3.6609,4.732,Y,100.49,475.519,0.1038,2.0021,-0.9837,Y,omnivore,omnivore,90.0,20.0,70.0,10.0,N
Vulpes zerda,Vulpes_zerda,Carnivora,Canidae,1207.5,3.0819,2.36,Y,28.04,66.174,0.0548,1.4478,-1.2612,Y,omnivore,omnivore,70.0,20.0,50.0,0.0,N
Cryptoprocta ferox,Cryptoprocta_ferox,Carnivora,Eupleridae,9500.0,3.9777,3.0,Y,99.96,299.88,0.0316,1.9998,-1.5008,Y,carnivore,carnivore_vertebrate,100.0,10.0,90.0,0.0,N
Eupleres goudotii,Eupleres_goudotii,Carnivora,Eupleridae,2881.67,3.4596,1.25,Y,150.0,187.5,0.0651,2.1761,-1.1866,Y,carnivore,carnivore_invertebrate,100.0,90.0,10.0,0.0,N
Eupleres major,Eupleres_major,Carnivora,Eupleridae,2881.67,3.4596,1.25,N,NA,NA,NA,NA,NA,Y,carnivore,carnivore_unknown,NA,NA,NA,NA,NA
Fossa fossana,Fossa_fossana,Carnivora,Eupleridae,1853.98,3.2681,1.0,Y,70.0,70.0,0.0378,1.8451,-1.423,Y,carnivore,carnivore_invertebrate,90.0,70.0,20.0,10.0,N
Galidia elegans,Galidia_elegans,Carnivora,Eupleridae,800.0,2.9031,1.0,Y,48.73,48.73,0.0609,1.6878,-1.2153,Y,omnivore,omnivore,90.0,10.0,80.0,10.0,N
Galidictis fasciata,Galidictis_fasciata,Carnivora,Eupleridae,549.99,2.7404,1.0,Y,NA,NA,NA,NA,NA,Y,carnivore,carnivore_vertebrate,100.0,30.0,70.0,0.0,N
Galidictis grandidieri,Galidictis_grandidieri,Carnivora,Eupleridae,1400.0,3.1461,1.0,Y,NA,NA,NA,NA,NA,Y,carnivore,carnivore_vertebrate,100.0,30.0,70.0,0.0,N
Mungotictis decemlineata,Mungotictis_decemlineata,Carnivora,Eupleridae,678.515,2.8316,0.995,Y,49.13,48.884,0.072,1.6913,-1.1424,Y,carnivore,carnivore_invertebrate,100.0,80.0,20.0,0.0,N
Acinonyx jubatus,Acinonyx_jubatus,Carnivora,Felidae,50577.92,4.704,3.04,Y,441.66,1342.646,0.0265,2.6451,-1.576,Y,carnivore,carnivore_vertebrate,100.0,0.0,100.0,0.0,N
Caracal aurata,Caracal_aurata,Carnivora,Felidae,10650.0,4.0273,2.0,Y,211.24,422.48,0.0397,2.3248,-1.4015,Y,carnivore,carnivore_vertebrate,100.0,0.0,100.0,0.0,N
Caracal caracal,Caracal_caracal,Carnivora,Felidae,14000.0,4.1461,3.0,Y,195.86,587.58,0.042,2.2919,-1.3771,Y,carnivore,carnivore_vertebrate,100.0,0.0,100.0,0.0,N
Catopuma temminckii,Catopuma_temminckii,Carnivora,Felidae,11500.0,4.0607,1.28,Y,165.83,212.262,0.0185,2.2197,-1.7338,Y,carnivore,carnivore_vertebrate,100.0,0.0,100.0,0.0,N
Felis bieti,Felis_bieti,Carnivora,Felidae,5486.95,3.7393,3.69,N,NA,NA,NA,NA,NA,Y,carnivore,carnivore_vertebrate,100.0,0.0,100.0,0.0,N
Felis chaus,Felis_chaus,Carnivora,Felidae,10000.0,4.0,3.0,Y,135.5,406.5,0.0406,2.1319,-1.3909,Y,carnivore,carnivore_vertebrate,100.0,0.0,100.0,0.0,N
Felis margarita,Felis_margarita,Carnivora,Felidae,2750.0,3.4393,4.5,Y,63.99,287.955,0.1047,1.8061,-0.98,Y,carnivore,carnivore_vertebrate,100.0,0.0,100.0,0.0,N
Felis nigripes,Felis_nigripes,Carnivora,Felidae,2125.0,3.3274,1.91,Y,72.0,137.52,0.0647,1.8573,-1.189,Y,carnivore,carnivore_vertebrate,100.0,0.0,100.0,0.0,N
Felis silvestris,Felis_silvestris,Carnivora,Felidae,5036.54,3.7021,3.69,Y,106.4,392.616,0.078,2.0269,-1.1082,Y,carnivore,carnivore_vertebrate,100.0,10.0,90.0,0.0,N
Herpailurus yagouaroundi,Herpailurus_yagouaroundi,Carnivora,Felidae,7000.0,3.8451,2.34,Y,NA,NA,NA,NA,NA,Y,carnivore,carnivore_vertebrate,90.0,10.0,80.0,10.0,N
Leopardus colocolo,Leopardus_colocolo,Carnivora,Felidae,2950.0,3.4698,2.5,N,NA,NA,NA,NA,NA,Y,carnivore,carnivore_vertebrate,100.0,0.0,100.0,0.0,N
Leopardus geoffroyi,Leopardus_geoffroyi,Carnivora,Felidae,4000.0,3.6021,2.02,N,NA,NA,NA,NA,NA,Y,carnivore,carnivore_vertebrate,100.0,0.0,100.0,0.0,N
Leopardus guttulus,Leopardus_guttulus,Carnivora,Felidae,2250.0,3.3522,1.5,N,NA,NA,NA,NA,NA,Y,carnivore,carnivore_unknown,NA,NA,NA,NA,NA
Leopardus pardalis,Leopardus_pardalis,Carnivora,Felidae,10500.0,4.0212,1.66,Y,250.0,415.0,0.0395,2.3979,-1.4031,Y,carnivore,carnivore_vertebrate,100.0,0.0,100.0,0.0,N
Leopardus tigrinus,Leopardus_tigrinus,Carnivora,Felidae,2250.0,3.3522,1.5,N,NA,NA,NA,NA,NA,Y,carnivore,carnivore_vertebrate,100.0,0.0,100.0,0.0,N
Leopardus wiedii,Leopardus_wiedii,Carnivora,Felidae,3600.0,3.5563,1.5,Y,157.42,236.13,0.0656,2.1971,-1.1832,Y,omnivore,omnivore,80.0,0.0,80.0,20.0,N
Leptailurus serval,Leptailurus_serval,Carnivora,Felidae,11999.96,4.0792,2.35,Y,254.0,596.9,0.0497,2.4048,-1.3033,Y,carnivore,carnivore_vertebrate,100.0,0.0,100.0,0.0,N
Lynx canadensis,Lynx_canadensis,Carnivora,Felidae,9682.82,3.986,3.19,Y,204.0,650.76,0.0672,2.3096,-1.1726,Y,carnivore,carnivore_vertebrate,100.0,0.0,100.0,0.0,N
Lynx lynx,Lynx_lynx,Carnivora,Felidae,21150.0,4.3253,2.25,Y,289.0,650.25,0.0307,2.4609,-1.5122,Y,carnivore,carnivore_vertebrate,100.0,0.0,100.0,0.0,N
Lynx pardinus,Lynx_pardinus,Carnivora,Felidae,10225.0,4.0097,2.5,Y,NA,NA,NA,NA,NA,Y,carnivore,carnivore_vertebrate,100.0,0.0,100.0,0.0,N
Lynx rufus,Lynx_rufus,Carnivora,Felidae,9400.0,3.9731,2.53,Y,300.0,759.0,0.0807,2.4771,-1.0929,Y,carnivore,carnivore_vertebrate,100.0,0.0,100.0,0.0,N
Neofelis diardi,Neofelis_diardi,Carnivora,Felidae,22500.0,4.3522,2.25,N,NA,NA,NA,NA,NA,Y,carnivore,carnivore_unknown,NA,NA,NA,NA,NA
Neofelis nebulosa,Neofelis_nebulosa,Carnivora,Felidae,19500.0,4.29,2.25,Y,166.49,374.602,0.0192,2.2214,-1.7165,Y,carnivore,carnivore_vertebrate,100.0,0.0,100.0,0.0,N
Otocolobus manul,Otocolobus_manul,Carnivora,Felidae,3500.0,3.5441,4.14,Y,89.0,368.46,0.1053,1.9494,-0.9777,Y,carnivore,carnivore_vertebrate,100.0,0.0,100.0,0.0,N
Panthera leo,Panthera_leo,Carnivora,Felidae,149061.965,5.1734,2.825,Y,1291.71,3649.081,0.0245,3.1112,-1.6112,Y,carnivore,carnivore_vertebrate,100.0,0.0,90.0,0.0,N
Panthera onca,Panthera_onca,Carnivora,Felidae,81150.0,4.9093,2.0,Y,817.3,1634.6,0.0201,2.9124,-1.6959,Y,carnivore,carnivore_vertebrate,100.0,0.0,100.0,0.0,N
Panthera pardus,Panthera_pardus,Carnivora,Felidae,53074.995,4.7249,2.14,Y,553.39,1184.255,0.0223,2.743,-1.6514,Y,carnivore,carnivore_vertebrate,100.0,0.0,100.0,0.0,N
Panthera tigris,Panthera_tigris,Carnivora,Felidae,128800.0,5.1099,2.57,Y,1313.5,3375.695,0.0262,3.1184,-1.5816,Y,carnivore,carnivore_vertebrate,100.0,0.0,100.0,0.0,N
Panthera uncia,Panthera_uncia,Carnivora,Felidae,47812.5,4.6795,2.12,Y,442.6,938.312,0.0196,2.646,-1.7072,Y,carnivore,carnivore_vertebrate,100.0,0.0,100.0,0.0,N
Pardofelis marmorata,Pardofelis_marmorata,Carnivora,Felidae,47362.495,4.6754,2.0,Y,84.99,169.98,0.0036,1.9294,-2.445,Y,carnivore,carnivore_vertebrate,100.0,0.0,100.0,0.0,N
Prionailurus bengalensis,Prionailurus_bengalensis,Carnivora,Felidae,4150.0,3.618,2.5,Y,83.0,207.5,0.05,1.9191,-1.301,Y,carnivore,carnivore_vertebrate,100.0,0.0,100.0,0.0,N
Prionailurus rubiginosus,Prionailurus_rubiginosus,Carnivora,Felidae,1350.0,3.1303,2.23,Y,NA,NA,NA,NA,NA,Y,carnivore,carnivore_vertebrate,100.0,0.0,100.0,0.0,N
Prionailurus viverrinus,Prionailurus_viverrinus,Carnivora,Felidae,10650.0,4.0273,2.0,Y,170.0,340.0,0.0319,2.2304,-1.4959,Y,carnivore,carnivore_vertebrate,100.0,20.0,80.0,0.0,N
Puma concolor,Puma_concolor,Carnivora,Felidae,48000.0,4.6812,2.76,Y,409.87,1131.241,0.0236,2.6126,-1.6277,Y,carnivore,carnivore_vertebrate,100.0,0.0,100.0,0.0,N
Atilax paludinosus,Atilax_paludinosus,Carnivora,Herpestidae,3300.0,3.5185,2.0,Y,100.0,200.0,0.0606,2.0,-1.2175,Y,omnivore,omnivore,100.0,40.0,60.0,0.0,N
Bdeogale crassicauda,Bdeogale_crassicauda,Carnivora,Herpestidae,1646.065,3.2164,0.98,Y,NA,NA,NA,NA,NA,Y,carnivore,carnivore_invertebrate,100.0,80.0,20.0,0.0,N
Bdeogale jacksoni,Bdeogale_jacksoni,Carnivora,Herpestidae,2500.0,3.3979,1.0,N,NA,NA,NA,NA,NA,Y,carnivore,carnivore_vertebrate,100.0,40.0,60.0,0.0,N
Bdeogale nigripes,Bdeogale_nigripes,Carnivora,Herpestidae,2311.505,3.3639,1.0,Y,NA,NA,NA,NA,NA,Y,carnivore,carnivore_invertebrate,100.0,60.0,40.0,0.0,N
Bdeogale omnivora,Bdeogale_omnivora,Carnivora,Herpestidae,1750.0,3.243,0.98,N,NA,NA,NA,NA,NA,Y,carnivore,carnivore_unknown,NA,NA,NA,NA,NA
Crossarchus alexandri,Crossarchus_alexandri,Carnivora,Herpestidae,1503.4,3.1771,4.0,Y,NA,NA,NA,NA,NA,Y,omnivore,omnivore,80.0,60.0,20.0,20.0,N
Crossarchus obscurus,Crossarchus_obscurus,Carnivora,Herpestidae,790.0,2.8976,4.0,Y,9.78,39.12,0.0495,0.9903,-1.3052,Y,omnivore,omnivore,80.0,60.0,20.0,20.0,N
Crossarchus platycephalus,Crossarchus_platycephalus,Carnivora,Herpestidae,790.0,2.8976,4.0,N,NA,NA,NA,NA,NA,Y,omnivore,omnivore,100.0,50.0,50.0,0.0,N
Cynictis penicillata,Cynictis_penicillata,Carnivora,Herpestidae,598.5,2.7771,2.0,Y,NA,NA,NA,NA,NA,Y,carnivore,carnivore_invertebrate,100.0,90.0,10.0,0.0,N
Dologale dybowskii,Dologale_dybowskii,Carnivora,Herpestidae,361.92,2.5586,4.0,Y,NA,NA,NA,NA,NA,Y,carnivore,carnivore_invertebrate,100.0,60.0,40.0,0.0,N
Helogale parvula,Helogale_parvula,Carnivora,Herpestidae,274.8,2.439,3.19,Y,NA,NA,NA,NA,NA,Y,carnivore,carnivore_invertebrate,90.0,70.0,20.0,10.0,N
Herpestes auropunctatus,Herpestes_auropunctatus,Carnivora,Herpestidae,483.5,2.6844,2.21,N,NA,NA,NA,NA,NA,Y,carnivore,carnivore_unknown,NA,NA,NA,NA,NA
Herpestes brachyurus,Herpestes_brachyurus,Carnivora,Herpestidae,1396.16,3.1449,3.49,Y,NA,NA,NA,NA,NA,Y,omnivore,omnivore,90.0,30.0,60.0,10.0,N
Herpestes edwardsii,Herpestes_edwardsii,Carnivora,Herpestidae,1008.0,3.0035,2.6,Y,NA,NA,NA,NA,NA,Y,carnivore,carnivore_vertebrate,90.0,20.0,70.0,10.0,N
Herpestes fuscus,Herpestes_fuscus,Carnivora,Herpestidae,519.6,2.7157,2.365,N,NA,NA,NA,NA,NA,Y,omnivore,omnivore,90.0,30.0,60.0,10.0,Y
Herpestes ichneumon,Herpestes_ichneumon,Carnivora,Herpestidae,2950.01,3.4698,2.955,Y,NA,NA,NA,NA,NA,Y,omnivore,omnivore,90.0,30.0,60.0,10.0,N
Herpestes javanicus,Herpestes_javanicus,Carnivora,Herpestidae,775.0,2.8893,2.21,Y,24.67,54.521,0.0703,1.3922,-1.1527,Y,carnivore,carnivore_vertebrate,90.0,30.0,60.0,10.0,N
Herpestes pulverulentus,Herpestes_pulverulentus,Carnivora,Herpestidae,683.0,2.8344,2.6,Y,20.19,52.494,0.0769,1.3051,-1.1143,Y,carnivore,carnivore_invertebrate,90.0,70.0,20.0,0.0,N
Herpestes sanguineus,Herpestes_sanguineus,Carnivora,Herpestidae,509.8,2.7074,2.23,Y,NA,NA,NA,NA,NA,Y,carnivore,carnivore_invertebrate,90.0,70.0,20.0,0.0,N
Herpestes semitorquatus,Herpestes_semitorquatus,Carnivora,Herpestidae,1396.16,3.1449,3.49,N,NA,NA,NA,NA,NA,Y,omnivore,omnivore,90.0,30.0,60.0,10.0,N
Herpestes smithii,Herpestes_smithii,Carnivora,Herpestidae,1702.5,3.2311,2.5,Y,NA,NA,NA,NA,NA,Y,carnivore,carnivore_vertebrate,90.0,30.0,60.0,10.0,N
Herpestes urva,Herpestes_urva,Carnivora,Herpestidae,2123.695,3.3271,3.0,Y,NA,NA,NA,NA,NA,Y,carnivore,carnivore_vertebrate,90.0,30.0,60.0,10.0,N
Herpestes vitticollis,Herpestes_vitticollis,Carnivora,Herpestidae,2315.0,3.3646,2.615,Y,NA,NA,NA,NA,NA,Y,omnivore,omnivore,90.0,30.0,60.0,10.0,N
Ichneumia albicauda,Ichneumia_albicauda,Carnivora,Herpestidae,3500.0,3.5441,2.33,Y,NA,NA,NA,NA,NA,Y,omnivore,omnivore,90.0,70.0,20.0,10.0,N
Mungos mungo,Mungos_mungo,Carnivora,Herpestidae,1331.5,3.1243,2.68,Y,24.2,64.856,0.0487,1.3838,-1.3124,Y,carnivore,carnivore_invertebrate,100.0,80.0,20.0,0.0,N
Paracynictis selousi,Paracynictis_selousi,Carnivora,Herpestidae,1734.86,3.2393,2.25,Y,NA,NA,NA,NA,NA,Y,carnivore,carnivore_invertebrate,100.0,60.0,40.0,0.0,N
Rhynchogale melleri,Rhynchogale_melleri,Carnivora,Herpestidae,2240.33,3.3503,2.0,Y,NA,NA,NA,NA,NA,Y,omnivore,omnivore,70.0,40.0,30.0,30.0,N
Suricata suricatta,Suricata_suricatta,Carnivora,Herpestidae,776.0,2.8899,3.86,Y,30.5,117.73,0.1517,1.4843,-0.819,Y,omnivore,omnivore,90.0,70.0,20.0,0.0,N
Crocuta crocuta,Crocuta_crocuta,Carnivora,Hyaenidae,63000.0,4.7993,2.0,Y,1460.0,2920.0,0.0463,3.1644,-1.334,Y,carnivore,carnivore_vertebrate,100.0,0.0,100.0,0.0,N
Hyaena hyaena,Hyaena_hyaena,Carnivora,Hyaenidae,35070.51,4.5449,2.5,Y,653.23,1633.075,0.0466,2.8151,-1.3319,Y,omnivore,omnivore,90.0,10.0,10.0,10.0,N
Parahyaena brunnea,Parahyaena_brunnea,Carnivora,Hyaenidae,42977.93,4.6332,2.3,Y,693.09,1594.107,0.0371,2.8408,-1.4307,Y,omnivore,omnivore,90.0,10.0,10.0,10.0,N
Proteles cristata,Proteles_cristata,Carnivora,Hyaenidae,8119.695,3.9095,2.64,Y,275.0,726.0,0.0894,2.4393,-1.0486,Y,carnivore,carnivore_invertebrate,100.0,100.0,0.0,0.0,N
Conepatus humboldtii,Conepatus_humboldtii,Carnivora,Mephitidae,2248.805,3.352,3.49,Y,NA,NA,NA,NA,NA,Y,omnivore,omnivore,90.0,80.0,10.0,10.0,N
Conepatus leuconotus,Conepatus_leuconotus,Carnivora,Mephitidae,2645.29,3.4225,3.5,Y,NA,NA,NA,NA,NA,Y,omnivore,omnivore,90.0,80.0,10.0,10.0,N
Conepatus semistriatus,Conepatus_semistriatus,Carnivora,Mephitidae,1598.67,3.2038,3.995,Y,NA,NA,NA,NA,NA,Y,carnivore,carnivore_invertebrate,90.0,80.0,10.0,10.0,N
Mephitis macroura,Mephitis_macroura,Carnivora,Mephitidae,1031.38,3.0134,4.34,Y,NA,NA,NA,NA,NA,Y,omnivore,omnivore,50.0,20.0,30.0,20.0,N
Mephitis mephitis,Mephitis_mephitis,Carnivora,Mephitidae,2949.995,3.4698,5.1,Y,33.19,169.269,0.0574,1.521,-1.2412,Y,omnivore,omnivore,50.0,20.0,30.0,20.0,N
Mydaus javanensis,Mydaus_javanensis,Carnivora,Mephitidae,2500.0,3.3979,2.5,N,NA,NA,NA,NA,NA,Y,carnivore,carnivore_invertebrate,80.0,80.0,0.0,0.0,N
Spilogale angustifrons,Spilogale_angustifrons,Carnivora,Mephitidae,612.0,2.7868,7.5,N,NA,NA,NA,NA,NA,Y,omnivore,omnivore,90.0,50.0,40.0,10.0,N
Spilogale gracilis,Spilogale_gracilis,Carnivora,Mephitidae,612.0,2.7868,5.07,N,NA,NA,NA,NA,NA,Y,omnivore,omnivore,70.0,30.0,40.0,0.0,N
Spilogale putorius,Spilogale_putorius,Carnivora,Mephitidae,583.245,2.7659,5.0,Y,12.29,61.45,0.1054,1.0896,-0.9773,Y,carnivore,carnivore_vertebrate,70.0,30.0,40.0,0.0,N
Spilogale pygmaea,Spilogale_pygmaea,Carnivora,Mephitidae,312.5,2.4949,3.835,Y,6.9,26.462,0.0847,0.8388,-1.0722,Y,omnivore,omnivore,100.0,80.0,20.0,0.0,N
Aonyx capensis,Aonyx_capensis,Carnivora,Mustelidae,21411.11,4.3306,2.56,Y,NA,NA,NA,NA,NA,Y,carnivore,carnivore_invertebrate,100.0,80.0,20.0,0.0,N
Aonyx cinereus,Aonyx_cinereus,Carnivora,Mustelidae,3000.0,3.4771,1.47,Y,56.01,82.335,0.0274,1.7483,-1.5615,Y,carnivore,carnivore_invertebrate,100.0,80.0,20.0,0.0,N
Aonyx congicus,Aonyx_congicus,Carnivora,Mustelidae,23800.2,4.3766,2.56,N,NA,NA,NA,NA,NA,Y,carnivore,carnivore_unknown,NA,NA,NA,NA,NA
Arctonyx albogularis,Arctonyx_albogularis,Carnivora,Mustelidae,10500.0,4.0212,3.0,N,NA,NA,NA,NA,NA,Y,omnivore,omnivore,NA,NA,NA,NA,NA
Arctonyx collaris,Arctonyx_collaris,Carnivora,Mustelidae,10500.0,4.0212,3.0,Y,58.0,174.0,0.0166,1.7634,-1.7806,Y,omnivore,omnivore,70.0,50.0,20.0,10.0,N
Arctonyx hoevenii,Arctonyx_hoevenii,Carnivora,Mustelidae,10500.0,4.0212,3.0,N,NA,NA,NA,NA,NA,Y,omnivore,omnivore,NA,NA,NA,NA,NA
Eira barbara,Eira_barbara,Carnivora,Mustelidae,4134.99,3.6165,2.0,Y,83.0,166.0,0.0401,1.9191,-1.3964,Y,omnivore,omnivore,90.0,0.0,90.0,10.0,N
Enhydra lutris,Enhydra_lutris,Carnivora,Mustelidae,27410.93,4.4379,1.0,Y,1894.37,1894.37,0.0691,3.2775,-1.1605,Y,carnivore,carnivore_invertebrate,100.0,50.0,50.0,0.0,N
Galictis cuja,Galictis_cuja,Carnivora,Mustelidae,1000.0,3.0,3.5,N,NA,NA,NA,NA,NA,Y,omnivore,omnivore,80.0,20.0,60.0,20.0,N
Galictis vittata,Galictis_vittata,Carnivora,Mustelidae,2325.0,3.3664,2.0,N,NA,NA,NA,NA,NA,Y,omnivore,omnivore,80.0,20.0,60.0,20.0,N
Gulo gulo,Gulo_gulo,Carnivora,Mustelidae,12792.49,4.107,2.84,Y,86.02,244.297,0.0191,1.9346,-1.719,Y,omnivore,omnivore,80.0,0.0,40.0,20.0,N
Hydrictis maculicollis,Hydrictis_maculicollis,Carnivora,Mustelidae,4000.0,3.6021,2.0,Y,NA,NA,NA,NA,NA,Y,carnivore,carnivore_vertebrate,100.0,10.0,90.0,0.0,N
Ictonyx libycus,Ictonyx_libycus,Carnivora,Mustelidae,362.59,2.5594,2.0,Y,NA,NA,NA,NA,NA,Y,carnivore,carnivore_vertebrate,100.0,40.0,60.0,0.0,N
Ictonyx striatus,Ictonyx_striatus,Carnivora,Mustelidae,811.02,2.909,2.17,Y,13.69,29.707,0.0366,1.1364,-1.4362,Y,carnivore,carnivore_vertebrate,100.0,40.0,60.0,0.0,N
Lontra canadensis,Lontra_canadensis,Carnivora,Mustelidae,8087.42,3.9078,2.67,Y,135.94,362.96,0.0449,2.1333,-1.348,Y,carnivore,carnivore_vertebrate,100.0,0.0,100.0,0.0,N
Lontra felina,Lontra_felina,Carnivora,Mustelidae,11195.36,4.049,2.895,Y,NA,NA,NA,NA,NA,Y,carnivore,carnivore_invertebrate,100.0,70.0,30.0,0.0,N
Lontra longicaudis,Lontra_longicaudis,Carnivora,Mustelidae,7027.485,3.8468,3.095,Y,NA,NA,NA,NA,NA,Y,carnivore,carnivore_vertebrate,100.0,10.0,90.0,0.0,N
Lutra lutra,Lutra_lutra,Carnivora,Mustelidae,7809.345,3.8926,2.035,Y,284.99,579.955,0.0743,2.4548,-1.1292,Y,carnivore,carnivore_vertebrate,100.0,30.0,70.0,0.0,N
Lutrogale perspicillata,Lutrogale_perspicillata,Carnivora,Mustelidae,8956.245,3.9521,4.12,Y,NA,NA,NA,NA,NA,Y,carnivore,carnivore_vertebrate,100.0,30.0,70.0,0.0,N
Lyncodon patagonicus,Lyncodon_patagonicus,Carnivora,Mustelidae,1000.0,3.0,3.5,N,NA,NA,NA,NA,NA,Y,carnivore,carnivore_vertebrate,100.0,0.0,100.0,0.0,N
Martes americana,Martes_americana,Carnivora,Mustelidae,892.0,2.9504,2.73,Y,31.3,85.449,0.0958,1.4955,-1.0187,Y,omnivore,omnivore,80.0,10.0,60.0,20.0,N
Martes flavigula,Martes_flavigula,Carnivora,Mustelidae,2500.0,3.3979,2.5,Y,57.5,143.75,0.0575,1.7597,-1.2403,Y,omnivore,omnivore,90.0,10.0,80.0,10.0,N
Martes foina,Martes_foina,Carnivora,Mustelidae,1700.0,3.2304,3.78,Y,30.0,113.4,0.0667,1.4771,-1.1758,Y,omnivore,omnivore,70.0,0.0,70.0,20.0,N
Martes martes,Martes_martes,Carnivora,Mustelidae,1299.995,3.1139,3.8,Y,30.0,114.0,0.0877,1.4771,-1.057,Y,omnivore,omnivore,60.0,0.0,60.0,40.0,N
Martes pennanti,Martes_pennanti,Carnivora,Mustelidae,3175.0,3.5017,2.92,Y,28.97,84.592,0.0266,1.4619,-1.5744,Y,carnivore,carnivore_vertebrate,100.0,0.0,70.0,0.0,N
Martes zibellina,Martes_zibellina,Carnivora,Mustelidae,1066.7,3.028,3.13,Y,31.22,97.719,0.0916,1.4944,-1.0381,Y,omnivore,omnivore,80.0,0.0,80.0,10.0,N
Meles anakuma,Meles_anakuma,Carnivora,Mustelidae,11884.03,4.075,3.11,N,NA,NA,NA,NA,NA,Y,omnivore,omnivore,60.0,60.0,0.0,40.0,N
Meles leucurus,Meles_leucurus,Carnivora,Mustelidae,11884.03,4.075,3.11,N,NA,NA,NA,NA,NA,Y,omnivore,omnivore,80.0,50.0,30.0,0.0,N
Meles meles,Meles_meles,Carnivora,Mustelidae,11884.03,4.075,3.11,Y,90.24,280.646,0.0236,1.9554,-1.6268,Y,omnivore,omnivore,60.0,20.0,40.0,20.0,N
Mellivora capensis,Mellivora_capensis,Carnivora,Mustelidae,10000.0,4.0,2.33,Y,210.0,489.3,0.0489,2.3222,-1.3104,Y,omnivore,omnivore,90.0,20.0,60.0,0.0,N
Melogale everetti,Melogale_everetti,Carnivora,Mustelidae,1922.63,3.2839,2.5,Y,NA,NA,NA,NA,NA,Y,omnivore,omnivore,70.0,40.0,30.0,30.0,N
Melogale moschata,Melogale_moschata,Carnivora,Mustelidae,805.25,2.9059,2.25,Y,NA,NA,NA,NA,NA,Y,carnivore,carnivore_invertebrate,70.0,40.0,30.0,30.0,N
Melogale orientalis,Melogale_orientalis,Carnivora,Mustelidae,1922.63,3.2839,2.75,N,NA,NA,NA,NA,NA,Y,omnivore,omnivore,70.0,40.0,30.0,30.0,N
Melogale personata,Melogale_personata,Carnivora,Mustelidae,1922.63,3.2839,2.75,Y,NA,NA,NA,NA,NA,Y,carnivore,carnivore_invertebrate,70.0,40.0,30.0,30.0,N
Mustela altaica,Mustela_altaica,Carnivora,Mustelidae,175.62,2.2446,5.77,Y,NA,NA,NA,NA,NA,Y,carnivore,carnivore_vertebrate,100.0,0.0,100.0,0.0,N
Mustela erminea,Mustela_erminea,Carnivora,Mustelidae,110.33,2.0427,6.755,Y,2.25,15.199,0.1378,0.3522,-0.8609,Y,carnivore,carnivore_vertebrate,100.0,10.0,90.0,0.0,N
Mustela eversmanii,Mustela_eversmanii,Carnivora,Mustelidae,975.55,2.9892,7.82,Y,4.99,39.022,0.04,0.6981,-1.3979,Y,carnivore,carnivore_vertebrate,100.0,0.0,100.0,0.0,N
Mustela frenata,Mustela_frenata,Carnivora,Mustelidae,170.315,2.2313,6.22,Y,3.09,19.22,0.1128,0.49,-0.9475,Y,carnivore,carnivore_vertebrate,100.0,0.0,100.0,0.0,N
Mustela itatsi,Mustela_itatsi,Carnivora,Mustelidae,530.85,2.725,6.48,N,NA,NA,NA,NA,NA,Y,carnivore,carnivore_vertebrate,70.0,30.0,40.0,30.0,N
Mustela lutreola,Mustela_lutreola,Carnivora,Mustelidae,566.44,2.7532,4.5,Y,7.4,33.3,0.0588,0.8692,-1.2307,Y,carnivore,carnivore_vertebrate,100.0,20.0,80.0,0.0,N
Mustela lutreolina,Mustela_lutreolina,Carnivora,Mustelidae,498.55,2.6977,6.48,N,NA,NA,NA,NA,NA,Y,carnivore,carnivore_vertebrate,100.0,0.0,100.0,0.0,N
Mustela nigripes,Mustela_nigripes,Carnivora,Mustelidae,907.1,2.9577,3.395,Y,7.39,25.089,0.0277,0.8686,-1.5582,Y,carnivore,carnivore_vertebrate,100.0,0.0,100.0,0.0,N
Mustela nivalis,Mustela_nivalis,Carnivora,Mustelidae,49.75,1.6968,5.085,Y,2.0,10.17,0.2044,0.301,-0.6895,Y,carnivore,carnivore_vertebrate,100.0,0.0,100.0,0.0,N
Mustela nudipes,Mustela_nudipes,Carnivora,Mustelidae,569.42,2.7554,4.0,Y,NA,NA,NA,NA,NA,Y,carnivore,carnivore_vertebrate,100.0,0.0,100.0,0.0,N
Mustela putorius,Mustela_putorius,Carnivora,Mustelidae,809.0,2.9079,7.68,Y,9.5,72.96,0.0902,0.9777,-1.0449,Y,carnivore,carnivore_vertebrate,100.0,10.0,90.0,0.0,N
Mustela russelliana,Mustela_russelliana,Carnivora,Mustelidae,49.75,1.6968,5.085,N,NA,NA,NA,NA,NA,Y,carnivore,carnivore_unknown,NA,NA,NA,NA,NA
Mustela sibirica,Mustela_sibirica,Carnivora,Mustelidae,530.85,2.725,6.48,Y,NA,NA,NA,NA,NA,Y,carnivore,carnivore_vertebrate,100.0,0.0,100.0,0.0,N
Mustela subpalmata,Mustela_subpalmata,Carnivora,Mustelidae,49.75,1.6968,5.085,N,NA,NA,NA,NA,NA,Y,carnivore,carnivore_vertebrate,100.0,30.0,70.0,0.0,N
Mustela tonkinensis,Mustela_tonkinensis,Carnivora,Mustelidae,49.75,1.6968,5.085,N,NA,NA,NA,NA,NA,Y,carnivore,carnivore_unknown,NA,NA,NA,NA,NA
Neovison vison,Neovison_vison,Carnivora,Mustelidae,899.75,2.9541,4.76,N,NA,NA,NA,NA,NA,Y,carnivore,carnivore_vertebrate,100.0,10.0,90.0,0.0,N
Poecilogale albinucha,Poecilogale_albinucha,Carnivora,Mustelidae,282.83,2.4515,2.215,Y,4.0,8.86,0.0313,0.6021,-1.5041,Y,carnivore,carnivore_vertebrate,100.0,10.0,90.0,0.0,N
Pteronura brasiliensis,Pteronura_brasiliensis,Carnivora,Mustelidae,24000.0,4.3802,1.94,Y,204.25,396.245,0.0165,2.3102,-1.7822,Y,carnivore,carnivore_vertebrate,100.0,40.0,60.0,0.0,N
Taxidea taxus,Taxidea_taxus,Carnivora,Mustelidae,8000.0,3.9031,3.0,Y,93.49,280.47,0.0351,1.9708,-1.4552,Y,carnivore,carnivore_vertebrate,100.0,10.0,90.0,0.0,N
Vormela peregusna,Vormela_peregusna,Carnivora,Mustelidae,542.5,2.7344,5.76,Y,NA,NA,NA,NA,NA,Y,carnivore,carnivore_vertebrate,100.0,0.0,100.0,0.0,N
Nandinia binotata,Nandinia_binotata,Carnivora,Nandiniidae,2167.2,3.3359,2.0,Y,56.0,112.0,0.0517,1.7482,-1.2867,Y,omnivore,omnivore,20.0,10.0,10.0,80.0,N
Odobenus rosmarus,Odobenus_rosmarus,Carnivora,Odobenidae,846498.125,5.9276,1.18,Y,59090.9,69727.262,0.0824,4.7715,-1.0842,Y,omnivore,omnivore,100.0,80.0,20.0,0.0,N
Arctocephalus australis,Arctocephalus_australis,Carnivora,Otariidae,67979.43,4.8324,1.0,Y,4449.71,4449.71,0.0655,3.6483,-1.184,Y,omnivore,omnivore,100.0,40.0,60.0,0.0,N
Arctocephalus forsteri,Arctocephalus_forsteri,Carnivora,Otariidae,67979.43,4.8324,1.0,Y,3700.0,3700.0,0.0544,3.5682,-1.2642,Y,omnivore,omnivore,100.0,70.0,30.0,0.0,N
Arctocephalus galapagoensis,Arctocephalus_galapagoensis,Carnivora,Otariidae,45000.0,4.6532,1.0,Y,3499.99,3499.99,0.0778,3.5441,-1.1091,Y,omnivore,omnivore,100.0,50.0,50.0,0.0,N
Arctocephalus gazella,Arctocephalus_gazella,Carnivora,Otariidae,67979.43,4.8324,1.0,Y,5794.63,5794.63,0.0852,3.763,-1.0694,Y,carnivore,carnivore_invertebrate,100.0,80.0,20.0,0.0,N
Arctocephalus philippii,Arctocephalus_philippii,Carnivora,Otariidae,94999.99,4.9777,1.0,Y,NA,NA,NA,NA,NA,Y,omnivore,omnivore,100.0,50.0,50.0,0.0,N
Arctocephalus pusillus,Arctocephalus_pusillus,Carnivora,Otariidae,127551.0,5.1057,1.0,Y,5750.0,5750.0,0.0451,3.7597,-1.346,Y,carnivore,carnivore_vertebrate,100.0,30.0,70.0,0.0,N
Arctocephalus townsendi,Arctocephalus_townsendi,Carnivora,Otariidae,101063.71,5.0046,1.0,Y,NA,NA,NA,NA,NA,Y,carnivore,carnivore_vertebrate,100.0,30.0,70.0,0.0,N
Arctocephalus tropicalis,Arctocephalus_tropicalis,Carnivora,Otariidae,71111.275,4.8519,1.2,Y,4347.41,5216.892,0.0734,3.6382,-1.1345,Y,omnivore,omnivore,100.0,60.0,40.0,0.0,N
Callorhinus ursinus,Callorhinus_ursinus,Carnivora,Otariidae,55464.82,4.744,1.0,Y,5354.8,5354.8,0.0965,3.7287,-1.0153,Y,omnivore,omnivore,100.0,40.0,60.0,0.0,N
Eumetopias jubatus,Eumetopias_jubatus,Carnivora,Otariidae,382466.74,5.5826,1.0,Y,18250.0,18250.0,0.0477,4.2613,-1.3213,Y,omnivore,omnivore,100.0,0.0,100.0,0.0,N
Neophoca cinerea,Neophoca_cinerea,Carnivora,Otariidae,189274.99,5.2771,1.0,Y,7147.62,7147.62,0.0378,3.8542,-1.4229,Y,omnivore,omnivore,100.0,0.0,100.0,0.0,N
Otaria byronia,Otaria_byronia,Carnivora,Otariidae,193670.53,5.2871,1.0,Y,12819.99,12819.99,0.0662,4.1079,-1.1792,Y,omnivore,omnivore,100.0,40.0,60.0,0.0,Y
Phocarctos hookeri,Phocarctos_hookeri,Carnivora,Otariidae,273499.99,5.437,1.0,Y,NA,NA,NA,NA,NA,Y,omnivore,omnivore,100.0,40.0,60.0,0.0,Y
Zalophus californianus,Zalophus_californianus,Carnivora,Otariidae,158597.43,5.2003,1.1,Y,6347.89,6982.679,0.044,3.8026,-1.3563,Y,omnivore,omnivore,100.0,40.0,60.0,0.0,Y
Cystophora cristata,Cystophora_cristata,Carnivora,Phocidae,245448.405,5.39,1.0,Y,21992.7,21992.7,0.0896,4.3423,-1.0477,Y,omnivore,omnivore,100.0,20.0,80.0,0.0,N
Erignathus barbatus,Erignathus_barbatus,Carnivora,Phocidae,283333.33,5.4523,1.0,Y,34536.93,34536.93,0.1219,4.5383,-0.914,Y,omnivore,omnivore,100.0,60.0,40.0,0.0,N
Halichoerus grypus,Halichoerus_grypus,Carnivora,Phocidae,197570.01,5.2957,1.0,Y,13995.35,13995.35,0.0708,4.146,-1.1497,Y,carnivore,carnivore_vertebrate,100.0,20.0,80.0,0.0,N
Histriophoca fasciata,Histriophoca_fasciata,Carnivora,Phocidae,68250.0,4.8341,1.0,Y,10245.25,10245.25,0.1501,4.0105,-0.8236,Y,omnivore,omnivore,100.0,60.0,40.0,0.0,N
Hydrurga leptonyx,Hydrurga_leptonyx,Carnivora,Phocidae,375671.075,5.5748,0.98,Y,29999.99,29399.99,0.0783,4.4771,-1.1065,Y,omnivore,omnivore,100.0,80.0,20.0,0.0,N
Leptonychotes weddellii,Leptonychotes_weddellii,Carnivora,Phocidae,410833.335,5.6137,1.0,Y,27395.84,27395.84,0.0667,4.4377,-1.176,Y,omnivore,omnivore,100.0,40.0,60.0,0.0,N
Lobodon carcinophaga,Lobodon_carcinophaga,Carnivora,Phocidae,238333.33,5.3772,1.0,Y,20000.0,20000.0,0.0839,4.301,-1.0762,Y,carnivore,carnivore_invertebrate,100.0,100.0,0.0,0.0,N
Mirounga angustirostris,Mirounga_angustirostris,Carnivora,Phocidae,914528.74,5.9612,1.0,Y,34381.77,34381.77,0.0376,4.5363,-1.4249,Y,omnivore,omnivore,100.0,60.0,40.0,0.0,N
Mirounga leonina,Mirounga_leonina,Carnivora,Phocidae,1400000.0,6.1461,1.0,Y,39392.97,39392.97,0.0281,4.5954,-1.5507,Y,carnivore,carnivore_invertebrate,100.0,60.0,40.0,0.0,N
Monachus monachus,Monachus_monachus,Carnivora,Phocidae,284940.665,5.4548,1.0,Y,20000.0,20000.0,0.0702,4.301,-1.1537,Y,omnivore,omnivore,100.0,20.0,80.0,0.0,N
Neomonachus schauinslandi,Neomonachus_schauinslandi,Carnivora,Phocidae,197758.36,5.2961,1.0,Y,16250.0,16250.0,0.0822,4.2109,-1.0853,Y,omnivore,omnivore,100.0,30.0,70.0,0.0,Y
Neomonachus tropicalis,Neomonachus_tropicalis,Carnivora,Phocidae,197758.36,5.2961,1.0,Y,NA,NA,NA,NA,NA,Y,carnivore,carnivore_vertebrate,100.0,40.0,60.0,0.0,N
Ommatophoca rossii,Ommatophoca_rossii,Carnivora,Phocidae,197959.395,5.2966,0.98,Y,17000.0,16660.0,0.0842,4.2304,-1.0749,Y,carnivore,carnivore_vertebrate,100.0,20.0,80.0,0.0,N
Pagophilus groenlandicus,Pagophilus_groenlandicus,Carnivora,Phocidae,141125.0,5.1496,1.0,Y,10048.2,10048.2,0.0712,4.0021,-1.1475,Y,omnivore,omnivore,100.0,40.0,60.0,0.0,N
Phoca largha,Phoca_largha,Carnivora,Phocidae,93097.92,4.9689,1.0,Y,7100.0,7100.0,0.0763,3.8513,-1.1177,Y,omnivore,omnivore,100.0,20.0,80.0,0.0,N
Phoca vitulina,Phoca_vitulina,Carnivora,Phocidae,94283.33,4.9744,1.0,Y,10213.75,10213.75,0.1083,4.0092,-0.9652,Y,carnivore,carnivore_vertebrate,100.0,20.0,80.0,0.0,N
Pusa caspica,Pusa_caspica,Carnivora,Phocidae,86658.33,4.9378,1.0,Y,4182.6,4182.6,0.0483,3.6214,-1.3164,Y,carnivore,carnivore_vertebrate,100.0,20.0,80.0,0.0,N
Pusa hispida,Pusa_hispida,Carnivora,Phocidae,88070.0,4.9448,1.0,Y,4500.0,4500.0,0.0511,3.6532,-1.2916,Y,omnivore,omnivore,100.0,20.0,80.0,0.0,N
Pusa sibirica,Pusa_sibirica,Carnivora,Phocidae,89499.99,4.9518,1.01,Y,3050.0,3080.5,0.0344,3.4843,-1.4632,Y,carnivore,carnivore_vertebrate,100.0,20.0,80.0,0.0,N
Prionodon linsang,Prionodon_linsang,Carnivora,Prionodontidae,691.415,2.8397,2.15,Y,40.0,86.0,0.1244,1.6021,-0.9052,Y,carnivore,carnivore_vertebrate,100.0,30.0,70.0,0.0,N
Prionodon pardicolor,Prionodon_pardicolor,Carnivora,Prionodontidae,2821.34,3.4505,2.0,Y,NA,NA,NA,NA,NA,Y,carnivore,carnivore_vertebrate,100.0,30.0,70.0,0.0,N
Bassaricyon alleni,Bassaricyon_alleni,Carnivora,Procyonidae,1236.88,3.0923,1.0,N,NA,NA,NA,NA,NA,Y,omnivore,omnivore,30.0,20.0,10.0,70.0,N
Bassaricyon gabbii,Bassaricyon_gabbii,Carnivora,Procyonidae,1214.167,3.0843,1.0,Y,54.99,54.99,0.0453,1.7403,-1.344,Y,omnivore,omnivore,30.0,20.0,10.0,70.0,N
Bassariscus astutus,Bassariscus_astutus,Carnivora,Procyonidae,1010.37,3.0045,3.0,Y,27.74,83.22,0.0824,1.4431,-1.0843,Y,omnivore,omnivore,30.0,20.0,10.0,70.0,N
Bassariscus sumichrasti,Bassariscus_sumichrasti,Carnivora,Procyonidae,906.0,2.9571,2.0,Y,NA,NA,NA,NA,NA,Y,omnivore,omnivore,30.0,20.0,10.0,70.0,N
Nasua narica,Nasua_narica,Carnivora,Procyonidae,3750.0,3.574,4.17,Y,140.0,583.8,0.1557,2.1461,-0.8078,Y,omnivore,omnivore,30.0,10.0,20.0,70.0,N
Nasua nasua,Nasua_nasua,Carnivora,Procyonidae,4000.0,3.6021,3.81,Y,144.91,552.107,0.138,2.1611,-0.86,Y,omnivore,omnivore,30.0,10.0,20.0,70.0,N
Potos flavus,Potos_flavus,Carnivora,Procyonidae,2420.905,3.384,1.0,Y,171.84,171.84,0.071,2.2351,-1.1489,Y,omnivore,omnivore,20.0,10.0,10.0,80.0,N
Procyon cancrivorus,Procyon_cancrivorus,Carnivora,Procyonidae,6270.0,3.7973,2.75,Y,70.0,192.5,0.0307,1.8451,-1.5128,Y,carnivore,carnivore_invertebrate,80.0,50.0,30.0,10.0,N
Procyon lotor,Procyon_lotor,Carnivora,Procyonidae,5075.0,3.7054,3.39,Y,82.46,279.539,0.0551,1.9162,-1.259,Y,omnivore,omnivore,60.0,40.0,20.0,20.0,N
Ailuropoda melanoleuca,Ailuropoda_melanoleuca,Carnivora,Ursidae,117500.0,5.07,1.54,Y,104.39,160.761,0.0014,2.0187,-2.8639,Y,herbivore,herbivore,10.0,0.0,10.0,0.0,N
Helarctos malayanus,Helarctos_malayanus,Carnivora,Ursidae,46000.0,4.6628,1.1,Y,324.99,357.489,0.0078,2.5119,-2.1095,Y,omnivore,omnivore,70.0,50.0,20.0,20.0,N
Melursus ursinus,Melursus_ursinus,Carnivora,Ursidae,99999.99,5.0,1.54,Y,NA,NA,NA,NA,NA,Y,omnivore,omnivore,70.0,70.0,0.0,10.0,N
Tremarctos ornatus,Tremarctos_ornatus,Carnivora,Ursidae,109250.0,5.0384,1.5,Y,320.0,480.0,0.0044,2.5051,-2.3572,Y,herbivore,herbivore,0.0,0.0,0.0,80.0,N
Ursus americanus,Ursus_americanus,Carnivora,Ursidae,132405.0,5.1219,2.465,Y,293.99,724.685,0.0055,2.4683,-2.2618,Y,omnivore,omnivore,20.0,0.0,20.0,50.0,N
Ursus arctos,Ursus_arctos,Carnivora,Ursidae,240500.0,5.3811,2.27,Y,499.99,1134.977,0.0047,2.699,-2.3261,Y,omnivore,omnivore,20.0,10.0,10.0,20.0,N
Ursus maritimus,Ursus_maritimus,Carnivora,Ursidae,371703.81,5.5702,1.66,Y,670.48,1112.997,0.003,2.8264,-2.5237,Y,omnivore,omnivore,100.0,0.0,100.0,0.0,N
Ursus thibetanus,Ursus_thibetanus,Carnivora,Ursidae,99714.19,4.9988,1.67,Y,357.5,597.025,0.006,2.5533,-2.2228,Y,herbivore,herbivore,30.0,10.0,10.0,40.0,N
Arctictis binturong,Arctictis_binturong,Carnivora,Viverridae,12999.99,4.1139,2.5,Y,317.35,793.375,0.061,2.5015,-1.2145,Y,omnivore,omnivore,50.0,0.0,40.0,30.0,N
Arctogalidia trivirgata,Arctogalidia_trivirgata,Carnivora,Viverridae,2250.0,3.3522,2.5,Y,NA,NA,NA,NA,NA,Y,omnivore,omnivore,80.0,20.0,60.0,20.0,N
Chrotogale owstoni,Chrotogale_owstoni,Carnivora,Viverridae,3258.855,3.5131,2.0,N,NA,NA,NA,NA,NA,Y,omnivore,omnivore,80.0,70.0,10.0,20.0,N
Civettictis civetta,Civettictis_civetta,Carnivora,Viverridae,13666.67,4.1357,2.31,Y,317.3,732.963,0.0536,2.5015,-1.2706,Y,omnivore,omnivore,60.0,10.0,40.0,20.0,N
Cynogale bennettii,Cynogale_bennettii,Carnivora,Viverridae,4123.285,3.6152,2.15,Y,NA,NA,NA,NA,NA,Y,omnivore,omnivore,80.0,30.0,50.0,20.0,N
Genetta cristata,Genetta_cristata,Carnivora,Viverridae,1519.535,3.1817,2.0,Y,NA,NA,NA,NA,NA,Y,omnivore,omnivore,100.0,30.0,70.0,0.0,N
Genetta genetta,Genetta_genetta,Carnivora,Viverridae,1866.67,3.2711,2.29,Y,77.75,178.048,0.0954,1.8907,-1.0205,Y,omnivore,omnivore,100.0,10.0,90.0,0.0,N
Genetta maculata,Genetta_maculata,Carnivora,Viverridae,2225.0,3.3473,2.3,Y,NA,NA,NA,NA,NA,Y,omnivore,omnivore,100.0,10.0,90.0,0.0,N
Genetta pardina,Genetta_pardina,Carnivora,Viverridae,1820.0,3.2601,2.355,N,NA,NA,NA,NA,NA,Y,omnivore,omnivore,90.0,20.0,70.0,10.0,N
Genetta piscivora,Genetta_piscivora,Carnivora,Viverridae,1648.05,3.217,0.96,Y,NA,NA,NA,NA,NA,Y,carnivore,carnivore_vertebrate,100.0,0.0,100.0,0.0,N
Genetta poensis,Genetta_poensis,Carnivora,Viverridae,1820.0,3.2601,2.355,N,NA,NA,NA,NA,NA,Y,carnivore,carnivore_vertebrate,90.0,20.0,70.0,10.0,N
Genetta servalina,Genetta_servalina,Carnivora,Viverridae,1175.84,3.0703,1.5,Y,NA,NA,NA,NA,NA,Y,omnivore,omnivore,100.0,10.0,90.0,0.0,N
Genetta tigrina,Genetta_tigrina,Carnivora,Viverridae,1760.0,3.2455,2.5,Y,85.5,213.75,0.1214,1.932,-0.9156,Y,omnivore,omnivore,100.0,10.0,90.0,0.0,N
Hemigalus derbyanus,Hemigalus_derbyanus,Carnivora,Viverridae,2375.0,3.3757,2.0,Y,125.0,250.0,0.1053,2.0969,-0.9777,Y,carnivore,carnivore_invertebrate,100.0,100.0,0.0,0.0,N
Paguma larvata,Paguma_larvata,Carnivora,Viverridae,4300.0,3.6335,2.3,Y,NA,NA,NA,NA,NA,Y,omnivore,omnivore,80.0,20.0,60.0,20.0,N
Paradoxurus hermaphroditus,Paradoxurus_hermaphroditus,Carnivora,Viverridae,3180.0,3.5024,3.29,Y,92.07,302.91,0.0953,1.9641,-1.0211,Y,omnivore,omnivore,60.0,20.0,40.0,20.0,N
Paradoxurus jerdoni,Paradoxurus_jerdoni,Carnivora,Viverridae,3530.33,3.5478,3.0,Y,NA,NA,NA,NA,NA,Y,herbivore,herbivore,60.0,20.0,40.0,20.0,N
Paradoxurus zeylonensis,Paradoxurus_zeylonensis,Carnivora,Viverridae,2600.65,3.4151,2.5,Y,NA,NA,NA,NA,NA,Y,omnivore,omnivore,60.0,20.0,40.0,20.0,N
Poiana leightoni,Poiana_leightoni,Carnivora,Viverridae,570.08,2.7559,2.23,N,NA,NA,NA,NA,NA,Y,omnivore,omnivore,80.0,40.0,40.0,0.0,N
Poiana richardsonii,Poiana_richardsonii,Carnivora,Viverridae,570.08,2.7559,2.23,Y,NA,NA,NA,NA,NA,Y,omnivore,omnivore,40.0,20.0,20.0,0.0,N
Viverra civettina,Viverra_civettina,Carnivora,Viverridae,12871.125,4.1096,2.31,N,NA,NA,NA,NA,NA,Y,omnivore,omnivore,80.0,10.0,70.0,10.0,N
Viverra tangalunga,Viverra_tangalunga,Carnivora,Viverridae,7349.99,3.8663,1.92,Y,NA,NA,NA,NA,NA,Y,omnivore,omnivore,80.0,10.0,70.0,10.0,N
Viverra zibetha,Viverra_zibetha,Carnivora,Viverridae,10000.0,4.0,2.89,Y,NA,NA,NA,NA,NA,Y,omnivore,omnivore,90.0,10.0,80.0,10.0,N
Viverricula indica,Viverricula_indica,Carnivora,Viverridae,2959.44,3.4712,3.81,Y,NA,NA,NA,NA,NA,Y,omnivore,omnivore,80.0,20.0,40.0,10.0,N
Antilocapra americana,Antilocapra_americana,Cetartiodactyla,Antilocapridae,45375.0,4.6568,1.89,Y,3454.7,6529.383,0.1439,3.5384,-0.8419,Y,herbivore,herbivore,0.0,0.0,0.0,0.0,N
Balaena mysticetus,Balaena_mysticetus,Cetartiodactyla,Balaenidae,80000000.0,7.9031,1.0,Y,NA,NA,NA,NA,NA,Y,carnivore,carnivore_invertebrate,100.0,100.0,0.0,0.0,N
Eubalaena australis,Eubalaena_australis,Cetartiodactyla,Balaenidae,23000000.0,7.3617,1.0,N,NA,NA,NA,NA,NA,Y,carnivore,carnivore_invertebrate,100.0,100.0,0.0,0.0,N
Eubalaena glacialis,Eubalaena_glacialis,Cetartiodactyla,Balaenidae,23000000.0,7.3617,1.0,Y,800000.0,800000.0,0.0348,5.9031,-1.4586,Y,carnivore,carnivore_invertebrate,100.0,100.0,0.0,0.0,N
Balaenoptera acutorostrata,Balaenoptera_acutorostrata,Cetartiodactyla,Balaenopteridae,7500000.0,6.8751,1.0,Y,NA,NA,NA,NA,NA,Y,carnivore,carnivore_invertebrate,100.0,70.0,30.0,0.0,N
Balaenoptera borealis,Balaenoptera_borealis,Cetartiodactyla,Balaenopteridae,20000000.0,7.301,1.01,Y,649999.99,656499.99,0.0328,5.8129,-1.4838,Y,carnivore,carnivore_invertebrate,100.0,60.0,40.0,0.0,N
Balaenoptera edeni,Balaenoptera_edeni,Cetartiodactyla,Balaenopteridae,20000000.0,7.301,1.0,Y,NA,NA,NA,NA,NA,Y,carnivore,carnivore_invertebrate,100.0,50.0,50.0,0.0,N
Balaenoptera musculus,Balaenoptera_musculus,Cetartiodactyla,Balaenopteridae,149000000.0,8.1732,1.0,Y,2738612.79,2738612.79,0.0184,6.4375,-1.7357,Y,carnivore,carnivore_invertebrate,100.0,100.0,0.0,0.0,N
Balaenoptera physalus,Balaenoptera_physalus,Cetartiodactyla,Balaenopteridae,38800000.0,7.5888,1.0,Y,1899999.99,1899999.99,0.049,6.2788,-1.3101,Y,carnivore,carnivore_invertebrate,100.0,70.0,30.0,0.0,N
Megaptera novaeangliae,Megaptera_novaeangliae,Cetartiodactyla,Balaenopteridae,30000000.0,7.4771,1.0,Y,1299999.99,1299999.99,0.0433,6.1139,-1.3632,Y,carnivore,carnivore_invertebrate,100.0,80.0,20.0,0.0,N
Addax nasomaculatus,Addax_nasomaculatus,Cetartiodactyla,Bovidae,94288.68,4.9745,1.0,Y,5633.76,5633.76,0.0598,3.7508,-1.2237,Y,herbivore,herbivore,0.0,0.0,0.0,0.0,N
Aepyceros melampus,Aepyceros_melampus,Cetartiodactyla,Bovidae,52500.0,4.7202,1.0,Y,5238.4,5238.4,0.0998,3.7192,-1.001,Y,herbivore,herbivore,0.0,0.0,0.0,0.0,N
Alcelaphus buselaphus,Alcelaphus_buselaphus,Cetartiodactyla,Bovidae,159938.92,5.204,0.997,Y,12500.0,12462.5,0.0779,4.0969,-1.1083,Y,herbivore,herbivore,0.0,0.0,0.0,0.0,N
Ammodorcas clarkei,Ammodorcas_clarkei,Cetartiodactyla,Bovidae,28274.905,4.4514,1.0,Y,NA,NA,NA,NA,NA,Y,herbivore,herbivore,0.0,0.0,0.0,0.0,N
Ammotragus lervia,Ammotragus_lervia,Cetartiodactyla,Bovidae,92500.0,4.9661,1.22,Y,4500.0,5490.0,0.0594,3.6532,-1.2266,Y,herbivore,herbivore,0.0,0.0,0.0,0.0,N
Antidorcas marsupialis,Antidorcas_marsupialis,Cetartiodactyla,Bovidae,33571.24,4.526,1.0,Y,3841.48,3841.48,0.1144,3.5845,-0.9415,Y,herbivore,herbivore,0.0,0.0,0.0,0.0,N
Antilope cervicapra,Antilope_cervicapra,Cetartiodactyla,Bovidae,37500.0,4.574,1.0,Y,3386.14,3386.14,0.0903,3.5297,-1.0443,Y,herbivore,herbivore,0.0,0.0,0.0,0.0,N
Arabitragus jayakari,Arabitragus_jayakari,Cetartiodactyla,Bovidae,22210.18,4.3466,1.0,Y,NA,NA,NA,NA,NA,Y,herbivore,herbivore,0.0,0.0,0.0,30.0,N
Beatragus hunteri,Beatragus_hunteri,Cetartiodactyla,Bovidae,119000.0,5.0755,1.0,Y,8350.0,8350.0,0.0702,3.9217,-1.1539,Y,herbivore,herbivore,0.0,0.0,0.0,0.0,N
Bison bison,Bison_bison,Cetartiodactyla,Bovidae,624577.07,5.7956,1.0,Y,20000.0,20000.0,0.032,4.301,-1.4946,Y,herbivore,herbivore,0.0,0.0,0.0,0.0,N
Bison bonasus,Bison_bonasus,Cetartiodactyla,Bovidae,624577.07,5.7956,1.0,Y,23358.61,23358.61,0.0374,4.3684,-1.4271,Y,herbivore,herbivore,0.0,0.0,0.0,0.0,N
Bos gaurus,Bos_gaurus,Cetartiodactyla,Bovidae,812571.525,5.9099,1.17,Y,22977.05,26883.148,0.0331,4.3613,-1.4804,Y,herbivore,herbivore,0.0,0.0,0.0,0.0,N
Bos javanicus,Bos_javanicus,Cetartiodactyla,Bovidae,683333.335,5.8346,1.22,Y,NA,NA,NA,NA,NA,Y,herbivore,herbivore,0.0,0.0,0.0,0.0,N
Bos mutus,Bos_mutus,Cetartiodactyla,Bovidae,583500.0,5.766,1.0,Y,NA,NA,NA,NA,NA,Y,herbivore,herbivore,0.0,0.0,0.0,0.0,N
Bos primigenius,Bos_primigenius,Cetartiodactyla,Bovidae,618642.42,5.7914,1.0,N,NA,NA,NA,NA,NA,Y,herbivore,herbivore,0.0,0.0,0.0,0.0,N
Bos sauveli,Bos_sauveli,Cetartiodactyla,Bovidae,795660.88,5.9007,1.0,N,NA,NA,NA,NA,NA,Y,herbivore,herbivore,0.0,0.0,0.0,0.0,N
Boselaphus tragocamelus,Boselaphus_tragocamelus,Cetartiodactyla,Bovidae,180000.0,5.2553,1.5,Y,5875.0,8812.5,0.049,3.769,-1.3102,Y,herbivore,herbivore,0.0,0.0,0.0,20.0,N
Bubalus arnee,Bubalus_arnee,Cetartiodactyla,Bovidae,827250.485,5.9176,1.375,Y,NA,NA,NA,NA,NA,Y,herbivore,herbivore,0.0,0.0,0.0,0.0,N
Bubalus depressicornis,Bubalus_depressicornis,Cetartiodactyla,Bovidae,205994.635,5.3139,1.0,Y,NA,NA,NA,NA,NA,Y,herbivore,herbivore,0.0,0.0,0.0,20.0,N
Bubalus mindorensis,Bubalus_mindorensis,Cetartiodactyla,Bovidae,243861.535,5.3871,1.0,Y,NA,NA,NA,NA,NA,Y,herbivore,herbivore,0.0,0.0,0.0,0.0,N
Bubalus quarlesi,Bubalus_quarlesi,Cetartiodactyla,Bovidae,165859.43,5.2197,1.0,Y,NA,NA,NA,NA,NA,Y,herbivore,herbivore,0.0,0.0,0.0,0.0,N
Budorcas taxicolor,Budorcas_taxicolor,Cetartiodactyla,Bovidae,294515.33,5.4691,1.17,Y,NA,NA,NA,NA,NA,Y,herbivore,herbivore,0.0,0.0,0.0,0.0,N
Capra aegagrus,Capra_aegagrus,Cetartiodactyla,Bovidae,60500.0,4.7818,1.5,Y,2136.11,3204.165,0.053,3.3296,-1.276,Y,herbivore,herbivore,0.0,0.0,0.0,0.0,N
Capra caucasica,Capra_caucasica,Cetartiodactyla,Bovidae,69546.83,4.8423,1.1,Y,NA,NA,NA,NA,NA,Y,herbivore,herbivore,0.0,0.0,0.0,0.0,N
Capra cylindricornis,Capra_cylindricornis,Cetartiodactyla,Bovidae,50000.0,4.699,1.2,N,NA,NA,NA,NA,NA,Y,herbivore,herbivore,NA,NA,NA,NA,NA
Capra falconeri,Capra_falconeri,Cetartiodactyla,Bovidae,41000.0,4.6128,2.0,Y,NA,NA,NA,NA,NA,Y,herbivore,herbivore,0.0,0.0,0.0,0.0,N
Capra ibex,Capra_ibex,Cetartiodactyla,Bovidae,77000.0,4.8865,1.18,Y,2779.07,3279.303,0.0426,3.4439,-1.3707,Y,herbivore,herbivore,0.0,0.0,0.0,0.0,N
Capra nubiana,Capra_nubiana,Cetartiodactyla,Bovidae,70523.415,4.8483,1.11,Y,NA,NA,NA,NA,NA,Y,herbivore,herbivore,0.0,0.0,0.0,0.0,N
Capra pyrenaica,Capra_pyrenaica,Cetartiodactyla,Bovidae,60898.77,4.7846,1.5,Y,NA,NA,NA,NA,NA,Y,herbivore,herbivore,0.0,0.0,0.0,0.0,N
Capra sibirica,Capra_sibirica,Cetartiodactyla,Bovidae,82500.0,4.9165,1.18,N,3640.0,4295.2,0.0521,3.5611,-1.2835,Y,herbivore,herbivore,0.0,0.0,0.0,0.0,N
Capra walie,Capra_walie,Cetartiodactyla,Bovidae,80000.0,4.9031,1.1,Y,NA,NA,NA,NA,NA,Y,herbivore,herbivore,0.0,0.0,0.0,0.0,N
Capricornis crispus,Capricornis_crispus,Cetartiodactyla,Bovidae,43030.64,4.6338,1.0,Y,3499.99,3499.99,0.0813,3.5441,-1.0897,Y,herbivore,herbivore,0.0,0.0,0.0,0.0,N
Capricornis rubidus,Capricornis_rubidus,Cetartiodactyla,Bovidae,95000.0,4.9777,1.0,N,NA,NA,NA,NA,NA,Y,herbivore,herbivore,0.0,0.0,0.0,0.0,Y
Capricornis sumatraensis,Capricornis_sumatraensis,Cetartiodactyla,Bovidae,95000.0,4.9777,1.0,Y,4100.0,4100.0,0.0432,3.6128,-1.3649,Y,herbivore,herbivore,0.0,0.0,0.0,0.0,N
Capricornis swinhoei,Capricornis_swinhoei,Cetartiodactyla,Bovidae,43030.64,4.6338,1.0,N,NA,NA,NA,NA,NA,Y,herbivore,herbivore,0.0,0.0,0.0,0.0,N
Cephalophus adersi,Cephalophus_adersi,Cetartiodactyla,Bovidae,10000.0,4.0,1.0,Y,NA,NA,NA,NA,NA,Y,herbivore,herbivore,10.0,0.0,10.0,30.0,N
Cephalophus dorsalis,Cephalophus_dorsalis,Cetartiodactyla,Bovidae,11600.0,4.0645,1.0,Y,1611.37,1611.37,0.1389,3.2072,-0.8573,Y,omnivore,omnivore,10.0,0.0,10.0,30.0,N
Cephalophus harveyi,Cephalophus_harveyi,Cetartiodactyla,Bovidae,14500.1,4.1614,1.0,N,NA,NA,NA,NA,NA,Y,omnivore,omnivore,NA,NA,NA,NA,NA
Cephalophus jentinki,Cephalophus_jentinki,Cetartiodactyla,Bovidae,69244.92,4.8404,1.0,Y,4581.46,4581.46,0.0662,3.661,-1.1794,Y,omnivore,omnivore,10.0,0.0,10.0,30.0,N
Cephalophus leucogaster,Cephalophus_leucogaster,Cetartiodactyla,Bovidae,12954.345,4.1124,1.0,Y,NA,NA,NA,NA,NA,Y,omnivore,omnivore,10.0,0.0,10.0,30.0,N
Cephalophus natalensis,Cephalophus_natalensis,Cetartiodactyla,Bovidae,10000.0,4.0,1.0,Y,954.89,954.89,0.0955,2.98,-1.02,Y,omnivore,omnivore,10.0,0.0,10.0,30.0,N
Cephalophus niger,Cephalophus_niger,Cetartiodactyla,Bovidae,18100.0,4.2577,1.0,Y,1940.0,1940.0,0.1072,3.2878,-0.9699,Y,omnivore,omnivore,10.0,0.0,10.0,30.0,N
Cephalophus ogilbyi,Cephalophus_ogilbyi,Cetartiodactyla,Bovidae,19193.21,4.2831,1.0,Y,NA,NA,NA,NA,NA,Y,omnivore,omnivore,10.0,0.0,10.0,30.0,N
Cephalophus rufilatus,Cephalophus_rufilatus,Cetartiodactyla,Bovidae,12500.0,4.0969,1.0,Y,975.1,975.1,0.078,2.989,-1.1079,Y,omnivore,omnivore,10.0,0.0,10.0,30.0,N
Cephalophus silvicultor,Cephalophus_silvicultor,Cetartiodactyla,Bovidae,62006.6,4.7924,1.0,Y,4400.72,4400.72,0.071,3.6435,-1.1489,Y,omnivore,omnivore,10.0,0.0,10.0,30.0,N
Cephalophus weynsi,Cephalophus_weynsi,Cetartiodactyla,Bovidae,10000.0,4.0,1.0,N,NA,NA,NA,NA,NA,Y,omnivore,omnivore,10.0,0.0,10.0,30.0,N
Cephalophus zebra,Cephalophus_zebra,Cetartiodactyla,Bovidae,15654.75,4.1946,1.0,Y,1704.99,1704.99,0.1089,3.2317,-0.9629,Y,omnivore,omnivore,10.0,0.0,10.0,30.0,N
Connochaetes gnou,Connochaetes_gnou,Cetartiodactyla,Bovidae,132250.0,5.1214,1.0,Y,10941.45,10941.45,0.0827,4.0391,-1.0823,Y,herbivore,herbivore,0.0,0.0,0.0,0.0,N
Connochaetes taurinus,Connochaetes_taurinus,Cetartiodactyla,Bovidae,180500.0,5.2565,1.0,Y,18044.36,18044.36,0.1,4.2563,-1.0001,Y,herbivore,herbivore,0.0,0.0,0.0,0.0,N
Damaliscus lunatus,Damaliscus_lunatus,Cetartiodactyla,Bovidae,118798.717,5.0748,1.0,Y,11000.0,11000.0,0.0926,4.0414,-1.0334,Y,herbivore,herbivore,0.0,0.0,0.0,0.0,N
Damaliscus pygargus,Damaliscus_pygargus,Cetartiodactyla,Bovidae,84500.0,4.9269,1.25,Y,6873.81,8592.262,0.1017,3.8372,-0.9927,Y,herbivore,herbivore,0.0,0.0,0.0,0.0,N
Dorcatragus megalotis,Dorcatragus_megalotis,Cetartiodactyla,Bovidae,10918.12,4.0381,1.0,Y,NA,NA,NA,NA,NA,Y,herbivore,herbivore,0.0,0.0,0.0,0.0,N
Eudorcas albonotata,Eudorcas_albonotata,Cetartiodactyla,Bovidae,25000.0,4.3979,1.0,N,NA,NA,NA,NA,NA,Y,herbivore,herbivore,NA,NA,NA,NA,NA
Eudorcas rufifrons,Eudorcas_rufifrons,Cetartiodactyla,Bovidae,26000.0,4.415,1.0,Y,NA,NA,NA,NA,NA,Y,herbivore,herbivore,0.0,0.0,0.0,0.0,N
Eudorcas thomsonii,Eudorcas_thomsonii,Cetartiodactyla,Bovidae,23197.67,4.3654,1.0,Y,2500.0,2500.0,0.1078,3.3979,-0.9675,Y,herbivore,herbivore,0.0,0.0,0.0,0.0,N
Gazella bennettii,Gazella_bennettii,Cetartiodactyla,Bovidae,22278.415,4.3479,1.22,N,NA,NA,NA,NA,NA,Y,herbivore,herbivore,0.0,0.0,0.0,0.0,Y
Gazella cuvieri,Gazella_cuvieri,Cetartiodactyla,Bovidae,20348.835,4.3085,1.23,N,NA,NA,NA,NA,NA,Y,herbivore,herbivore,0.0,0.0,0.0,0.0,N
Gazella dorcas,Gazella_dorcas,Cetartiodactyla,Bovidae,47386.47,4.6757,1.22,Y,1573.21,1919.316,0.0405,3.1968,-1.3925,Y,herbivore,herbivore,0.0,0.0,0.0,20.0,N
Gazella gazella,Gazella_gazella,Cetartiodactyla,Bovidae,35318.235,4.548,1.475,Y,2124.99,3134.36,0.0887,3.3274,-1.0519,Y,herbivore,herbivore,0.0,0.0,0.0,0.0,N
Gazella leptoceros,Gazella_leptoceros,Cetartiodactyla,Bovidae,24645.75,4.3917,1.0,Y,4615.3,4615.3,0.1873,3.6642,-0.7275,Y,herbivore,herbivore,0.0,0.0,0.0,0.0,N
Gazella marica,Gazella_marica,Cetartiodactyla,Bovidae,20200.0,4.3054,1.39,N,NA,NA,NA,NA,NA,Y,herbivore,herbivore,NA,NA,NA,NA,NA
Gazella saudiya,Gazella_saudiya,Cetartiodactyla,Bovidae,32185.735,4.5077,1.22,N,NA,NA,NA,NA,NA,Y,herbivore,herbivore,0.0,0.0,0.0,0.0,Y
Gazella spekei,Gazella_spekei,Cetartiodactyla,Bovidae,20000.0,4.301,1.0,Y,1250.0,1250.0,0.0625,3.0969,-1.2041,Y,herbivore,herbivore,0.0,0.0,0.0,0.0,N
Gazella subgutturosa,Gazella_subgutturosa,Cetartiodactyla,Bovidae,37740.685,4.5768,1.39,Y,2317.85,3221.812,0.0854,3.3651,-1.0687,Y,herbivore,herbivore,0.0,0.0,0.0,0.0,N
Hemitragus jemlahicus,Hemitragus_jemlahicus,Cetartiodactyla,Bovidae,35200.0,4.5465,1.005,Y,2700.0,2713.5,0.0771,3.4314,-1.113,Y,herbivore,herbivore,0.0,0.0,0.0,0.0,N
Hippotragus equinus,Hippotragus_equinus,Cetartiodactyla,Bovidae,233500.0,5.3683,1.0,Y,16412.18,16412.18,0.0703,4.2152,-1.1531,Y,herbivore,herbivore,0.0,0.0,0.0,0.0,N
Hippotragus leucophaeus,Hippotragus_leucophaeus,Cetartiodactyla,Bovidae,225000.0,5.3522,1.0,N,NA,NA,NA,NA,NA,Y,herbivore,herbivore,0.0,0.0,0.0,0.0,Y
Hippotragus niger,Hippotragus_niger,Cetartiodactyla,Bovidae,225000.0,5.3522,1.0,Y,16412.18,16412.18,0.0729,4.2152,-1.137,Y,herbivore,herbivore,0.0,0.0,0.0,0.0,N
Kobus ellipsiprymnus,Kobus_ellipsiprymnus,Cetartiodactyla,Bovidae,175333.0,5.2439,1.05,Y,12000.0,12600.0,0.0719,4.0792,-1.1435,Y,herbivore,herbivore,0.0,0.0,0.0,0.0,N
Kobus kob,Kobus_kob,Cetartiodactyla,Bovidae,92517.605,4.9662,1.0,Y,5376.23,5376.23,0.0581,3.7305,-1.2357,Y,herbivore,herbivore,0.0,0.0,0.0,0.0,N
Kobus leche,Kobus_leche,Cetartiodactyla,Bovidae,91722.52,4.9625,1.0,Y,5100.0,5100.0,0.0556,3.7076,-1.2549,Y,herbivore,herbivore,0.0,0.0,0.0,0.0,N
Kobus megaceros,Kobus_megaceros,Cetartiodactyla,Bovidae,87902.965,4.944,1.0,N,NA,NA,NA,NA,NA,Y,herbivore,herbivore,0.0,0.0,0.0,0.0,N
Kobus vardonii,Kobus_vardonii,Cetartiodactyla,Bovidae,75748.965,4.8794,1.0,Y,5798.07,5798.07,0.0765,3.7633,-1.1161,Y,herbivore,herbivore,0.0,0.0,0.0,0.0,N
Litocranius walleri,Litocranius_walleri,Cetartiodactyla,Bovidae,41333.33,4.6163,1.0,Y,NA,NA,NA,NA,NA,Y,herbivore,herbivore,0.0,0.0,0.0,0.0,N
Madoqua guentheri,Madoqua_guentheri,Cetartiodactyla,Bovidae,4550.0,3.658,1.0,Y,684.0,684.0,0.1503,2.8351,-0.823,Y,herbivore,herbivore,0.0,0.0,0.0,0.0,N
Madoqua kirkii,Madoqua_kirkii,Cetartiodactyla,Bovidae,4833.4,3.6843,1.0,Y,625.82,625.82,0.1295,2.7964,-0.8878,Y,herbivore,herbivore,0.0,0.0,0.0,0.0,N
Madoqua piacentinii,Madoqua_piacentinii,Cetartiodactyla,Bovidae,3250.0,3.5119,1.0,Y,NA,NA,NA,NA,NA,Y,herbivore,herbivore,0.0,0.0,0.0,0.0,N
Madoqua saltiana,Madoqua_saltiana,Cetartiodactyla,Bovidae,3337.235,3.5234,1.0,Y,672.79,672.79,0.2016,2.8279,-0.6955,Y,herbivore,herbivore,0.0,0.0,0.0,0.0,N
Naemorhedus baileyi,Naemorhedus_baileyi,Cetartiodactyla,Bovidae,28829.98,4.4598,1.0,Y,NA,NA,NA,NA,NA,Y,herbivore,herbivore,0.0,0.0,0.0,0.0,N
Naemorhedus caudatus,Naemorhedus_caudatus,Cetartiodactyla,Bovidae,27666.67,4.442,1.0,N,NA,NA,NA,NA,NA,Y,herbivore,herbivore,0.0,0.0,0.0,0.0,N
Naemorhedus goral,Naemorhedus_goral,Cetartiodactyla,Bovidae,28231.59,4.4507,1.0,Y,2000.0,2000.0,0.0708,3.301,-1.1497,Y,herbivore,herbivore,0.0,0.0,0.0,0.0,N
Nanger dama,Nanger_dama,Cetartiodactyla,Bovidae,73000.0,4.8633,1.0,Y,NA,NA,NA,NA,NA,Y,herbivore,herbivore,0.0,0.0,0.0,0.0,N
Nanger granti,Nanger_granti,Cetartiodactyla,Bovidae,61232.23,4.787,1.0,Y,5215.17,5215.17,0.0852,3.7173,-1.0697,Y,herbivore,herbivore,0.0,0.0,0.0,0.0,N
Nanger soemmerringii,Nanger_soemmerringii,Cetartiodactyla,Bovidae,41582.93,4.6189,1.0,Y,NA,NA,NA,NA,NA,Y,herbivore,herbivore,0.0,0.0,0.0,0.0,Y
Neotragus batesi,Neotragus_batesi,Cetartiodactyla,Bovidae,2733.725,3.4368,1.0,Y,499.99,499.99,0.1829,2.699,-0.7378,Y,herbivore,herbivore,0.0,0.0,0.0,20.0,N
Neotragus pygmaeus,Neotragus_pygmaeus,Cetartiodactyla,Bovidae,4200.0,3.6232,1.0,Y,NA,NA,NA,NA,NA,Y,herbivore,herbivore,0.0,0.0,0.0,20.0,N
Nesotragus moschatus,Nesotragus_moschatus,Cetartiodactyla,Bovidae,6500.0,3.8129,1.0,Y,NA,NA,NA,NA,NA,Y,herbivore,herbivore,0.0,0.0,0.0,20.0,N
Nilgiritragus hylocrius,Nilgiritragus_hylocrius,Cetartiodactyla,Bovidae,74593.205,4.8727,1.3,Y,NA,NA,NA,NA,NA,Y,herbivore,herbivore,0.0,0.0,0.0,0.0,N
Oreamnos americanus,Oreamnos_americanus,Cetartiodactyla,Bovidae,77227.7,4.8878,1.32,Y,3080.81,4066.669,0.0527,3.4887,-1.2785,Y,herbivore,herbivore,0.0,0.0,0.0,0.0,N
Oreotragus oreotragus,Oreotragus_oreotragus,Cetartiodactyla,Bovidae,13000.0,4.1139,1.0,Y,1130.0,1130.0,0.0869,3.0531,-1.0609,Y,herbivore,herbivore,0.0,0.0,0.0,0.0,N
Oryx beisa,Oryx_beisa,Cetartiodactyla,Bovidae,103750.0,5.016,1.0,N,NA,NA,NA,NA,NA,Y,herbivore,herbivore,0.0,0.0,0.0,0.0,N
Oryx dammah,Oryx_dammah,Cetartiodactyla,Bovidae,177500.0,5.2492,1.0,Y,9706.02,9706.02,0.0547,3.987,-1.2622,Y,herbivore,herbivore,0.0,0.0,0.0,0.0,N
Oryx gazella,Oryx_gazella,Cetartiodactyla,Bovidae,37500.0,4.574,1.0,Y,12055.49,12055.49,0.3215,4.0812,-0.4928,Y,herbivore,herbivore,0.0,0.0,0.0,0.0,N
Oryx leucoryx,Oryx_leucoryx,Cetartiodactyla,Bovidae,121350.0,5.084,1.0,Y,NA,NA,NA,NA,NA,Y,herbivore,herbivore,0.0,0.0,0.0,0.0,N
Ourebia ourebi,Ourebia_ourebi,Cetartiodactyla,Bovidae,17186.09,4.2352,1.0,Y,2196.14,2196.14,0.1278,3.3417,-0.8935,Y,herbivore,herbivore,0.0,0.0,0.0,0.0,N
Ovibos moschatus,Ovibos_moschatus,Cetartiodactyla,Bovidae,312500.0,5.4949,1.01,Y,10444.11,10548.551,0.0338,4.0189,-1.4717,Y,herbivore,herbivore,0.0,0.0,0.0,10.0,N
Ovis ammon,Ovis_ammon,Cetartiodactyla,Bovidae,160000.0,5.2041,1.2,Y,3232.64,3879.168,0.0242,3.5096,-1.6154,Y,herbivore,herbivore,0.0,0.0,0.0,0.0,N
Ovis canadensis,Ovis_canadensis,Cetartiodactyla,Bovidae,69125.0,4.8396,1.03,Y,4115.85,4239.326,0.0613,3.6145,-1.2123,Y,herbivore,herbivore,0.0,0.0,0.0,0.0,N
Ovis dalli,Ovis_dalli,Cetartiodactyla,Bovidae,70194.13,4.8463,1.06,Y,3499.99,3709.989,0.0529,3.5441,-1.2769,Y,herbivore,herbivore,0.0,0.0,0.0,0.0,N
Ovis nivicola,Ovis_nivicola,Cetartiodactyla,Bovidae,69125.0,4.8396,1.0,Y,NA,NA,NA,NA,NA,Y,herbivore,herbivore,0.0,0.0,0.0,0.0,N
Pantholops hodgsonii,Pantholops_hodgsonii,Cetartiodactyla,Bovidae,30116.56,4.4788,1.0,Y,NA,NA,NA,NA,NA,Y,herbivore,herbivore,0.0,0.0,0.0,0.0,N
Pelea capreolus,Pelea_capreolus,Cetartiodactyla,Bovidae,23865.665,4.3778,1.0,Y,NA,NA,NA,NA,NA,Y,herbivore,herbivore,0.0,0.0,0.0,0.0,N
Philantomba maxwellii,Philantomba_maxwellii,Cetartiodactyla,Bovidae,6250.0,3.7959,1.0,Y,827.49,827.49,0.1324,2.9178,-0.8781,Y,omnivore,omnivore,10.0,0.0,10.0,30.0,N
Philantomba monticola,Philantomba_monticola,Cetartiodactyla,Bovidae,4896.05,3.6898,1.0,Y,709.41,709.41,0.1449,2.8509,-0.8389,Y,omnivore,omnivore,10.0,0.0,10.0,70.0,N
Procapra gutturosa,Procapra_gutturosa,Cetartiodactyla,Bovidae,28274.27,4.4514,1.33,Y,2900.0,3857.0,0.1364,3.4624,-0.8651,Y,herbivore,herbivore,0.0,0.0,0.0,0.0,N
Procapra picticaudata,Procapra_picticaudata,Cetartiodactyla,Bovidae,23197.67,4.3654,1.0,Y,NA,NA,NA,NA,NA,Y,herbivore,herbivore,0.0,0.0,0.0,0.0,N
Procapra przewalskii,Procapra_przewalskii,Cetartiodactyla,Bovidae,25348.83,4.404,1.0,N,NA,NA,NA,NA,NA,Y,herbivore,herbivore,0.0,0.0,0.0,0.0,N
Pseudois nayaur,Pseudois_nayaur,Cetartiodactyla,Bovidae,50917.595,4.7069,1.5,Y,NA,NA,NA,NA,NA,Y,herbivore,herbivore,0.0,0.0,0.0,0.0,N
Raphicerus campestris,Raphicerus_campestris,Cetartiodactyla,Bovidae,11333.33,4.0544,1.0,Y,916.51,916.51,0.0809,2.9621,-1.0922,Y,herbivore,herbivore,0.0,0.0,0.0,10.0,N
Raphicerus sharpei,Raphicerus_sharpei,Cetartiodactyla,Bovidae,9396.9,3.973,1.0,Y,NA,NA,NA,NA,NA,Y,herbivore,herbivore,0.0,0.0,0.0,10.0,N
Redunca arundinum,Redunca_arundinum,Cetartiodactyla,Bovidae,58000.0,4.7634,1.0,Y,4500.0,4500.0,0.0776,3.6532,-1.1102,Y,herbivore,herbivore,0.0,0.0,0.0,0.0,N
Redunca fulvorufula,Redunca_fulvorufula,Cetartiodactyla,Bovidae,30000.0,4.4771,1.0,N,2719.09,2719.09,0.0906,3.4344,-1.0427,Y,herbivore,herbivore,0.0,0.0,0.0,0.0,N
Redunca redunca,Redunca_redunca,Cetartiodactyla,Bovidae,41644.475,4.6196,1.0,Y,NA,NA,NA,NA,NA,Y,herbivore,herbivore,0.0,0.0,0.0,0.0,N
Rupicapra pyrenaica,Rupicapra_pyrenaica,Cetartiodactyla,Bovidae,31633.175,4.5001,1.0,N,NA,NA,NA,NA,NA,Y,herbivore,herbivore,0.0,0.0,0.0,0.0,N
Rupicapra rupicapra,Rupicapra_rupicapra,Cetartiodactyla,Bovidae,35383.175,4.5488,1.0,Y,2250.0,2250.0,0.0636,3.3522,-1.1966,Y,herbivore,herbivore,0.0,0.0,0.0,0.0,N
Saiga tatarica,Saiga_tatarica,Cetartiodactyla,Bovidae,37992.005,4.5797,1.575,Y,3326.46,5239.174,0.1379,3.522,-0.8604,Y,herbivore,herbivore,0.0,0.0,0.0,0.0,N
Sylvicapra grimmia,Sylvicapra_grimmia,Cetartiodactyla,Bovidae,18500.0,4.2672,1.0,Y,1581.45,1581.45,0.0855,3.1991,-1.0681,Y,herbivore,herbivore,10.0,0.0,10.0,20.0,N
Syncerus caffer,Syncerus_caffer,Cetartiodactyla,Bovidae,646332.99,5.8105,1.08,Y,39843.11,43030.559,0.0666,4.6004,-1.1767,Y,herbivore,herbivore,0.0,0.0,0.0,0.0,N
Tetracerus quadricornis,Tetracerus_quadricornis,Cetartiodactyla,Bovidae,19000.0,4.2788,1.585,Y,1040.0,1648.4,0.0868,3.017,-1.0617,Y,herbivore,herbivore,0.0,0.0,0.0,0.0,N
Tragelaphus angasii,Tragelaphus_angasii,Cetartiodactyla,Bovidae,100666.67,5.0029,1.0,Y,5541.58,5541.58,0.055,3.7436,-1.2593,Y,herbivore,herbivore,0.0,0.0,0.0,0.0,N
Tragelaphus buxtoni,Tragelaphus_buxtoni,Cetartiodactyla,Bovidae,216500.375,5.3355,1.0,Y,NA,NA,NA,NA,NA,Y,herbivore,herbivore,0.0,0.0,0.0,0.0,N
Tragelaphus derbianus,Tragelaphus_derbianus,Cetartiodactyla,Bovidae,562592.69,5.7502,1.0,N,NA,NA,NA,NA,NA,Y,herbivore,herbivore,0.0,0.0,0.0,30.0,N
Tragelaphus eurycerus,Tragelaphus_eurycerus,Cetartiodactyla,Bovidae,270998.37,5.433,1.0,Y,19944.92,19944.92,0.0736,4.2998,-1.1331,Y,herbivore,herbivore,0.0,0.0,0.0,0.0,N
Tragelaphus imberbis,Tragelaphus_imberbis,Cetartiodactyla,Bovidae,82500.0,4.9165,1.0,Y,5891.21,5891.21,0.0714,3.7702,-1.1462,Y,herbivore,herbivore,0.0,0.0,0.0,0.0,N
Tragelaphus oryx,Tragelaphus_oryx,Cetartiodactyla,Bovidae,291250.0,5.4643,1.0,Y,30889.05,30889.05,0.1061,4.4898,-0.9745,Y,herbivore,herbivore,0.0,0.0,0.0,30.0,N
Tragelaphus scriptus,Tragelaphus_scriptus,Cetartiodactyla,Bovidae,43250.39,4.636,1.0,Y,3027.79,3027.79,0.07,3.4811,-1.1549,Y,herbivore,herbivore,0.0,0.0,0.0,0.0,N
Tragelaphus spekii,Tragelaphus_spekii,Cetartiodactyla,Bovidae,87500.0,4.942,1.0,Y,4000.0,4000.0,0.0457,3.6021,-1.3399,Y,herbivore,herbivore,0.0,0.0,0.0,0.0,N
Tragelaphus strepsiceros,Tragelaphus_strepsiceros,Cetartiodactyla,Bovidae,206056.41,5.314,1.0,Y,15366.57,15366.57,0.0746,4.1866,-1.1274,Y,herbivore,herbivore,0.0,0.0,0.0,0.0,N
Camelus ferus,Camelus_ferus,Cetartiodactyla,Camelidae,475000.0,5.6767,1.0,Y,34346.64,34346.64,0.0723,4.5359,-1.1408,Y,herbivore,herbivore,0.0,0.0,0.0,0.0,N
Lama guanicoe,Lama_guanicoe,Cetartiodactyla,Camelidae,112500.0,5.0512,1.0,Y,8999.99,8999.99,0.08,3.9542,-1.0969,Y,herbivore,herbivore,0.0,0.0,0.0,0.0,N
Vicugna vicugna,Vicugna_vicugna,Cetartiodactyla,Camelidae,50000.0,4.699,1.0,Y,6082.92,6082.92,0.1217,3.7841,-0.9149,Y,herbivore,herbivore,0.0,0.0,0.0,0.0,N
Alces alces,Alces_alces,Cetartiodactyla,Cervidae,359750.0,5.556,1.28,Y,12999.99,16639.987,0.0463,4.1139,-1.3348,Y,herbivore,herbivore,0.0,0.0,0.0,0.0,N
Axis axis,Axis_axis,Cetartiodactyla,Cervidae,45500.0,4.658,1.03,Y,3156.86,3251.566,0.0715,3.4993,-1.1459,Y,herbivore,herbivore,0.0,0.0,0.0,10.0,N
Axis calamianensis,Axis_calamianensis,Cetartiodactyla,Cervidae,39812.6,4.6,1.005,Y,NA,NA,NA,NA,NA,Y,herbivore,herbivore,0.0,0.0,0.0,10.0,N
Axis kuhlii,Axis_kuhlii,Cetartiodactyla,Cervidae,43000.0,4.6335,1.005,Y,NA,NA,NA,NA,NA,Y,herbivore,herbivore,0.0,0.0,0.0,10.0,N
Axis porcinus,Axis_porcinus,Cetartiodactyla,Cervidae,37448.29,4.5734,1.0,Y,2483.33,2483.33,0.0663,3.395,-1.1784,Y,herbivore,herbivore,0.0,0.0,0.0,10.0,N
Blastocerus dichotomus,Blastocerus_dichotomus,Cetartiodactyla,Cervidae,102500.0,5.0107,1.0,Y,4199.99,4199.99,0.041,3.6232,-1.3875,Y,herbivore,herbivore,0.0,0.0,0.0,0.0,N
Capreolus capreolus,Capreolus_capreolus,Cetartiodactyla,Cervidae,21666.685,4.3358,1.785,Y,1208.55,2157.262,0.0996,3.0823,-1.0019,Y,herbivore,herbivore,0.0,0.0,0.0,0.0,N
Capreolus pygargus,Capreolus_pygargus,Cetartiodactyla,Cervidae,21666.7,4.3358,1.895,Y,1923.53,3645.089,0.1682,3.2841,-0.7741,Y,herbivore,herbivore,0.0,0.0,0.0,0.0,N
Cervus albirostris,Cervus_albirostris,Cetartiodactyla,Cervidae,135000.0,5.1303,1.0,Y,NA,NA,NA,NA,NA,Y,herbivore,herbivore,0.0,0.0,0.0,0.0,N
Cervus canadensis,Cervus_canadensis,Cetartiodactyla,Cervidae,131250.0,5.1181,1.035,N,NA,NA,NA,NA,NA,Y,herbivore,herbivore,NA,NA,NA,NA,NA
Cervus elaphus,Cervus_elaphus,Cetartiodactyla,Cervidae,160166.665,5.2046,1.035,Y,8255.82,8544.774,0.0533,3.9168,-1.2729,Y,herbivore,herbivore,0.0,0.0,0.0,0.0,N
Cervus nippon,Cervus_nippon,Cetartiodactyla,Cervidae,52999.99,4.7243,1.0,Y,4277.11,4277.11,0.0807,3.6312,-1.0931,Y,herbivore,herbivore,0.0,0.0,0.0,0.0,N
Dama dama,Dama_dama,Cetartiodactyla,Cervidae,63612.305,4.8035,1.07,Y,4698.44,5027.331,0.079,3.672,-1.1022,Y,herbivore,herbivore,0.0,0.0,0.0,0.0,N
Dama mesopotamica,Dama_mesopotamica,Cetartiodactyla,Cervidae,72500.0,4.8603,1.07,N,NA,NA,NA,NA,NA,Y,herbivore,herbivore,NA,NA,NA,NA,NA
Elaphodus cephalophus,Elaphodus_cephalophus,Cetartiodactyla,Cervidae,33500.0,4.525,1.0,Y,NA,NA,NA,NA,NA,Y,herbivore,herbivore,0.0,0.0,0.0,0.0,N
Elaphurus davidianus,Elaphurus_davidianus,Cetartiodactyla,Cervidae,165989.17,5.2201,1.11,Y,10467.5,11618.925,0.07,4.0198,-1.1549,Y,herbivore,herbivore,0.0,0.0,0.0,0.0,N
Hippocamelus antisensis,Hippocamelus_antisensis,Cetartiodactyla,Cervidae,68599.675,4.8363,1.0,Y,NA,NA,NA,NA,NA,Y,herbivore,herbivore,0.0,0.0,0.0,0.0,N
Hippocamelus bisulcus,Hippocamelus_bisulcus,Cetartiodactyla,Cervidae,69620.405,4.8427,1.0,Y,3575.62,3575.62,0.0514,3.5534,-1.2894,Y,herbivore,herbivore,0.0,0.0,0.0,0.0,N
Hydropotes inermis,Hydropotes_inermis,Cetartiodactyla,Cervidae,12760.04,4.1059,3.0,Y,1016.19,3048.57,0.2389,3.007,-0.6218,Y,herbivore,herbivore,0.0,0.0,0.0,0.0,N
Mazama americana,Mazama_americana,Cetartiodactyla,Cervidae,23000.0,4.3617,1.22,Y,NA,NA,NA,NA,NA,Y,herbivore,herbivore,0.0,0.0,0.0,0.0,N
Mazama bricenii,Mazama_bricenii,Cetartiodactyla,Cervidae,16499.85,4.2175,1.11,N,NA,NA,NA,NA,NA,Y,herbivore,herbivore,0.0,0.0,0.0,0.0,N
Mazama chunyi,Mazama_chunyi,Cetartiodactyla,Cervidae,16071.74,4.2061,1.5,Y,NA,NA,NA,NA,NA,Y,herbivore,herbivore,0.0,0.0,0.0,0.0,N
Mazama gouazoubira,Mazama_gouazoubira,Cetartiodactyla,Cervidae,16650.0,4.2214,1.0,Y,834.46,834.46,0.0501,2.9214,-1.3,Y,herbivore,herbivore,0.0,0.0,0.0,30.0,N
Mazama nemorivaga,Mazama_nemorivaga,Cetartiodactyla,Cervidae,15000.0,4.1761,1.0,N,NA,NA,NA,NA,NA,Y,herbivore,herbivore,NA,NA,NA,NA,NA
Mazama pandora,Mazama_pandora,Cetartiodactyla,Cervidae,20546.86,4.3127,1.0,N,NA,NA,NA,NA,NA,Y,herbivore,herbivore,0.0,0.0,0.0,0.0,Y
Mazama rufina,Mazama_rufina,Cetartiodactyla,Cervidae,14649.625,4.1658,1.11,Y,NA,NA,NA,NA,NA,Y,herbivore,herbivore,0.0,0.0,0.0,0.0,N
Mazama temama,Mazama_temama,Cetartiodactyla,Cervidae,23000.0,4.3617,1.22,N,NA,NA,NA,NA,NA,Y,herbivore,herbivore,0.0,0.0,0.0,0.0,Y
Muntiacus crinifrons,Muntiacus_crinifrons,Cetartiodactyla,Cervidae,18590.01,4.2693,1.0,Y,NA,NA,NA,NA,NA,Y,herbivore,herbivore,0.0,0.0,0.0,20.0,N
Muntiacus feae,Muntiacus_feae,Cetartiodactyla,Cervidae,21999.99,4.3424,1.22,Y,NA,NA,NA,NA,NA,Y,herbivore,herbivore,0.0,0.0,0.0,20.0,N
Muntiacus montanus,Muntiacus_montanus,Cetartiodactyla,Cervidae,17611.59,4.2458,1.17,N,NA,NA,NA,NA,NA,Y,herbivore,herbivore,NA,NA,NA,NA,NA
Muntiacus muntjak,Muntiacus_muntjak,Cetartiodactyla,Cervidae,17611.59,4.2458,1.17,Y,1371.39,1604.526,0.0911,3.1372,-1.0405,Y,herbivore,herbivore,0.0,0.0,0.0,30.0,N
Muntiacus reevesi,Muntiacus_reevesi,Cetartiodactyla,Cervidae,13499.94,4.1303,1.0,Y,1050.0,1050.0,0.0778,3.0212,-1.1091,Y,herbivore,herbivore,0.0,0.0,0.0,20.0,N
Muntiacus rooseveltorum,Muntiacus_rooseveltorum,Cetartiodactyla,Cervidae,13499.94,4.1303,1.0,Y,NA,NA,NA,NA,NA,Y,herbivore,herbivore,0.0,0.0,0.0,20.0,Y
Muntiacus vaginalis,Muntiacus_vaginalis,Cetartiodactyla,Cervidae,17611.59,4.2458,1.17,N,NA,NA,NA,NA,NA,Y,herbivore,herbivore,NA,NA,NA,NA,NA
Odocoileus hemionus,Odocoileus_hemionus,Cetartiodactyla,Cervidae,57000.0,4.7559,1.615,Y,3007.49,4857.096,0.0852,3.4782,-1.0695,Y,herbivore,herbivore,0.0,0.0,0.0,0.0,N
Odocoileus virginianus,Odocoileus_virginianus,Cetartiodactyla,Cervidae,65320.0,4.815,1.71,Y,2949.99,5044.483,0.0772,3.4698,-1.1122,Y,herbivore,herbivore,0.0,0.0,0.0,0.0,N
Ozotoceros bezoarticus,Ozotoceros_bezoarticus,Cetartiodactyla,Cervidae,34620.4,4.5393,1.0,Y,2100.0,2100.0,0.0607,3.3222,-1.2171,Y,herbivore,herbivore,0.0,0.0,0.0,0.0,N
Pudu mephistophiles,Pudu_mephistophiles,Cetartiodactyla,Cervidae,9674.98,3.9857,1.0,Y,400.0,400.0,0.0413,2.6021,-1.3836,Y,herbivore,herbivore,0.0,0.0,0.0,10.0,N
Pudu puda,Pudu_puda,Cetartiodactyla,Cervidae,9642.62,3.9842,1.03,Y,780.0,803.4,0.0833,2.8921,-1.0793,Y,herbivore,herbivore,0.0,0.0,0.0,10.0,N
Rangifer tarandus,Rangifer_tarandus,Cetartiodactyla,Cervidae,101250.0,5.0054,1.1,Y,5490.62,6039.682,0.0597,3.7396,-1.2244,Y,herbivore,herbivore,0.0,0.0,0.0,0.0,N
Rucervus duvaucelii,Rucervus_duvaucelii,Cetartiodactyla,Cervidae,171223.86,5.2336,1.0,Y,NA,NA,NA,NA,NA,Y,herbivore,herbivore,0.0,0.0,0.0,0.0,N
Rucervus eldii,Rucervus_eldii,Cetartiodactyla,Cervidae,95471.61,4.9799,1.01,Y,4674.98,4721.73,0.0495,3.6698,-1.3058,Y,herbivore,herbivore,0.0,0.0,0.0,20.0,N
Rusa alfredi,Rusa_alfredi,Cetartiodactyla,Cervidae,63000.0,4.7993,1.0,N,NA,NA,NA,NA,NA,Y,herbivore,herbivore,0.0,0.0,0.0,0.0,N
Rusa timorensis,Rusa_timorensis,Cetartiodactyla,Cervidae,63000.0,4.7993,1.0,Y,NA,NA,NA,NA,NA,Y,herbivore,herbivore,0.0,0.0,0.0,0.0,N
Rusa unicolor,Rusa_unicolor,Cetartiodactyla,Cervidae,177522.9,5.2493,1.0,Y,10270.0,10270.0,0.0579,4.0116,-1.2377,Y,herbivore,herbivore,0.0,0.0,0.0,10.0,N
Cephalorhynchus commersonii,Cephalorhynchus_commersonii,Cetartiodactyla,Delphinidae,68700.0,4.837,1.0,Y,5834.74,5834.74,0.0849,3.766,-1.0709,Y,carnivore,carnivore_vertebrate,100.0,20.0,80.0,0.0,N
Cephalorhynchus eutropia,Cephalorhynchus_eutropia,Cetartiodactyla,Delphinidae,45000.0,4.6532,0.985,Y,NA,NA,NA,NA,NA,Y,carnivore,carnivore_vertebrate,100.0,20.0,80.0,0.0,N
Cephalorhynchus hectori,Cephalorhynchus_hectori,Cetartiodactyla,Delphinidae,49999.99,4.699,1.0,Y,NA,NA,NA,NA,NA,Y,carnivore,carnivore_vertebrate,100.0,20.0,80.0,0.0,N
Globicephala macrorhynchus,Globicephala_macrorhynchus,Cetartiodactyla,Delphinidae,726000.0,5.8609,1.0,Y,NA,NA,NA,NA,NA,Y,carnivore,carnivore_invertebrate,100.0,90.0,10.0,0.0,N
Globicephala melas,Globicephala_melas,Cetartiodactyla,Delphinidae,1060000.0,6.0253,1.0,Y,180000.0,180000.0,0.1698,5.2553,-0.77,Y,carnivore,carnivore_invertebrate,100.0,90.0,10.0,0.0,N
Grampus griseus,Grampus_griseus,Cetartiodactyla,Delphinidae,425000.0,5.6284,1.0,Y,NA,NA,NA,NA,NA,Y,carnivore,carnivore_invertebrate,100.0,50.0,50.0,0.0,N
Lagenorhynchus acutus,Lagenorhynchus_acutus,Cetartiodactyla,Delphinidae,186517.55,5.2707,1.22,Y,24000.0,29280.0,0.157,4.3802,-0.8041,Y,carnivore,carnivore_vertebrate,100.0,40.0,60.0,0.0,N
Lagenorhynchus albirostris,Lagenorhynchus_albirostris,Cetartiodactyla,Delphinidae,183317.43,5.2632,1.0,Y,NA,NA,NA,NA,NA,Y,carnivore,carnivore_vertebrate,100.0,40.0,60.0,0.0,N
Lagenorhynchus obliquidens,Lagenorhynchus_obliquidens,Cetartiodactyla,Delphinidae,103000.0,5.0128,1.0,Y,NA,NA,NA,NA,NA,Y,carnivore,carnivore_vertebrate,100.0,40.0,60.0,0.0,N
Lagenorhynchus obscurus,Lagenorhynchus_obscurus,Cetartiodactyla,Delphinidae,80000.0,4.9031,1.0,N,NA,NA,NA,NA,NA,Y,carnivore,carnivore_vertebrate,100.0,40.0,60.0,0.0,N
Orcaella brevirostris,Orcaella_brevirostris,Cetartiodactyla,Delphinidae,189999.995,5.2788,1.0,Y,NA,NA,NA,NA,NA,Y,carnivore,carnivore_vertebrate,100.0,40.0,60.0,0.0,N
Orcaella heinsohni,Orcaella_heinsohni,Cetartiodactyla,Delphinidae,227839.1,5.3576,1.0,N,NA,NA,NA,NA,NA,Y,carnivore,carnivore_unknown,NA,NA,NA,NA,NA
Orcinus orca,Orcinus_orca,Cetartiodactyla,Delphinidae,4300000.0,6.6335,1.0,Y,158745.07,158745.07,0.0369,5.2007,-1.4328,Y,carnivore,carnivore_vertebrate,100.0,25.0,75.0,0.0,N
Pseudorca crassidens,Pseudorca_crassidens,Cetartiodactyla,Delphinidae,1360000.0,6.1335,0.985,Y,NA,NA,NA,NA,NA,Y,carnivore,carnivore_invertebrate,100.0,60.0,40.0,0.0,N
Sotalia fluviatilis,Sotalia_fluviatilis,Cetartiodactyla,Delphinidae,46666.685,4.669,0.985,Y,NA,NA,NA,NA,NA,Y,carnivore,carnivore_vertebrate,100.0,10.0,90.0,0.0,N
Stenella attenuata,Stenella_attenuata,Cetartiodactyla,Delphinidae,112500.0,5.0512,1.0,Y,10000.0,10000.0,0.0889,4.0,-1.0512,Y,carnivore,carnivore_invertebrate,100.0,60.0,40.0,0.0,N
Stenella clymene,Stenella_clymene,Cetartiodactyla,Delphinidae,75000.0,4.8751,1.0,N,NA,NA,NA,NA,NA,Y,carnivore,carnivore_invertebrate,100.0,60.0,40.0,0.0,N
Stenella coeruleoalba,Stenella_coeruleoalba,Cetartiodactyla,Delphinidae,122950.0,5.0897,1.5,Y,11300.0,16950.0,0.1379,4.0531,-0.8606,Y,carnivore,carnivore_invertebrate,100.0,60.0,40.0,0.0,N
Stenella longirostris,Stenella_longirostris,Cetartiodactyla,Delphinidae,72666.665,4.8613,0.99,Y,NA,NA,NA,NA,NA,Y,carnivore,carnivore_invertebrate,100.0,60.0,40.0,0.0,N
Tursiops aduncus,Tursiops_aduncus,Cetartiodactyla,Delphinidae,141150.0,5.1497,1.0,N,9828.52,9828.52,0.0696,3.9925,-1.1572,Y,carnivore,carnivore_vertebrate,100.0,20.0,80.0,0.0,N
Tursiops truncatus,Tursiops_truncatus,Cetartiodactyla,Delphinidae,230000.0,5.3617,1.0,Y,24369.6,24369.6,0.106,4.3868,-0.9749,Y,carnivore,carnivore_vertebrate,100.0,20.0,80.0,0.0,N
Eschrichtius robustus,Eschrichtius_robustus,Cetartiodactyla,Eschrichtiidae,27300000.0,7.4362,1.0,Y,500000.0,500000.0,0.0183,5.699,-1.7372,Y,omnivore,omnivore,100.0,90.0,10.0,0.0,N
Giraffa camelopardalis,Giraffa_camelopardalis,Cetartiodactyla,Giraffidae,800000.0,5.9031,1.12,Y,55244.9,61874.288,0.0773,4.7423,-1.1116,Y,herbivore,herbivore,0.0,0.0,0.0,0.0,N
Okapia johnstoni,Okapia_johnstoni,Cetartiodactyla,Giraffidae,230001.14,5.3617,1.0,Y,18325.61,18325.61,0.0797,4.2631,-1.0987,Y,herbivore,herbivore,0.0,0.0,0.0,0.0,N
Choeropsis liberiensis,Choeropsis_liberiensis,Cetartiodactyla,Hippopotamidae,215000.0,5.3324,1.0,Y,5730.0,5730.0,0.0267,3.7582,-1.5743,Y,herbivore,herbivore,0.0,0.0,0.0,10.0,N
Hippopotamus amphibius,Hippopotamus_amphibius,Cetartiodactyla,Hippopotamidae,2640000.0,6.4216,1.0,Y,40199.99,40199.99,0.0152,4.6042,-1.8174,Y,herbivore,herbivore,0.0,0.0,0.0,0.0,N
Inia geoffrensis,Inia_geoffrensis,Cetartiodactyla,Iniidae,98500.0,4.9934,1.0,Y,6799.99,6799.99,0.069,3.8325,-1.1609,Y,carnivore,carnivore_vertebrate,100.0,10.0,90.0,0.0,N
Lipotes vexillifer,Lipotes_vexillifer,Cetartiodactyla,Iniidae,97819.16,4.9904,1.0,Y,NA,NA,NA,NA,NA,Y,carnivore,carnivore_vertebrate,100.0,0.0,100.0,0.0,N
Pontoporia blainvillei,Pontoporia_blainvillei,Cetartiodactyla,Iniidae,40416.66,4.6066,1.0,Y,NA,NA,NA,NA,NA,Y,carnivore,carnivore_vertebrate,100.0,40.0,60.0,0.0,N
Kogia breviceps,Kogia_breviceps,Cetartiodactyla,Kogiidae,424600.0,5.628,1.0,Y,82000.0,82000.0,0.1931,4.9138,-0.7142,Y,carnivore,carnivore_invertebrate,100.0,100.0,0.0,0.0,N
Kogia sima,Kogia_sima,Cetartiodactyla,Kogiidae,186649.995,5.271,1.0,Y,NA,NA,NA,NA,NA,Y,carnivore,carnivore_invertebrate,100.0,100.0,0.0,0.0,N
Delphinapterus leucas,Delphinapterus_leucas,Cetartiodactyla,Monodontidae,1380000.0,6.1399,1.02,Y,57000.0,58140.0,0.0421,4.7559,-1.3754,Y,carnivore,carnivore_vertebrate,100.0,40.0,60.0,0.0,N
Monodon monoceros,Monodon_monoceros,Cetartiodactyla,Monodontidae,938126.44,5.9723,1.0,Y,79999.99,79999.99,0.0853,4.9031,-1.0692,Y,carnivore,carnivore_vertebrate,100.0,40.0,60.0,0.0,N
Moschus anhuiensis,Moschus_anhuiensis,Cetartiodactyla,Moschidae,12488.705,4.0965,1.6,N,NA,NA,NA,NA,NA,Y,herbivore,herbivore,0.0,0.0,0.0,0.0,N
Moschus berezovskii,Moschus_berezovskii,Cetartiodactyla,Moschidae,11688.705,4.0678,1.455,Y,529.5,770.422,0.0659,2.7239,-1.181,Y,herbivore,herbivore,0.0,0.0,0.0,0.0,N
Moschus chrysogaster,Moschus_chrysogaster,Cetartiodactyla,Moschidae,12348.95,4.0916,1.1,Y,659.54,725.494,0.0587,2.8192,-1.231,Y,herbivore,herbivore,0.0,0.0,0.0,0.0,N
Moschus cupreus,Moschus_cupreus,Cetartiodactyla,Moschidae,12907.785,4.1109,1.345,N,NA,NA,NA,NA,NA,Y,herbivore,herbivore,0.0,0.0,0.0,0.0,N
Moschus leucogaster,Moschus_leucogaster,Cetartiodactyla,Moschidae,12907.785,4.1109,1.345,N,NA,NA,NA,NA,NA,Y,herbivore,herbivore,0.0,0.0,0.0,0.0,N
Moschus moschiferus,Moschus_moschiferus,Cetartiodactyla,Moschidae,12907.785,4.1109,1.615,Y,498.39,804.9,0.0624,2.6976,-1.2051,Y,herbivore,herbivore,0.0,0.0,0.0,0.0,N
Phocoena phocoena,Phocoena_phocoena,Cetartiodactyla,Phocoenidae,52730.93,4.7221,1.0,Y,8892.16,8892.16,0.1686,3.949,-0.7731,Y,carnivore,carnivore_vertebrate,100.0,0.0,100.0,0.0,N
Phocoena sinus,Phocoena_sinus,Cetartiodactyla,Phocoenidae,44060.715,4.6441,1.0,Y,NA,NA,NA,NA,NA,Y,carnivore,carnivore_vertebrate,100.0,0.0,100.0,0.0,N
Phocoena spinipinnis,Phocoena_spinipinnis,Cetartiodactyla,Phocoenidae,59999.99,4.7782,0.97,Y,NA,NA,NA,NA,NA,Y,carnivore,carnivore_vertebrate,100.0,0.0,100.0,0.0,N
Phocoenoides dalli,Phocoenoides_dalli,Cetartiodactyla,Phocoenidae,106042.53,5.0255,1.0,Y,NA,NA,NA,NA,NA,Y,carnivore,carnivore_vertebrate,100.0,10.0,90.0,0.0,N
Physeter macrocephalus,Physeter_macrocephalus,Cetartiodactyla,Physeteridae,10100000.0,7.0043,1.0,Y,903214.26,903214.26,0.0894,5.9558,-1.0485,Y,omnivore,omnivore,100.0,100.0,0.0,0.0,N
Platanista gangetica,Platanista_gangetica,Cetartiodactyla,Platanistidae,85250.0,4.9307,1.0,Y,NA,NA,NA,NA,NA,Y,carnivore,carnivore_invertebrate,100.0,50.0,50.0,0.0,N
Babyrousa babyrussa,Babyrousa_babyrussa,Cetartiodactyla,Suidae,92950.09,4.9682,1.4,Y,715.0,1001.0,0.0108,2.8543,-1.9678,Y,herbivore,herbivore,0.0,0.0,0.0,40.0,N
Babyrousa celebensis,Babyrousa_celebensis,Cetartiodactyla,Suidae,92950.09,4.9682,1.4,N,NA,NA,NA,NA,NA,Y,herbivore,herbivore,20.0,10.0,10.0,20.0,N
Babyrousa togeanensis,Babyrousa_togeanensis,Cetartiodactyla,Suidae,92950.09,4.9682,1.4,N,NA,NA,NA,NA,NA,Y,omnivore,omnivore,20.0,10.0,10.0,20.0,N
Hylochoerus meinertzhageni,Hylochoerus_meinertzhageni,Cetartiodactyla,Suidae,200315.235,5.3017,4.35,Y,NA,NA,NA,NA,NA,Y,herbivore,herbivore,0.0,0.0,0.0,0.0,N
Phacochoerus aethiopicus,Phacochoerus_aethiopicus,Cetartiodactyla,Suidae,73303.76,4.8651,3.365,Y,691.95,2328.412,0.0318,2.8401,-1.4981,Y,omnivore,omnivore,10.0,0.0,0.0,10.0,N
Phacochoerus africanus,Phacochoerus_africanus,Cetartiodactyla,Suidae,91249.995,4.9602,3.0,N,NA,NA,NA,NA,NA,Y,omnivore,omnivore,10.0,0.0,0.0,10.0,N
Porcula salvania,Porcula_salvania,Cetartiodactyla,Suidae,8000.0,3.9031,3.2,Y,NA,NA,NA,NA,NA,Y,omnivore,omnivore,30.0,10.0,10.0,0.0,N
Potamochoerus larvatus,Potamochoerus_larvatus,Cetartiodactyla,Suidae,70500.155,4.8482,3.0,Y,NA,NA,NA,NA,NA,Y,omnivore,omnivore,20.0,0.0,20.0,40.0,N
Potamochoerus porcus,Potamochoerus_porcus,Cetartiodactyla,Suidae,71000.0,4.8513,3.0,Y,750.0,2250.0,0.0317,2.8751,-1.4991,Y,omnivore,omnivore,20.0,0.0,20.0,40.0,N
Sus ahoenobarbus,Sus_ahoenobarbus,Cetartiodactyla,Suidae,102750.0,5.0118,4.0,N,NA,NA,NA,NA,NA,Y,omnivore,omnivore,20.0,0.0,10.0,40.0,N
Sus barbatus,Sus_barbatus,Cetartiodactyla,Suidae,102750.0,5.0118,4.0,Y,NA,NA,NA,NA,NA,Y,omnivore,omnivore,30.0,10.0,10.0,0.0,N
Sus cebifrons,Sus_cebifrons,Cetartiodactyla,Suidae,102750.0,5.0118,5.025,Y,NA,NA,NA,NA,NA,Y,omnivore,omnivore,30.0,10.0,10.0,0.0,N
Sus celebensis,Sus_celebensis,Cetartiodactyla,Suidae,76000.0,4.8808,5.47,Y,NA,NA,NA,NA,NA,Y,omnivore,omnivore,30.0,10.0,10.0,0.0,N
Sus oliveri,Sus_oliveri,Cetartiodactyla,Suidae,102750.0,5.0118,5.235,N,NA,NA,NA,NA,NA,Y,omnivore,omnivore,30.0,10.0,10.0,0.0,Y
Sus philippensis,Sus_philippensis,Cetartiodactyla,Suidae,102750.0,5.0118,5.235,Y,NA,NA,NA,NA,NA,Y,omnivore,omnivore,30.0,10.0,10.0,0.0,N
Sus scrofa,Sus_scrofa,Cetartiodactyla,Suidae,135000.0,5.1303,5.567,Y,807.77,4496.856,0.0333,2.9073,-1.4774,Y,omnivore,omnivore,30.0,10.0,10.0,0.0,N
Sus verrucosus,Sus_verrucosus,Cetartiodactyla,Suidae,82703.115,4.9175,5.735,Y,NA,NA,NA,NA,NA,Y,herbivore,herbivore,30.0,10.0,10.0,0.0,N
Catagonus wagneri,Catagonus_wagneri,Cetartiodactyla,Tayassuidae,35433.2,4.5494,2.445,Y,600.2,1467.489,0.0414,2.7783,-1.3828,Y,herbivore,herbivore,0.0,0.0,0.0,0.0,N
Pecari tajacu,Pecari_tajacu,Cetartiodactyla,Tayassuidae,20500.0,4.3118,1.82,Y,618.53,1125.725,0.0549,2.7914,-1.2603,Y,omnivore,omnivore,30.0,10.0,20.0,10.0,N
Tayassu pecari,Tayassu_pecari,Cetartiodactyla,Tayassuidae,31798.71,4.5024,2.0,Y,1000.0,2000.0,0.0629,3.0,-1.2014,Y,omnivore,omnivore,20.0,10.0,10.0,30.0,N
Hyemoschus aquaticus,Hyemoschus_aquaticus,Cetartiodactyla,Tragulidae,11550.0,4.0626,1.235,Y,NA,NA,NA,NA,NA,Y,herbivore,herbivore,0.0,0.0,0.0,100.0,N
Moschiola indica,Moschiola_indica,Cetartiodactyla,Tragulidae,3000.0,3.4771,1.5,N,NA,NA,NA,NA,NA,Y,herbivore,herbivore,NA,NA,NA,NA,NA
Moschiola kathygre,Moschiola_kathygre,Cetartiodactyla,Tragulidae,1962.2,3.2927,1.5,N,NA,NA,NA,NA,NA,Y,herbivore,herbivore,NA,NA,NA,NA,NA
Moschiola meminna,Moschiola_meminna,Cetartiodactyla,Tragulidae,2450.0,3.3892,1.5,Y,319.0,478.5,0.1953,2.5038,-0.7093,Y,herbivore,herbivore,0.0,0.0,0.0,0.0,N
Tragulus javanicus,Tragulus_javanicus,Cetartiodactyla,Tragulidae,1753.965,3.244,1.0,Y,NA,NA,NA,NA,NA,Y,herbivore,herbivore,0.0,0.0,0.0,20.0,N
Tragulus kanchil,Tragulus_kanchil,Cetartiodactyla,Tragulidae,3850.0,3.5855,1.0,N,NA,NA,NA,NA,NA,Y,herbivore,herbivore,0.0,0.0,0.0,20.0,Y
Tragulus napu,Tragulus_napu,Cetartiodactyla,Tragulidae,3850.0,3.5855,1.0,Y,372.99,372.99,0.0969,2.5717,-1.0138,Y,herbivore,herbivore,0.0,0.0,0.0,20.0,N
Tragulus nigricans,Tragulus_nigricans,Cetartiodactyla,Tragulidae,3850.0,3.5855,1.0,N,NA,NA,NA,NA,NA,Y,herbivore,herbivore,0.0,0.0,0.0,20.0,Y
Tragulus williamsoni,Tragulus_williamsoni,Cetartiodactyla,Tragulidae,3850.0,3.5855,1.0,N,NA,NA,NA,NA,NA,Y,herbivore,herbivore,0.0,0.0,0.0,20.0,Y
Berardius bairdii,Berardius_bairdii,Cetartiodactyla,Ziphiidae,11400000.0,7.0569,0.99,Y,NA,NA,NA,NA,NA,Y,carnivore,carnivore_invertebrate,100.0,90.0,10.0,0.0,N
Hyperoodon ampullatus,Hyperoodon_ampullatus,Cetartiodactyla,Ziphiidae,5350000.0,6.7284,1.0,Y,NA,NA,NA,NA,NA,Y,carnivore,carnivore_invertebrate,100.0,80.0,20.0,0.0,N
Mesoplodon grayi,Mesoplodon_grayi,Cetartiodactyla,Ziphiidae,2900000.0,6.4624,1.0,N,NA,NA,NA,NA,NA,Y,carnivore,carnivore_invertebrate,100.0,80.0,20.0,0.0,N
Ziphius cavirostris,Ziphius_cavirostris,Cetartiodactyla,Ziphiidae,2950000.0,6.4698,1.0,Y,NA,NA,NA,NA,NA,Y,carnivore,carnivore_invertebrate,100.0,80.0,20.0,0.0,N
Craseonycteris thonglongyai,Craseonycteris_thonglongyai,Chiroptera,Craseonycteridae,1.98,0.2967,1.0,Y,NA,NA,NA,NA,NA,Y,carnivore,carnivore_invertebrate,100.0,100.0,0.0,0.0,N
Balantiopteryx io,Balantiopteryx_io,Chiroptera,Emballonuridae,3.97,0.5988,1.0,Y,0.59,0.59,0.1486,-0.2291,-0.8279,Y,carnivore,carnivore_invertebrate,100.0,100.0,0.0,0.0,N
Balantiopteryx plicata,Balantiopteryx_plicata,Chiroptera,Emballonuridae,6.57,0.8176,0.99,Y,2.0,1.98,0.3014,0.301,-0.5209,Y,carnivore,carnivore_invertebrate,100.0,100.0,0.0,0.0,N
Centronycteris centralis,Centronycteris_centralis,Chiroptera,Emballonuridae,23.0,1.3617,0.98,N,NA,NA,NA,NA,NA,Y,carnivore,carnivore_invertebrate,100.0,100.0,0.0,0.0,Y
Centronycteris maximiliani,Centronycteris_maximiliani,Chiroptera,Emballonuridae,23.0,1.3617,0.98,Y,NA,NA,NA,NA,NA,Y,carnivore,carnivore_invertebrate,100.0,100.0,0.0,0.0,N
Coleura afra,Coleura_afra,Chiroptera,Emballonuridae,10.68,1.0286,1.0,Y,NA,NA,NA,NA,NA,Y,carnivore,carnivore_invertebrate,100.0,100.0,0.0,0.0,N
Diclidurus albus,Diclidurus_albus,Chiroptera,Emballonuridae,18.5,1.2672,1.0,Y,0.51,0.51,0.0276,-0.2924,-1.5596,Y,carnivore,carnivore_invertebrate,100.0,100.0,0.0,0.0,N
Emballonura dianae,Emballonura_dianae,Chiroptera,Emballonuridae,13.21,1.1209,1.5,N,NA,NA,NA,NA,NA,Y,carnivore,carnivore_invertebrate,90.0,90.0,0.0,10.0,N
Emballonura monticola,Emballonura_monticola,Chiroptera,Emballonuridae,5.0,0.699,1.0,Y,NA,NA,NA,NA,NA,Y,carnivore,carnivore_invertebrate,90.0,90.0,0.0,10.0,N
Mosia nigrescens,Mosia_nigrescens,Chiroptera,Emballonuridae,3.33,0.5224,0.98,Y,NA,NA,NA,NA,NA,Y,carnivore,carnivore_invertebrate,100.0,100.0,0.0,0.0,N
Peropteryx kappleri,Peropteryx_kappleri,Chiroptera,Emballonuridae,9.85,0.9934,1.0,Y,1.09,1.09,0.1107,0.0374,-0.956,Y,carnivore,carnivore_invertebrate,100.0,100.0,0.0,0.0,N
Peropteryx macrotis,Peropteryx_macrotis,Chiroptera,Emballonuridae,230.99,2.3636,1.0,Y,NA,NA,NA,NA,NA,Y,carnivore,carnivore_invertebrate,100.0,100.0,0.0,0.0,N
Peropteryx trinitatis,Peropteryx_trinitatis,Chiroptera,Emballonuridae,5.68,0.7543,1.0,N,NA,NA,NA,NA,NA,Y,carnivore,carnivore_invertebrate,100.0,100.0,0.0,0.0,Y
Rhynchonycteris naso,Rhynchonycteris_naso,Chiroptera,Emballonuridae,4.14,0.617,0.99,Y,0.98,0.97,0.2343,-0.0088,-0.6301,Y,carnivore,carnivore_invertebrate,100.0,100.0,0.0,0.0,N
Saccolaimus peli,Saccolaimus_peli,Chiroptera,Emballonuridae,53.35,1.7271,1.0,Y,NA,NA,NA,NA,NA,Y,carnivore,carnivore_invertebrate,100.0,100.0,0.0,0.0,N
Saccolaimus saccolaimus,Saccolaimus_saccolaimus,Chiroptera,Emballonuridae,43.0,1.6335,1.0,Y,NA,NA,NA,NA,NA,Y,carnivore,carnivore_invertebrate,100.0,100.0,0.0,0.0,N
Saccopteryx bilineata,Saccopteryx_bilineata,Chiroptera,Emballonuridae,7.9,0.8976,0.995,Y,3.49,3.473,0.4396,0.5428,-0.357,Y,carnivore,carnivore_invertebrate,100.0,100.0,0.0,0.0,N
Saccopteryx canescens,Saccopteryx_canescens,Chiroptera,Emballonuridae,3.41,0.5328,1.0,Y,NA,NA,NA,NA,NA,Y,carnivore,carnivore_invertebrate,100.0,100.0,0.0,0.0,N
Taphozous achates,Taphozous_achates,Chiroptera,Emballonuridae,25.99,1.4148,1.0,N,NA,NA,NA,NA,NA,Y,carnivore,carnivore_invertebrate,100.0,100.0,0.0,0.0,Y
Taphozous australis,Taphozous_australis,Chiroptera,Emballonuridae,24.215,1.3841,1.0,N,NA,NA,NA,NA,NA,Y,carnivore,carnivore_invertebrate,100.0,100.0,0.0,0.0,N
Taphozous georgianus,Taphozous_georgianus,Chiroptera,Emballonuridae,24.43,1.3879,1.0,Y,4.22,4.22,0.1727,0.6253,-0.7626,Y,carnivore,carnivore_invertebrate,100.0,100.0,0.0,0.0,N
Taphozous hildegardeae,Taphozous_hildegardeae,Chiroptera,Emballonuridae,29.37,1.4679,1.0,Y,NA,NA,NA,NA,NA,Y,carnivore,carnivore_invertebrate,100.0,100.0,0.0,0.0,N
Taphozous hilli,Taphozous_hilli,Chiroptera,Emballonuridae,21.99,1.3422,1.0,N,NA,NA,NA,NA,NA,Y,carnivore,carnivore_invertebrate,100.0,100.0,0.0,0.0,N
Taphozous longimanus,Taphozous_longimanus,Chiroptera,Emballonuridae,25.11,1.3998,0.99,Y,5.52,5.465,0.2176,0.7419,-0.6623,Y,carnivore,carnivore_invertebrate,100.0,100.0,0.0,0.0,N
Taphozous mauritianus,Taphozous_mauritianus,Chiroptera,Emballonuridae,27.97,1.4467,1.0,Y,NA,NA,NA,NA,NA,Y,carnivore,carnivore_invertebrate,100.0,100.0,0.0,0.0,N
Taphozous melanopogon,Taphozous_melanopogon,Chiroptera,Emballonuridae,25.99,1.4148,1.0,Y,5.8,5.8,0.2232,0.7634,-0.6514,Y,carnivore,carnivore_invertebrate,100.0,100.0,0.0,0.0,N
Taphozous nudiventris,Taphozous_nudiventris,Chiroptera,Emballonuridae,32.49,1.5117,1.0,Y,8.91,8.91,0.2742,0.9499,-0.5619,Y,carnivore,carnivore_invertebrate,100.0,100.0,0.0,0.0,N
Taphozous perforatus,Taphozous_perforatus,Chiroptera,Emballonuridae,24.215,1.3841,1.0,Y,NA,NA,NA,NA,NA,Y,carnivore,carnivore_invertebrate,100.0,100.0,0.0,0.0,N
Taphozous troughtoni,Taphozous_troughtoni,Chiroptera,Emballonuridae,27.475,1.4389,1.0,N,NA,NA,NA,NA,NA,Y,carnivore,carnivore_invertebrate,100.0,100.0,0.0,0.0,Y
Amorphochilus schnablii,Amorphochilus_schnablii,Chiroptera,Furipteridae,4.15,0.618,0.995,Y,NA,NA,NA,NA,NA,Y,carnivore,carnivore_invertebrate,100.0,100.0,0.0,0.0,N
Furipterus horrens,Furipterus_horrens,Chiroptera,Furipteridae,3.15,0.4983,1.0,Y,NA,NA,NA,NA,NA,Y,carnivore,carnivore_invertebrate,100.0,100.0,0.0,0.0,N
Asellia tridens,Asellia_tridens,Chiroptera,Hipposideridae,10.0,1.0,1.0,N,NA,NA,NA,NA,NA,Y,carnivore,carnivore_invertebrate,100.0,100.0,0.0,0.0,N
Aselliscus tricuspidatus,Aselliscus_tricuspidatus,Chiroptera,Hipposideridae,4.08,0.6107,0.99,Y,NA,NA,NA,NA,NA,Y,carnivore,carnivore_invertebrate,100.0,100.0,0.0,0.0,N
Cloeotis percivali,Cloeotis_percivali,Chiroptera,Hipposideridae,4.16,0.6191,0.99,Y,NA,NA,NA,NA,NA,Y,carnivore,carnivore_invertebrate,100.0,100.0,0.0,0.0,N
Coelops frithii,Coelops_frithii,Chiroptera,Hipposideridae,7.52,0.8762,0.98,Y,NA,NA,NA,NA,NA,Y,carnivore,carnivore_invertebrate,100.0,100.0,0.0,0.0,N
Coelops robinsoni,Coelops_robinsoni,Chiroptera,Hipposideridae,6.5,0.8129,1.0,N,NA,NA,NA,NA,NA,Y,carnivore,carnivore_invertebrate,100.0,100.0,0.0,0.0,N
Hipposideros abae,Hipposideros_abae,Chiroptera,Hipposideridae,31.87,1.5034,1.5,Y,NA,NA,NA,NA,NA,Y,carnivore,carnivore_invertebrate,100.0,100.0,0.0,0.0,N
Hipposideros ater,Hipposideros_ater,Chiroptera,Hipposideridae,7.125,0.8528,0.99,Y,1.25,1.238,0.1737,0.0969,-0.7602,Y,carnivore,carnivore_invertebrate,100.0,100.0,0.0,0.0,N
Hipposideros bicolor,Hipposideros_bicolor,Chiroptera,Hipposideridae,8.39,0.9238,0.99,Y,1.2,1.188,0.1416,0.0792,-0.8489,Y,carnivore,carnivore_invertebrate,100.0,100.0,0.0,0.0,N
Hipposideros caffer,Hipposideros_caffer,Chiroptera,Hipposideridae,9.46,0.9759,0.995,Y,2.79,2.776,0.2935,0.4456,-0.5325,Y,carnivore,carnivore_invertebrate,100.0,100.0,0.0,0.0,N
Hipposideros calcaratus,Hipposideros_calcaratus,Chiroptera,Hipposideridae,18.99,1.2785,1.5,N,NA,NA,NA,NA,NA,Y,carnivore,carnivore_invertebrate,100.0,100.0,0.0,0.0,N
Hipposideros cervinus,Hipposideros_cervinus,Chiroptera,Hipposideridae,8.505,0.9297,0.995,N,1.31,1.303,0.1533,0.1173,-0.8146,Y,carnivore,carnivore_invertebrate,100.0,100.0,0.0,0.0,N
Hipposideros cineraceus,Hipposideros_cineraceus,Chiroptera,Hipposideridae,3.84,0.5843,0.98,Y,NA,NA,NA,NA,NA,Y,carnivore,carnivore_invertebrate,100.0,100.0,0.0,0.0,N
Hipposideros cyclops,Hipposideros_cyclops,Chiroptera,Hipposideridae,32.92,1.5175,1.0,Y,NA,NA,NA,NA,NA,Y,carnivore,carnivore_invertebrate,100.0,100.0,0.0,0.0,N
Hipposideros demissus,Hipposideros_demissus,Chiroptera,Hipposideridae,46.9,1.6712,1.0,N,NA,NA,NA,NA,NA,Y,carnivore,carnivore_invertebrate,100.0,100.0,0.0,0.0,Y
Hipposideros diadema,Hipposideros_diadema,Chiroptera,Hipposideridae,46.9,1.6712,1.0,Y,NA,NA,NA,NA,NA,Y,carnivore,carnivore_invertebrate,100.0,100.0,0.0,0.0,N
Hipposideros durgadasi,Hipposideros_durgadasi,Chiroptera,Hipposideridae,3.84,0.5843,0.98,N,NA,NA,NA,NA,NA,Y,carnivore,carnivore_invertebrate,100.0,100.0,0.0,0.0,Y
Hipposideros fulvus,Hipposideros_fulvus,Chiroptera,Hipposideridae,8.39,0.9238,0.995,Y,2.34,2.328,0.2775,0.3692,-0.5567,Y,carnivore,carnivore_invertebrate,100.0,100.0,0.0,0.0,N
Hipposideros galeritus,Hipposideros_galeritus,Chiroptera,Hipposideridae,9.335,0.9701,0.99,Y,NA,NA,NA,NA,NA,Y,carnivore,carnivore_invertebrate,100.0,100.0,0.0,0.0,N
Hipposideros grandis,Hipposideros_grandis,Chiroptera,Hipposideridae,19.95,1.2999,0.98,N,NA,NA,NA,NA,NA,Y,carnivore,carnivore_invertebrate,100.0,100.0,0.0,0.0,Y
Hipposideros inornatus,Hipposideros_inornatus,Chiroptera,Hipposideridae,40.45,1.6069,1.0,N,NA,NA,NA,NA,NA,Y,carnivore,carnivore_invertebrate,100.0,100.0,0.0,0.0,Y
Hipposideros khaokhouayensis,Hipposideros_khaokhouayensis,Chiroptera,Hipposideridae,8.7,0.9395,0.99,N,NA,NA,NA,NA,NA,Y,carnivore,carnivore_unknown,NA,NA,NA,NA,NA
Hipposideros lankadiva,Hipposideros_lankadiva,Chiroptera,Hipposideridae,44.76,1.6509,0.99,Y,8.71,8.623,0.1926,0.94,-0.7152,Y,carnivore,carnivore_invertebrate,100.0,100.0,0.0,0.0,N
Hipposideros larvatus,Hipposideros_larvatus,Chiroptera,Hipposideridae,19.95,1.2999,0.98,Y,3.75,3.675,0.1842,0.574,-0.7347,Y,carnivore,carnivore_invertebrate,100.0,100.0,0.0,0.0,N
Hipposideros macrobullatus,Hipposideros_macrobullatus,Chiroptera,Hipposideridae,8.39,0.9238,0.99,N,NA,NA,NA,NA,NA,Y,carnivore,carnivore_invertebrate,100.0,100.0,0.0,0.0,N
Hipposideros madurae,Hipposideros_madurae,Chiroptera,Hipposideridae,19.95,1.2999,0.98,N,NA,NA,NA,NA,NA,Y,carnivore,carnivore_invertebrate,100.0,100.0,0.0,0.0,Y
Hipposideros pomona,Hipposideros_pomona,Chiroptera,Hipposideridae,9.248,0.966,0.99,N,NA,NA,NA,NA,NA,Y,carnivore,carnivore_invertebrate,100.0,100.0,0.0,0.0,N
Hipposideros ridleyi,Hipposideros_ridleyi,Chiroptera,Hipposideridae,9.59,0.9818,0.98,Y,NA,NA,NA,NA,NA,Y,carnivore,carnivore_invertebrate,100.0,100.0,0.0,0.0,N
Hipposideros ruber,Hipposideros_ruber,Chiroptera,Hipposideridae,10.035,1.0015,1.0,Y,NA,NA,NA,NA,NA,Y,carnivore,carnivore_invertebrate,100.0,100.0,0.0,0.0,N
Hipposideros speoris,Hipposideros_speoris,Chiroptera,Hipposideridae,10.39,1.0166,0.995,Y,2.1,2.09,0.2011,0.3222,-0.6966,Y,carnivore,carnivore_invertebrate,100.0,100.0,0.0,0.0,N
Hipposideros sumbae,Hipposideros_sumbae,Chiroptera,Hipposideridae,19.95,1.2999,0.98,N,NA,NA,NA,NA,NA,Y,carnivore,carnivore_invertebrate,100.0,100.0,0.0,0.0,Y
Hipposideros turpis,Hipposideros_turpis,Chiroptera,Hipposideridae,33.31,1.5226,1.0,Y,3.0,3.0,0.0901,0.4771,-1.0455,Y,carnivore,carnivore_invertebrate,100.0,100.0,0.0,0.0,N
Rhinonicteris aurantia,Rhinonicteris_aurantia,Chiroptera,Hipposideridae,8.3,0.9191,1.0,Y,2.52,2.52,0.3036,0.4014,-0.5177,Y,carnivore,carnivore_invertebrate,100.0,100.0,0.0,0.0,N
Cardioderma cor,Cardioderma_cor,Chiroptera,Megadermatidae,26.45,1.4224,1.0,Y,NA,NA,NA,NA,NA,Y,carnivore,carnivore_invertebrate,100.0,100.0,0.0,0.0,N
Lavia frons,Lavia_frons,Chiroptera,Megadermatidae,28.0,1.4472,1.0,Y,NA,NA,NA,NA,NA,Y,carnivore,carnivore_invertebrate,100.0,100.0,0.0,0.0,N
Macroderma gigas,Macroderma_gigas,Chiroptera,Megadermatidae,139.0,2.143,1.0,Y,21.61,21.61,0.1555,1.3347,-0.8084,Y,carnivore,carnivore_vertebrate,100.0,20.0,80.0,0.0,N
Megaderma spasma,Megaderma_spasma,Chiroptera,Megadermatidae,38.6,1.5866,1.0,Y,NA,NA,NA,NA,NA,Y,carnivore,carnivore_vertebrate,100.0,40.0,60.0,0.0,N
Miniopterus australis,Miniopterus_australis,Chiroptera,Miniopteridae,7.4,0.8692,0.995,Y,NA,NA,NA,NA,NA,Y,carnivore,carnivore_invertebrate,100.0,100.0,0.0,0.0,N
Miniopterus fraterculus,Miniopterus_fraterculus,Chiroptera,Miniopteridae,7.38,0.8681,1.0,Y,NA,NA,NA,NA,NA,Y,carnivore,carnivore_invertebrate,100.0,100.0,0.0,0.0,N
Miniopterus fuscus,Miniopterus_fuscus,Chiroptera,Miniopteridae,10.905,1.0376,1.0,N,NA,NA,NA,NA,NA,Y,carnivore,carnivore_invertebrate,100.0,100.0,0.0,0.0,N
Miniopterus inflatus,Miniopterus_inflatus,Chiroptera,Miniopteridae,14.9,1.1732,0.99,Y,NA,NA,NA,NA,NA,Y,carnivore,carnivore_invertebrate,100.0,100.0,0.0,0.0,N
Miniopterus macrocneme,Miniopterus_macrocneme,Chiroptera,Miniopteridae,7.565,0.8788,1.0,Y,NA,NA,NA,NA,NA,Y,carnivore,carnivore_unknown,NA,NA,NA,NA,NA
Miniopterus magnater,Miniopterus_magnater,Chiroptera,Miniopteridae,13.0,1.1139,1.0,N,NA,NA,NA,NA,NA,Y,carnivore,carnivore_invertebrate,100.0,100.0,0.0,0.0,N
Miniopterus majori,Miniopterus_majori,Chiroptera,Miniopteridae,11.46,1.0592,0.995,N,NA,NA,NA,NA,NA,Y,carnivore,carnivore_invertebrate,100.0,100.0,0.0,0.0,N
Miniopterus medius,Miniopterus_medius,Chiroptera,Miniopteridae,10.91,1.0378,1.0,Y,NA,NA,NA,NA,NA,Y,carnivore,carnivore_invertebrate,100.0,100.0,0.0,0.0,N
Miniopterus natalensis,Miniopterus_natalensis,Chiroptera,Miniopteridae,11.185,1.0486,0.995,Y,3.0,2.985,0.2669,0.4771,-0.5737,Y,carnivore,carnivore_invertebrate,100.0,100.0,0.0,0.0,N
Miniopterus paululus,Miniopterus_paululus,Chiroptera,Miniopteridae,7.53,0.8768,1.0,N,NA,NA,NA,NA,NA,Y,carnivore,carnivore_invertebrate,100.0,100.0,0.0,0.0,N
Miniopterus petersoni,Miniopterus_petersoni,Chiroptera,Miniopteridae,6.0,0.7782,1.0,N,NA,NA,NA,NA,NA,Y,carnivore,carnivore_unknown,NA,NA,NA,NA,NA
Miniopterus pusillus,Miniopterus_pusillus,Chiroptera,Miniopteridae,7.6,0.8808,0.995,N,NA,NA,NA,NA,NA,Y,carnivore,carnivore_invertebrate,100.0,100.0,0.0,0.0,N
Miniopterus schreibersii,Miniopterus_schreibersii,Chiroptera,Miniopteridae,11.185,1.0486,0.995,Y,2.86,2.846,0.2544,0.4564,-0.5944,Y,carnivore,carnivore_invertebrate,100.0,100.0,0.0,0.0,N
Miniopterus shortridgei,Miniopterus_shortridgei,Chiroptera,Miniopteridae,7.4,0.8692,0.995,N,NA,NA,NA,NA,NA,Y,carnivore,carnivore_invertebrate,100.0,100.0,0.0,0.0,N
Miniopterus sororculus,Miniopterus_sororculus,Chiroptera,Miniopteridae,8.0,0.9031,1.0,N,NA,NA,NA,NA,NA,Y,carnivore,carnivore_unknown,NA,NA,NA,NA,NA
Austronomus australis,Austronomus_australis,Chiroptera,Molossidae,36.4,1.5611,1.0,Y,4.53,4.53,0.1245,0.6561,-0.905,Y,carnivore,carnivore_invertebrate,100.0,100.0,0.0,0.0,N
Austronomus kuboriensis,Austronomus_kuboriensis,Chiroptera,Molossidae,31.6,1.4997,1.0,N,NA,NA,NA,NA,NA,Y,carnivore,carnivore_invertebrate,100.0,100.0,0.0,0.0,Y
Chaerephon bivittatus,Chaerephon_bivittatus,Chiroptera,Molossidae,12.58,1.0997,1.0,N,NA,NA,NA,NA,NA,Y,carnivore,carnivore_invertebrate,100.0,100.0,0.0,0.0,N
Chaerephon major,Chaerephon_major,Chiroptera,Molossidae,15.17,1.181,1.0,Y,NA,NA,NA,NA,NA,Y,carnivore,carnivore_invertebrate,100.0,100.0,0.0,0.0,N
Chaerephon plicatus,Chaerephon_plicatus,Chiroptera,Molossidae,21.83,1.3391,0.99,Y,4.5,4.455,0.2041,0.6532,-0.6902,Y,carnivore,carnivore_invertebrate,100.0,100.0,0.0,0.0,N
Chaerephon pumilus,Chaerephon_pumilus,Chiroptera,Molossidae,10.98,1.0406,1.0,Y,3.63,3.63,0.3306,0.5599,-0.4807,Y,carnivore,carnivore_invertebrate,100.0,100.0,0.0,0.0,N
Chaerephon russatus,Chaerephon_russatus,Chiroptera,Molossidae,16.98,1.2299,0.99,Y,NA,NA,NA,NA,NA,Y,carnivore,carnivore_invertebrate,100.0,100.0,0.0,0.0,N
Cynomops abrasus,Cynomops_abrasus,Chiroptera,Molossidae,35.39,1.5489,0.98,Y,NA,NA,NA,NA,NA,Y,carnivore,carnivore_invertebrate,100.0,100.0,0.0,0.0,N
Cynomops greenhalli,Cynomops_greenhalli,Chiroptera,Molossidae,15.87,1.2006,0.99,Y,NA,NA,NA,NA,NA,Y,carnivore,carnivore_invertebrate,100.0,100.0,0.0,0.0,N
Cynomops planirostris,Cynomops_planirostris,Chiroptera,Molossidae,12.84,1.1086,1.0,Y,NA,NA,NA,NA,NA,Y,carnivore,carnivore_invertebrate,100.0,100.0,0.0,0.0,N
Eumops auripendulus,Eumops_auripendulus,Chiroptera,Molossidae,28.49,1.4547,0.99,Y,NA,NA,NA,NA,NA,Y,carnivore,carnivore_invertebrate,100.0,100.0,0.0,0.0,N
Eumops bonariensis,Eumops_bonariensis,Chiroptera,Molossidae,12.22,1.0871,1.0,Y,1.24,1.24,0.1015,0.0934,-0.9936,Y,carnivore,carnivore_invertebrate,100.0,100.0,0.0,0.0,N
Eumops dabbenei,Eumops_dabbenei,Chiroptera,Molossidae,58.5,1.7672,1.0,N,NA,NA,NA,NA,NA,Y,carnivore,carnivore_invertebrate,100.0,100.0,0.0,0.0,N
Eumops floridanus,Eumops_floridanus,Chiroptera,Molossidae,38.4,1.5843,1.02,N,NA,NA,NA,NA,NA,Y,carnivore,carnivore_unknown,NA,NA,NA,NA,NA
Eumops glaucinus,Eumops_glaucinus,Chiroptera,Molossidae,36.4,1.5611,1.02,Y,4.27,4.355,0.1197,0.6304,-0.9221,Y,carnivore,carnivore_invertebrate,100.0,100.0,0.0,0.0,N
Eumops patagonicus,Eumops_patagonicus,Chiroptera,Molossidae,12.22,1.0871,1.0,N,NA,NA,NA,NA,NA,Y,carnivore,carnivore_invertebrate,100.0,100.0,0.0,0.0,Y
Eumops perotis,Eumops_perotis,Chiroptera,Molossidae,56.5,1.752,1.0,Y,7.53,7.53,0.1333,0.8768,-0.8753,Y,carnivore,carnivore_invertebrate,100.0,100.0,0.0,0.0,N
Eumops trumbulli,Eumops_trumbulli,Chiroptera,Molossidae,56.5,1.752,1.0,N,NA,NA,NA,NA,NA,Y,carnivore,carnivore_invertebrate,100.0,100.0,0.0,0.0,Y
Eumops underwoodi,Eumops_underwoodi,Chiroptera,Molossidae,59.835,1.777,1.0,Y,NA,NA,NA,NA,NA,Y,carnivore,carnivore_invertebrate,100.0,100.0,0.0,0.0,N
Eumops wilsoni,Eumops_wilsoni,Chiroptera,Molossidae,36.4,1.5611,1.02,N,NA,NA,NA,NA,NA,Y,carnivore,carnivore_unknown,NA,NA,NA,NA,NA
Molossops temminckii,Molossops_temminckii,Chiroptera,Molossidae,5.86,0.7679,0.99,Y,NA,NA,NA,NA,NA,Y,carnivore,carnivore_invertebrate,100.0,100.0,0.0,0.0,N
Molossus aztecus,Molossus_aztecus,Chiroptera,Molossidae,14.0,1.1461,0.99,N,NA,NA,NA,NA,NA,Y,carnivore,carnivore_invertebrate,100.0,100.0,0.0,0.0,N
Molossus coibensis,Molossus_coibensis,Chiroptera,Molossidae,13.925,1.1438,0.992,N,NA,NA,NA,NA,NA,Y,carnivore,carnivore_invertebrate,100.0,100.0,0.0,0.0,N
Molossus currentium,Molossus_currentium,Chiroptera,Molossidae,14.0,1.1461,0.99,Y,NA,NA,NA,NA,NA,Y,carnivore,carnivore_invertebrate,100.0,100.0,0.0,0.0,N
Molossus molossus,Molossus_molossus,Chiroptera,Molossidae,13.85,1.1414,0.99,Y,3.49,3.455,0.2495,0.5428,-0.603,Y,carnivore,carnivore_invertebrate,100.0,100.0,0.0,0.0,N
Molossus pretiosus,Molossus_pretiosus,Chiroptera,Molossidae,98.0,1.9912,0.98,Y,NA,NA,NA,NA,NA,Y,carnivore,carnivore_invertebrate,100.0,100.0,0.0,0.0,N
Molossus sinaloae,Molossus_sinaloae,Chiroptera,Molossidae,21.09,1.3241,1.015,Y,3.79,3.847,0.1824,0.5786,-0.739,Y,carnivore,carnivore_invertebrate,100.0,100.0,0.0,0.0,N
Mops brachypterus,Mops_brachypterus,Chiroptera,Molossidae,16.0,1.2041,0.99,Y,NA,NA,NA,NA,NA,Y,carnivore,carnivore_invertebrate,100.0,100.0,0.0,0.0,N
Mops condylurus,Mops_condylurus,Chiroptera,Molossidae,26.59,1.4247,1.0,Y,8.03,8.03,0.302,0.9047,-0.52,Y,carnivore,carnivore_invertebrate,100.0,100.0,0.0,0.0,N
Mops congicus,Mops_congicus,Chiroptera,Molossidae,42.84,1.6318,0.99,Y,NA,NA,NA,NA,NA,Y,carnivore,carnivore_invertebrate,100.0,100.0,0.0,0.0,N
Mops demonstrator,Mops_demonstrator,Chiroptera,Molossidae,9.74,0.9886,1.0,Y,NA,NA,NA,NA,NA,Y,carnivore,carnivore_invertebrate,100.0,100.0,0.0,0.0,N
Mops leucostigma,Mops_leucostigma,Chiroptera,Molossidae,26.69,1.4263,1.0,N,NA,NA,NA,NA,NA,Y,carnivore,carnivore_invertebrate,100.0,100.0,0.0,0.0,Y
Mops midas,Mops_midas,Chiroptera,Molossidae,35.0,1.5441,1.0,Y,9.5,9.5,0.2714,0.9777,-0.5663,Y,carnivore,carnivore_invertebrate,100.0,100.0,0.0,0.0,N
Mops nanulus,Mops_nanulus,Chiroptera,Molossidae,3.88,0.5888,1.0,Y,NA,NA,NA,NA,NA,Y,carnivore,carnivore_invertebrate,100.0,100.0,0.0,0.0,N
Mops niangarae,Mops_niangarae,Chiroptera,Molossidae,21.23,1.3269,0.98,N,NA,NA,NA,NA,NA,Y,carnivore,carnivore_invertebrate,100.0,100.0,0.0,0.0,N
Mops niveiventer,Mops_niveiventer,Chiroptera,Molossidae,15.78,1.1981,1.0,Y,NA,NA,NA,NA,NA,Y,carnivore,carnivore_invertebrate,100.0,100.0,0.0,0.0,N
Mops thersites,Mops_thersites,Chiroptera,Molossidae,21.99,1.3422,1.0,Y,NA,NA,NA,NA,NA,Y,carnivore,carnivore_invertebrate,100.0,100.0,0.0,0.0,N
Mops trevori,Mops_trevori,Chiroptera,Molossidae,21.23,1.3269,0.98,Y,NA,NA,NA,NA,NA,Y,carnivore,carnivore_invertebrate,100.0,100.0,0.0,0.0,N
Mormopterus norfolkensis,Mormopterus_norfolkensis,Chiroptera,Molossidae,8.0,0.9031,1.0,Y,NA,NA,NA,NA,NA,Y,carnivore,carnivore_invertebrate,100.0,100.0,0.0,0.0,N
Mormopterus planiceps,Mormopterus_planiceps,Chiroptera,Molossidae,9.24,0.9657,0.99,Y,2.06,2.039,0.2207,0.3139,-0.6562,Y,carnivore,carnivore_invertebrate,100.0,100.0,0.0,0.0,N
Nyctinomops aurispinosus,Nyctinomops_aurispinosus,Chiroptera,Molossidae,18.43,1.2655,1.0,Y,NA,NA,NA,NA,NA,Y,carnivore,carnivore_invertebrate,100.0,100.0,0.0,0.0,N
Nyctinomops femorosaccus,Nyctinomops_femorosaccus,Chiroptera,Molossidae,14.5,1.1614,0.99,Y,NA,NA,NA,NA,NA,Y,carnivore,carnivore_invertebrate,100.0,100.0,0.0,0.0,N
Nyctinomops laticaudatus,Nyctinomops_laticaudatus,Chiroptera,Molossidae,13.56,1.1323,0.995,Y,4.01,3.99,0.2942,0.6031,-0.5313,Y,carnivore,carnivore_invertebrate,100.0,100.0,0.0,0.0,N
Nyctinomops macrotis,Nyctinomops_macrotis,Chiroptera,Molossidae,23.0,1.3617,0.995,Y,4.94,4.915,0.2137,0.6937,-0.6702,Y,carnivore,carnivore_invertebrate,100.0,100.0,0.0,0.0,N
Otomops madagascariensis,Otomops_madagascariensis,Chiroptera,Molossidae,34.92,1.5431,0.99,N,NA,NA,NA,NA,NA,Y,carnivore,carnivore_invertebrate,100.0,100.0,0.0,0.0,Y
Otomops martiensseni,Otomops_martiensseni,Chiroptera,Molossidae,34.92,1.5431,0.99,Y,7.99,7.91,0.2265,0.9025,-0.6449,Y,carnivore,carnivore_invertebrate,100.0,100.0,0.0,0.0,N
Otomops wroughtoni,Otomops_wroughtoni,Chiroptera,Molossidae,39.15,1.5927,1.0,Y,NA,NA,NA,NA,NA,Y,carnivore,carnivore_invertebrate,100.0,100.0,0.0,0.0,N
Platymops setiger,Platymops_setiger,Chiroptera,Molossidae,5.37,0.73,1.0,Y,NA,NA,NA,NA,NA,Y,carnivore,carnivore_invertebrate,100.0,100.0,0.0,0.0,N
Promops centralis,Promops_centralis,Chiroptera,Molossidae,29.8,1.4742,0.99,Y,2.44,2.416,0.0811,0.3874,-1.0912,Y,carnivore,carnivore_invertebrate,100.0,100.0,0.0,0.0,N
Promops davisoni,Promops_davisoni,Chiroptera,Molossidae,50.0,1.699,0.99,N,NA,NA,NA,NA,NA,Y,carnivore,carnivore_unknown,NA,NA,NA,NA,NA
Tadarida aegyptiaca,Tadarida_aegyptiaca,Chiroptera,Molossidae,20.5,1.3118,1.0,Y,3.0,3.0,0.1463,0.4771,-0.8346,Y,carnivore,carnivore_invertebrate,100.0,100.0,0.0,0.0,N
Tadarida brasiliensis,Tadarida_brasiliensis,Chiroptera,Molossidae,12.5,1.0969,1.055,Y,3.19,3.365,0.2692,0.5038,-0.5699,Y,carnivore,carnivore_invertebrate,100.0,100.0,0.0,0.0,N
Tadarida fulminans,Tadarida_fulminans,Chiroptera,Molossidae,33.89,1.5301,1.0,Y,NA,NA,NA,NA,NA,Y,carnivore,carnivore_invertebrate,100.0,100.0,0.0,0.0,N
Tadarida insignis,Tadarida_insignis,Chiroptera,Molossidae,35.0,1.5441,1.0,N,NA,NA,NA,NA,NA,Y,carnivore,carnivore_invertebrate,100.0,100.0,0.0,0.0,Y
Tadarida latouchei,Tadarida_latouchei,Chiroptera,Molossidae,35.0,1.5441,1.0,N,NA,NA,NA,NA,NA,Y,carnivore,carnivore_invertebrate,100.0,100.0,0.0,0.0,Y
Tadarida teniotis,Tadarida_teniotis,Chiroptera,Molossidae,35.0,1.5441,1.0,Y,NA,NA,NA,NA,NA,Y,carnivore,carnivore_invertebrate,100.0,100.0,0.0,0.0,N
Mormoops blainvillei,Mormoops_blainvillei,Chiroptera,Mormoopidae,10.345,1.0147,1.0,N,NA,NA,NA,NA,NA,Y,carnivore,carnivore_invertebrate,100.0,100.0,0.0,0.0,N
Mormoops megalophylla,Mormoops_megalophylla,Chiroptera,Mormoopidae,16.045,1.2053,1.0,Y,0.91,0.91,0.0567,-0.041,-1.2463,Y,carnivore,carnivore_invertebrate,100.0,100.0,0.0,0.0,N
Pteronotus davyi,Pteronotus_davyi,Chiroptera,Mormoopidae,9.4,0.9731,0.995,Y,1.15,1.144,0.1217,0.0607,-0.9146,Y,carnivore,carnivore_invertebrate,100.0,100.0,0.0,0.0,N
Pteronotus gymnonotus,Pteronotus_gymnonotus,Chiroptera,Mormoopidae,13.6,1.1335,0.98,Y,NA,NA,NA,NA,NA,Y,carnivore,carnivore_invertebrate,100.0,100.0,0.0,0.0,N
Pteronotus macleayii,Pteronotus_macleayii,Chiroptera,Mormoopidae,12.39,1.0931,1.0,N,NA,NA,NA,NA,NA,Y,carnivore,carnivore_invertebrate,100.0,100.0,0.0,0.0,N
Pteronotus mesoamericanus,Pteronotus_mesoamericanus,Chiroptera,Mormoopidae,19.395,1.2877,0.995,N,NA,NA,NA,NA,NA,Y,carnivore,carnivore_unknown,NA,NA,NA,NA,NA
Pteronotus paraguanensis,Pteronotus_paraguanensis,Chiroptera,Mormoopidae,13.9,1.143,0.995,N,NA,NA,NA,NA,NA,Y,carnivore,carnivore_unknown,NA,NA,NA,NA,NA
Pteronotus parnellii,Pteronotus_parnellii,Chiroptera,Mormoopidae,19.395,1.2877,0.995,Y,NA,NA,NA,NA,NA,Y,carnivore,carnivore_invertebrate,100.0,100.0,0.0,0.0,N
Pteronotus personatus,Pteronotus_personatus,Chiroptera,Mormoopidae,10.995,1.0412,0.98,Y,NA,NA,NA,NA,NA,Y,carnivore,carnivore_invertebrate,100.0,100.0,0.0,0.0,N
Pteronotus quadridens,Pteronotus_quadridens,Chiroptera,Mormoopidae,5.27,0.7218,1.21,Y,2.14,2.589,0.4913,0.3304,-0.3086,Y,carnivore,carnivore_invertebrate,100.0,100.0,0.0,0.0,N
Pteronotus rubiginosus,Pteronotus_rubiginosus,Chiroptera,Mormoopidae,19.395,1.2877,0.995,N,NA,NA,NA,NA,NA,Y,carnivore,carnivore_unknown,NA,NA,NA,NA,NA
Mystacina robusta,Mystacina_robusta,Chiroptera,Mystacinidae,24.25,1.3847,1.0,N,NA,NA,NA,NA,NA,Y,omnivore,omnivore,0.0,0.0,0.0,0.0,Y
Mystacina tuberculata,Mystacina_tuberculata,Chiroptera,Mystacinidae,15.0,1.1761,1.0,Y,3.2,3.2,0.2133,0.5051,-0.6709,Y,omnivore,omnivore,0.0,0.0,0.0,0.0,Y
Chilonatalus micropus,Chilonatalus_micropus,Chiroptera,Natalidae,3.0,0.4771,1.0,N,NA,NA,NA,NA,NA,Y,carnivore,carnivore_invertebrate,100.0,100.0,0.0,0.0,N
Natalus espiritosantensis,Natalus_espiritosantensis,Chiroptera,Natalidae,6.0,0.7782,1.0,N,NA,NA,NA,NA,NA,Y,carnivore,carnivore_unknown,NA,NA,NA,NA,NA
Natalus jamaicensis,Natalus_jamaicensis,Chiroptera,Natalidae,4.7,0.6721,1.0,N,NA,NA,NA,NA,NA,Y,carnivore,carnivore_invertebrate,100.0,100.0,0.0,0.0,Y
Natalus major,Natalus_major,Chiroptera,Natalidae,4.7,0.6721,1.0,N,NA,NA,NA,NA,NA,Y,carnivore,carnivore_invertebrate,100.0,100.0,0.0,0.0,Y
Natalus mexicanus,Natalus_mexicanus,Chiroptera,Natalidae,5.3,0.7243,1.0,N,NA,NA,NA,NA,NA,Y,carnivore,carnivore_unknown,NA,NA,NA,NA,NA
Natalus primus,Natalus_primus,Chiroptera,Natalidae,4.7,0.6721,1.0,N,NA,NA,NA,NA,NA,Y,carnivore,carnivore_invertebrate,100.0,100.0,0.0,0.0,Y
Natalus stramineus,Natalus_stramineus,Chiroptera,Natalidae,4.7,0.6721,1.0,Y,1.83,1.83,0.3894,0.2625,-0.4096,Y,carnivore,carnivore_invertebrate,100.0,100.0,0.0,0.0,N
Noctilio albiventris,Noctilio_albiventris,Chiroptera,Noctilionidae,44.0,1.6435,1.0,Y,6.16,6.16,0.14,0.7896,-0.8539,Y,carnivore,carnivore_invertebrate,100.0,80.0,20.0,0.0,N
Noctilio leporinus,Noctilio_leporinus,Chiroptera,Noctilionidae,44.0,1.6435,1.0,N,NA,NA,NA,NA,NA,Y,carnivore,carnivore_invertebrate,100.0,50.0,50.0,0.0,N
Nycteris arge,Nycteris_arge,Chiroptera,Nycteridae,10.79,1.033,0.98,Y,4.0,3.92,0.3633,0.6021,-0.4397,Y,carnivore,carnivore_invertebrate,100.0,80.0,20.0,0.0,N
Nycteris aurita,Nycteris_aurita,Chiroptera,Nycteridae,7.98,0.902,0.995,N,NA,NA,NA,NA,NA,Y,carnivore,carnivore_invertebrate,100.0,60.0,40.0,0.0,Y
Nycteris gambiensis,Nycteris_gambiensis,Chiroptera,Nycteridae,8.165,0.912,1.0,N,NA,NA,NA,NA,NA,Y,carnivore,carnivore_invertebrate,100.0,80.0,20.0,0.0,N
Nycteris grandis,Nycteris_grandis,Chiroptera,Nycteridae,29.9,1.4757,1.0,Y,NA,NA,NA,NA,NA,Y,carnivore,carnivore_vertebrate,100.0,40.0,60.0,0.0,N
Nycteris hispida,Nycteris_hispida,Chiroptera,Nycteridae,7.98,0.902,0.995,Y,NA,NA,NA,NA,NA,Y,carnivore,carnivore_invertebrate,100.0,80.0,20.0,0.0,N
Nycteris javanica,Nycteris_javanica,Chiroptera,Nycteridae,17.78,1.2499,1.0,Y,NA,NA,NA,NA,NA,Y,carnivore,carnivore_invertebrate,100.0,80.0,20.0,0.0,N
Nycteris macrotis,Nycteris_macrotis,Chiroptera,Nycteridae,14.49,1.1611,0.99,Y,NA,NA,NA,NA,NA,Y,carnivore,carnivore_invertebrate,100.0,80.0,20.0,0.0,N
Nycteris madagascariensis,Nycteris_madagascariensis,Chiroptera,Nycteridae,16.09,1.2066,0.99,N,NA,NA,NA,NA,NA,Y,carnivore,carnivore_invertebrate,100.0,60.0,40.0,0.0,Y
Nycteris nana,Nycteris_nana,Chiroptera,Nycteridae,6.98,0.8439,1.0,Y,NA,NA,NA,NA,NA,Y,carnivore,carnivore_invertebrate,100.0,80.0,20.0,0.0,N
Nycteris thebaica,Nycteris_thebaica,Chiroptera,Nycteridae,9.2,0.9638,1.0,Y,NA,NA,NA,NA,NA,Y,carnivore,carnivore_invertebrate,100.0,80.0,20.0,0.0,N
Nycteris tragata,Nycteris_tragata,Chiroptera,Nycteridae,16.09,1.2066,1.0,N,NA,NA,NA,NA,NA,Y,carnivore,carnivore_invertebrate,100.0,80.0,20.0,0.0,N
Nycteris vinsoni,Nycteris_vinsoni,Chiroptera,Nycteridae,17.015,1.2308,0.99,N,NA,NA,NA,NA,NA,Y,carnivore,carnivore_invertebrate,100.0,60.0,40.0,0.0,Y
Ametrida centurio,Ametrida_centurio,Chiroptera,Phyllostomidae,11.305,1.0533,1.0,Y,NA,NA,NA,NA,NA,Y,herbivore,herbivore,0.0,0.0,0.0,100.0,N
Anoura caudifer,Anoura_caudifer,Chiroptera,Phyllostomidae,11.155,1.0475,0.995,Y,2.14,2.129,0.1909,0.3304,-0.7192,Y,omnivore,omnivore,30.0,30.0,0.0,30.0,N
Anoura cultrata,Anoura_cultrata,Chiroptera,Phyllostomidae,17.39,1.2403,1.22,Y,3.65,4.453,0.2561,0.5623,-0.5916,Y,herbivore,herbivore,30.0,30.0,0.0,30.0,N
Anoura geoffroyi,Anoura_geoffroyi,Chiroptera,Phyllostomidae,15.2,1.1818,1.0,Y,4.99,4.99,0.3283,0.6981,-0.4837,Y,carnivore,carnivore_invertebrate,30.0,30.0,0.0,30.0,N
Ardops nichollsi,Ardops_nichollsi,Chiroptera,Phyllostomidae,19.23,1.284,0.995,Y,2.52,2.507,0.1304,0.4014,-0.8848,Y,herbivore,herbivore,0.0,0.0,0.0,100.0,N
Artibeus fraterculus,Artibeus_fraterculus,Chiroptera,Phyllostomidae,45.65,1.6594,1.0,Y,NA,NA,NA,NA,NA,Y,omnivore,omnivore,10.0,10.0,0.0,80.0,N
Artibeus hirsutus,Artibeus_hirsutus,Chiroptera,Phyllostomidae,40.42,1.6066,0.98,Y,NA,NA,NA,NA,NA,Y,omnivore,omnivore,10.0,10.0,0.0,80.0,N
Artibeus jamaicensis,Artibeus_jamaicensis,Chiroptera,Phyllostomidae,46.1,1.6637,1.0,Y,10.57,10.57,0.2293,1.0241,-0.6396,Y,omnivore,omnivore,10.0,10.0,0.0,80.0,N
Artibeus lituratus,Artibeus_lituratus,Chiroptera,Phyllostomidae,46.1,1.6637,1.0,Y,8.9,8.9,0.1931,0.9494,-0.7143,Y,omnivore,omnivore,10.0,10.0,0.0,80.0,N
Artibeus obscurus,Artibeus_obscurus,Chiroptera,Phyllostomidae,45.65,1.6594,1.0,Y,NA,NA,NA,NA,NA,Y,omnivore,omnivore,10.0,10.0,0.0,80.0,N
Artibeus planirostris,Artibeus_planirostris,Chiroptera,Phyllostomidae,47.0,1.6721,1.0,N,NA,NA,NA,NA,NA,Y,omnivore,omnivore,NA,NA,NA,NA,NA
Artibeus schwartzi,Artibeus_schwartzi,Chiroptera,Phyllostomidae,46.1,1.6637,1.0,N,NA,NA,NA,NA,NA,Y,omnivore,omnivore,NA,NA,NA,NA,NA
Brachyphylla cavernarum,Brachyphylla_cavernarum,Chiroptera,Phyllostomidae,45.0,1.6532,1.0,Y,NA,NA,NA,NA,NA,Y,omnivore,omnivore,10.0,10.0,0.0,70.0,N
Brachyphylla nana,Brachyphylla_nana,Chiroptera,Phyllostomidae,45.0,1.6532,1.0,Y,13.34,13.34,0.2964,1.1252,-0.5281,Y,omnivore,omnivore,10.0,10.0,0.0,70.0,N
Carollia brevicauda,Carollia_brevicauda,Chiroptera,Phyllostomidae,14.85,1.1717,0.98,Y,NA,NA,NA,NA,NA,Y,omnivore,omnivore,0.0,0.0,0.0,100.0,N
Carollia castanea,Carollia_castanea,Chiroptera,Phyllostomidae,13.1,1.1173,0.99,Y,NA,NA,NA,NA,NA,Y,omnivore,omnivore,0.0,0.0,0.0,100.0,N
Carollia perspicillata,Carollia_perspicillata,Chiroptera,Phyllostomidae,16.4,1.2148,1.0,Y,4.89,4.89,0.2982,0.6893,-0.5255,Y,omnivore,omnivore,0.0,0.0,0.0,100.0,N
Carollia sowelli,Carollia_sowelli,Chiroptera,Phyllostomidae,16.5,1.2175,0.98,N,NA,NA,NA,NA,NA,Y,omnivore,omnivore,0.0,0.0,0.0,100.0,Y
Carollia subrufa,Carollia_subrufa,Chiroptera,Phyllostomidae,14.47,1.1605,0.985,Y,NA,NA,NA,NA,NA,Y,herbivore,herbivore,0.0,0.0,0.0,100.0,N
Centurio senex,Centurio_senex,Chiroptera,Phyllostomidae,23.09,1.3634,0.995,Y,NA,NA,NA,NA,NA,Y,herbivore,herbivore,0.0,0.0,0.0,100.0,N
Chiroderma doriae,Chiroderma_doriae,Chiroptera,Phyllostomidae,19.9,1.2989,1.0,Y,NA,NA,NA,NA,NA,Y,herbivore,herbivore,0.0,0.0,0.0,100.0,N
Chiroderma salvini,Chiroderma_salvini,Chiroptera,Phyllostomidae,26.3,1.42,0.99,Y,NA,NA,NA,NA,NA,Y,herbivore,herbivore,0.0,0.0,0.0,100.0,N
Chiroderma trinitatum,Chiroderma_trinitatum,Chiroptera,Phyllostomidae,13.91,1.1433,0.98,Y,NA,NA,NA,NA,NA,Y,herbivore,herbivore,0.0,0.0,0.0,100.0,N
Chiroderma villosum,Chiroderma_villosum,Chiroptera,Phyllostomidae,23.81,1.3768,0.99,Y,NA,NA,NA,NA,NA,Y,herbivore,herbivore,0.0,0.0,0.0,100.0,N
Choeroniscus godmani,Choeroniscus_godmani,Chiroptera,Phyllostomidae,7.9,0.8976,0.98,Y,NA,NA,NA,NA,NA,Y,omnivore,omnivore,30.0,30.0,0.0,40.0,N
Choeroniscus minor,Choeroniscus_minor,Chiroptera,Phyllostomidae,8.63,0.936,0.98,Y,NA,NA,NA,NA,NA,Y,omnivore,omnivore,30.0,30.0,0.0,40.0,N
Choeronycteris mexicana,Choeronycteris_mexicana,Chiroptera,Phyllostomidae,19.13,1.2817,0.995,Y,4.85,4.826,0.2523,0.6857,-0.5982,Y,omnivore,omnivore,20.0,20.0,0.0,40.0,N
Chrotopterus auritus,Chrotopterus_auritus,Chiroptera,Phyllostomidae,84.38,1.9262,0.995,Y,NA,NA,NA,NA,NA,Y,omnivore,omnivore,70.0,30.0,40.0,30.0,N
Dermanura anderseni,Dermanura_anderseni,Chiroptera,Phyllostomidae,6.91,0.8395,0.98,Y,NA,NA,NA,NA,NA,Y,omnivore,omnivore,10.0,10.0,0.0,80.0,N
Dermanura azteca,Dermanura_azteca,Chiroptera,Phyllostomidae,16.755,1.2241,0.99,Y,NA,NA,NA,NA,NA,Y,omnivore,omnivore,10.0,10.0,0.0,80.0,N
Dermanura cinerea,Dermanura_cinerea,Chiroptera,Phyllostomidae,12.7,1.1038,0.99,Y,NA,NA,NA,NA,NA,Y,omnivore,omnivore,10.0,10.0,0.0,80.0,N
Dermanura glauca,Dermanura_glauca,Chiroptera,Phyllostomidae,12.505,1.0971,0.99,N,NA,NA,NA,NA,NA,Y,omnivore,omnivore,10.0,10.0,0.0,80.0,N
Dermanura gnoma,Dermanura_gnoma,Chiroptera,Phyllostomidae,12.31,1.0903,0.99,N,NA,NA,NA,NA,NA,Y,omnivore,omnivore,10.0,10.0,0.0,80.0,Y
Dermanura phaeotis,Dermanura_phaeotis,Chiroptera,Phyllostomidae,11.69,1.0678,0.99,Y,2.52,2.495,0.2134,0.4014,-0.6708,Y,omnivore,omnivore,10.0,10.0,0.0,80.0,N
Dermanura rosenbergi,Dermanura_rosenbergi,Chiroptera,Phyllostomidae,10.2,1.0086,0.99,N,NA,NA,NA,NA,NA,Y,omnivore,omnivore,NA,NA,NA,NA,NA
Dermanura tolteca,Dermanura_tolteca,Chiroptera,Phyllostomidae,14.085,1.1488,0.99,Y,NA,NA,NA,NA,NA,Y,omnivore,omnivore,10.0,10.0,0.0,80.0,N
Dermanura watsoni,Dermanura_watsoni,Chiroptera,Phyllostomidae,12.31,1.0903,0.995,Y,NA,NA,NA,NA,NA,Y,omnivore,omnivore,10.0,10.0,0.0,80.0,Y
Desmodus rotundus,Desmodus_rotundus,Chiroptera,Phyllostomidae,33.18,1.5209,1.0,Y,6.94,6.94,0.2092,0.8414,-0.6795,Y,carnivore,carnivore_vertebrate,100.0,0.0,100.0,0.0,N
Diaemus youngi,Diaemus_youngi,Chiroptera,Phyllostomidae,36.6,1.5635,1.0,N,NA,NA,NA,NA,NA,Y,carnivore,carnivore_vertebrate,100.0,0.0,100.0,0.0,N
Diphylla ecaudata,Diphylla_ecaudata,Chiroptera,Phyllostomidae,28.11,1.4489,1.0,Y,4.8,4.8,0.1708,0.6812,-0.7676,Y,carnivore,carnivore_vertebrate,100.0,0.0,100.0,0.0,N
Ectophylla alba,Ectophylla_alba,Chiroptera,Phyllostomidae,5.55,0.7443,0.995,Y,NA,NA,NA,NA,NA,Y,herbivore,herbivore,0.0,0.0,0.0,100.0,N
Enchisthenes hartii,Enchisthenes_hartii,Chiroptera,Phyllostomidae,16.99,1.2302,0.99,Y,NA,NA,NA,NA,NA,Y,herbivore,herbivore,10.0,10.0,0.0,80.0,N
Erophylla bombifrons,Erophylla_bombifrons,Chiroptera,Phyllostomidae,16.1,1.2068,1.0,N,NA,NA,NA,NA,NA,Y,omnivore,omnivore,40.0,40.0,0.0,30.0,N
Erophylla sezekorni,Erophylla_sezekorni,Chiroptera,Phyllostomidae,16.1,1.2068,1.0,Y,0.85,0.85,0.0528,-0.0706,-1.2774,Y,omnivore,omnivore,30.0,30.0,0.0,40.0,N
Glossophaga commissarisi,Glossophaga_commissarisi,Chiroptera,Phyllostomidae,9.3,0.9685,1.0,Y,NA,NA,NA,NA,NA,Y,omnivore,omnivore,40.0,40.0,0.0,30.0,N
Glossophaga leachii,Glossophaga_leachii,Chiroptera,Phyllostomidae,10.7,1.0294,1.0,Y,NA,NA,NA,NA,NA,Y,omnivore,omnivore,40.0,40.0,0.0,30.0,N
Glossophaga longirostris,Glossophaga_longirostris,Chiroptera,Phyllostomidae,10.9,1.0374,1.0,Y,NA,NA,NA,NA,NA,Y,omnivore,omnivore,40.0,40.0,0.0,30.0,N
Glossophaga morenoi,Glossophaga_morenoi,Chiroptera,Phyllostomidae,8.54,0.9315,1.0,Y,NA,NA,NA,NA,NA,Y,omnivore,omnivore,40.0,40.0,0.0,30.0,N
Glossophaga soricina,Glossophaga_soricina,Chiroptera,Phyllostomidae,10.25,1.0107,1.0,Y,NA,NA,NA,NA,NA,Y,herbivore,herbivore,40.0,40.0,0.0,30.0,N
Glyphonycteris daviesi,Glyphonycteris_daviesi,Chiroptera,Phyllostomidae,18.61,1.2697,0.98,Y,NA,NA,NA,NA,NA,Y,omnivore,omnivore,80.0,80.0,0.0,20.0,N
Hylonycteris underwoodi,Hylonycteris_underwoodi,Chiroptera,Phyllostomidae,7.5,0.8751,1.0,Y,1.19,1.19,0.1587,0.0755,-0.7995,Y,herbivore,herbivore,10.0,10.0,0.0,40.0,N
Lampronycteris brachyotis,Lampronycteris_brachyotis,Chiroptera,Phyllostomidae,10.39,1.0166,0.98,Y,NA,NA,NA,NA,NA,Y,omnivore,omnivore,80.0,80.0,0.0,20.0,N
Leptonycteris curasoae,Leptonycteris_curasoae,Chiroptera,Phyllostomidae,25.0,1.3979,0.995,Y,NA,NA,NA,NA,NA,Y,herbivore,herbivore,20.0,20.0,0.0,40.0,N
Leptonycteris nivalis,Leptonycteris_nivalis,Chiroptera,Phyllostomidae,22.63,1.3547,1.0,Y,7.8,7.8,0.3447,0.8921,-0.4626,Y,omnivore,omnivore,20.0,20.0,0.0,40.0,N
Leptonycteris yerbabuenae,Leptonycteris_yerbabuenae,Chiroptera,Phyllostomidae,24.26,1.3849,1.0,Y,7.1,7.1,0.2927,0.8513,-0.5336,Y,herbivore,herbivore,20.0,20.0,0.0,40.0,Y
Lichonycteris obscura,Lichonycteris_obscura,Chiroptera,Phyllostomidae,6.5,0.8129,0.98,Y,NA,NA,NA,NA,NA,Y,herbivore,herbivore,0.0,0.0,0.0,50.0,N
Lionycteris spurrelli,Lionycteris_spurrelli,Chiroptera,Phyllostomidae,8.85,0.9469,0.98,Y,NA,NA,NA,NA,NA,Y,omnivore,omnivore,30.0,30.0,0.0,60.0,Y
Lonchophylla concava,Lonchophylla_concava,Chiroptera,Phyllostomidae,7.4,0.8692,0.98,N,NA,NA,NA,NA,NA,Y,omnivore,omnivore,NA,NA,NA,NA,NA
Lonchophylla mordax,Lonchophylla_mordax,Chiroptera,Phyllostomidae,21.56,1.3336,0.98,Y,NA,NA,NA,NA,NA,Y,omnivore,omnivore,40.0,40.0,0.0,30.0,N
Lonchophylla robusta,Lonchophylla_robusta,Chiroptera,Phyllostomidae,13.72,1.1374,0.98,Y,NA,NA,NA,NA,NA,Y,omnivore,omnivore,40.0,40.0,0.0,30.0,N
Lonchophylla thomasi,Lonchophylla_thomasi,Chiroptera,Phyllostomidae,7.09,0.8506,0.99,Y,NA,NA,NA,NA,NA,Y,omnivore,omnivore,40.0,40.0,0.0,30.0,N
Lonchorhina aurita,Lonchorhina_aurita,Chiroptera,Phyllostomidae,15.38,1.187,0.98,Y,NA,NA,NA,NA,NA,Y,carnivore,carnivore_invertebrate,100.0,100.0,0.0,0.0,N
Lophostoma brasiliense,Lophostoma_brasiliense,Chiroptera,Phyllostomidae,9.76,0.9894,0.98,Y,NA,NA,NA,NA,NA,Y,omnivore,omnivore,90.0,90.0,0.0,10.0,N
Lophostoma evotis,Lophostoma_evotis,Chiroptera,Phyllostomidae,20.58,1.3134,1.0,Y,NA,NA,NA,NA,NA,Y,omnivore,omnivore,90.0,90.0,0.0,10.0,N
Lophostoma occidentalis,Lophostoma_occidentalis,Chiroptera,Phyllostomidae,32.29,1.5091,0.99,N,NA,NA,NA,NA,NA,Y,omnivore,omnivore,NA,NA,NA,NA,NA
Lophostoma silvicolum,Lophostoma_silvicolum,Chiroptera,Phyllostomidae,32.29,1.5091,0.99,Y,NA,NA,NA,NA,NA,Y,omnivore,omnivore,90.0,90.0,0.0,10.0,N
Macrophyllum macrophyllum,Macrophyllum_macrophyllum,Chiroptera,Phyllostomidae,8.02,0.9042,1.0,Y,NA,NA,NA,NA,NA,Y,carnivore,carnivore_invertebrate,100.0,100.0,0.0,0.0,N
Macrotus californicus,Macrotus_californicus,Chiroptera,Phyllostomidae,12.0,1.0792,1.0,Y,2.52,2.52,0.21,0.4014,-0.6778,Y,carnivore,carnivore_invertebrate,50.0,50.0,0.0,50.0,N
Macrotus waterhousii,Macrotus_waterhousii,Chiroptera,Phyllostomidae,16.135,1.2078,1.0,Y,0.59,0.59,0.0366,-0.2291,-1.4369,Y,omnivore,omnivore,50.0,50.0,0.0,50.0,N
Mesophylla macconnelli,Mesophylla_macconnelli,Chiroptera,Phyllostomidae,6.86,0.8363,0.99,Y,NA,NA,NA,NA,NA,Y,herbivore,herbivore,10.0,10.0,0.0,90.0,N
Micronycteris hirsuta,Micronycteris_hirsuta,Chiroptera,Phyllostomidae,12.89,1.1103,0.99,Y,NA,NA,NA,NA,NA,Y,omnivore,omnivore,80.0,80.0,0.0,20.0,Y
Micronycteris megalotis,Micronycteris_megalotis,Chiroptera,Phyllostomidae,6.4,0.8062,0.98,Y,NA,NA,NA,NA,NA,Y,omnivore,omnivore,80.0,80.0,0.0,20.0,Y
Micronycteris microtis,Micronycteris_microtis,Chiroptera,Phyllostomidae,6.4,0.8062,0.99,N,NA,NA,NA,NA,NA,Y,omnivore,omnivore,80.0,80.0,0.0,20.0,Y
Micronycteris minuta,Micronycteris_minuta,Chiroptera,Phyllostomidae,6.65,0.8228,0.985,Y,1.8,1.773,0.2666,0.2553,-0.5741,Y,omnivore,omnivore,80.0,80.0,0.0,20.0,Y
Mimon bennettii,Mimon_bennettii,Chiroptera,Phyllostomidae,12.9,1.1106,1.0,N,NA,NA,NA,NA,NA,Y,carnivore,carnivore_vertebrate,70.0,30.0,40.0,30.0,N
Mimon cozumelae,Mimon_cozumelae,Chiroptera,Phyllostomidae,26.195,1.4182,0.99,Y,NA,NA,NA,NA,NA,Y,omnivore,omnivore,70.0,60.0,10.0,30.0,N
Monophyllus plethodon,Monophyllus_plethodon,Chiroptera,Phyllostomidae,15.33,1.1855,0.995,Y,0.87,0.866,0.0565,-0.0605,-1.2482,Y,omnivore,omnivore,20.0,20.0,0.0,40.0,N
Monophyllus redmani,Monophyllus_redmani,Chiroptera,Phyllostomidae,8.745,0.9418,0.99,Y,NA,NA,NA,NA,NA,Y,omnivore,omnivore,20.0,20.0,0.0,40.0,N
Phylloderma stenops,Phylloderma_stenops,Chiroptera,Phyllostomidae,55.82,1.7468,0.98,Y,NA,NA,NA,NA,NA,Y,omnivore,omnivore,10.0,10.0,0.0,20.0,N
Phyllonycteris aphylla,Phyllonycteris_aphylla,Chiroptera,Phyllostomidae,14.15,1.1508,0.99,Y,NA,NA,NA,NA,NA,Y,herbivore,herbivore,30.0,30.0,0.0,40.0,N
Phyllonycteris poeyi,Phyllonycteris_poeyi,Chiroptera,Phyllostomidae,15.59,1.1928,0.99,Y,NA,NA,NA,NA,NA,Y,omnivore,omnivore,30.0,30.0,0.0,40.0,N
Phyllops falcatus,Phyllops_falcatus,Chiroptera,Phyllostomidae,10.82,1.0342,0.98,Y,NA,NA,NA,NA,NA,Y,herbivore,herbivore,0.0,0.0,0.0,100.0,N
Phyllostomus discolor,Phyllostomus_discolor,Chiroptera,Phyllostomidae,40.05,1.6026,1.0,Y,7.29,7.29,0.182,0.8627,-0.7399,Y,omnivore,omnivore,30.0,30.0,0.0,40.0,N
Phyllostomus elongatus,Phyllostomus_elongatus,Chiroptera,Phyllostomidae,35.6,1.5514,0.985,Y,NA,NA,NA,NA,NA,Y,omnivore,omnivore,80.0,70.0,10.0,10.0,N
Phyllostomus hastatus,Phyllostomus_hastatus,Chiroptera,Phyllostomidae,82.6,1.917,1.0,Y,15.94,15.94,0.193,1.2025,-0.7145,Y,carnivore,carnivore_vertebrate,90.0,40.0,50.0,10.0,N
Platalina genovensium,Platalina_genovensium,Chiroptera,Phyllostomidae,16.39,1.2146,0.98,Y,NA,NA,NA,NA,NA,Y,herbivore,herbivore,0.0,0.0,0.0,0.0,N
Platyrrhinus aquilus,Platyrrhinus_aquilus,Chiroptera,Phyllostomidae,26.0,1.415,0.99,N,NA,NA,NA,NA,NA,Y,herbivore,herbivore,NA,NA,NA,NA,NA
Platyrrhinus brachycephalus,Platyrrhinus_brachycephalus,Chiroptera,Phyllostomidae,14.26,1.1541,0.98,Y,NA,NA,NA,NA,NA,Y,herbivore,herbivore,10.0,10.0,0.0,90.0,N
Platyrrhinus dorsalis,Platyrrhinus_dorsalis,Chiroptera,Phyllostomidae,26.0,1.415,0.99,Y,NA,NA,NA,NA,NA,Y,herbivore,herbivore,10.0,10.0,0.0,90.0,N
Platyrrhinus helleri,Platyrrhinus_helleri,Chiroptera,Phyllostomidae,13.44,1.1284,0.99,Y,NA,NA,NA,NA,NA,Y,herbivore,herbivore,10.0,10.0,0.0,90.0,N
Platyrrhinus infuscus,Platyrrhinus_infuscus,Chiroptera,Phyllostomidae,50.76,1.7055,0.98,Y,NA,NA,NA,NA,NA,Y,herbivore,herbivore,10.0,10.0,0.0,90.0,N
Platyrrhinus ismaeli,Platyrrhinus_ismaeli,Chiroptera,Phyllostomidae,37.1,1.5694,0.99,N,NA,NA,NA,NA,NA,Y,herbivore,herbivore,NA,NA,NA,NA,NA
Platyrrhinus lineatus,Platyrrhinus_lineatus,Chiroptera,Phyllostomidae,22.0,1.3424,1.0,Y,8.3,8.3,0.3773,0.9191,-0.4233,Y,omnivore,omnivore,10.0,10.0,0.0,90.0,N
Platyrrhinus matapalensis,Platyrrhinus_matapalensis,Chiroptera,Phyllostomidae,18.0,1.2553,0.99,N,NA,NA,NA,NA,NA,Y,omnivore,omnivore,NA,NA,NA,NA,NA
Platyrrhinus vittatus,Platyrrhinus_vittatus,Chiroptera,Phyllostomidae,37.01,1.5683,0.98,Y,NA,NA,NA,NA,NA,Y,herbivore,herbivore,10.0,10.0,0.0,90.0,N
Pygoderma bilabiatum,Pygoderma_bilabiatum,Chiroptera,Phyllostomidae,18.0,1.2553,0.99,Y,NA,NA,NA,NA,NA,Y,herbivore,herbivore,0.0,0.0,0.0,100.0,N
Rhinophylla fischerae,Rhinophylla_fischerae,Chiroptera,Phyllostomidae,9.55,0.98,0.98,Y,NA,NA,NA,NA,NA,Y,herbivore,herbivore,10.0,10.0,0.0,90.0,N
Rhinophylla pumilio,Rhinophylla_pumilio,Chiroptera,Phyllostomidae,9.54,0.9795,0.99,Y,NA,NA,NA,NA,NA,Y,omnivore,omnivore,10.0,10.0,0.0,90.0,N
Stenoderma rufum,Stenoderma_rufum,Chiroptera,Phyllostomidae,21.1,1.3243,0.995,Y,7.0,6.965,0.3301,0.8451,-0.4814,Y,herbivore,herbivore,0.0,0.0,0.0,100.0,N
Sturnira aratathomasi,Sturnira_aratathomasi,Chiroptera,Phyllostomidae,49.67,1.6961,0.99,Y,13.6,13.464,0.2711,1.1335,-0.5669,Y,herbivore,herbivore,0.0,0.0,0.0,100.0,N
Sturnira bidens,Sturnira_bidens,Chiroptera,Phyllostomidae,18.05,1.2565,1.0,Y,NA,NA,NA,NA,NA,Y,herbivore,herbivore,0.0,0.0,0.0,100.0,N
Sturnira bogotensis,Sturnira_bogotensis,Chiroptera,Phyllostomidae,21.0,1.3222,0.99,Y,NA,NA,NA,NA,NA,Y,herbivore,herbivore,0.0,0.0,0.0,100.0,N
Sturnira erythromos,Sturnira_erythromos,Chiroptera,Phyllostomidae,15.53,1.1912,0.995,Y,NA,NA,NA,NA,NA,Y,herbivore,herbivore,0.0,0.0,0.0,100.0,N
Sturnira lilium,Sturnira_lilium,Chiroptera,Phyllostomidae,20.0,1.301,1.0,Y,5.25,5.25,0.2625,0.7202,-0.5809,Y,herbivore,herbivore,0.0,0.0,0.0,100.0,N
Sturnira ludovici,Sturnira_ludovici,Chiroptera,Phyllostomidae,21.0,1.3222,0.99,Y,NA,NA,NA,NA,NA,Y,herbivore,herbivore,0.0,0.0,0.0,100.0,N
Sturnira magna,Sturnira_magna,Chiroptera,Phyllostomidae,43.1,1.6345,0.98,Y,NA,NA,NA,NA,NA,Y,herbivore,herbivore,0.0,0.0,0.0,100.0,N
Sturnira mordax,Sturnira_mordax,Chiroptera,Phyllostomidae,11.79,1.0715,0.99,Y,NA,NA,NA,NA,NA,Y,herbivore,herbivore,0.0,0.0,0.0,100.0,N
Sturnira nana,Sturnira_nana,Chiroptera,Phyllostomidae,6.64,0.8222,0.98,Y,NA,NA,NA,NA,NA,Y,herbivore,herbivore,0.0,0.0,0.0,100.0,N
Sturnira oporaphilum,Sturnira_oporaphilum,Chiroptera,Phyllostomidae,21.495,1.3323,0.99,N,NA,NA,NA,NA,NA,Y,herbivore,herbivore,0.0,0.0,0.0,100.0,Y
Sturnira tildae,Sturnira_tildae,Chiroptera,Phyllostomidae,22.445,1.3511,0.99,Y,2.62,2.594,0.1156,0.4183,-0.9372,Y,herbivore,herbivore,0.0,0.0,0.0,100.0,N
Tonatia bidens,Tonatia_bidens,Chiroptera,Phyllostomidae,27.55,1.4401,0.98,Y,NA,NA,NA,NA,NA,Y,omnivore,omnivore,90.0,90.0,0.0,10.0,N
Tonatia saurophila,Tonatia_saurophila,Chiroptera,Phyllostomidae,27.55,1.4401,0.98,N,NA,NA,NA,NA,NA,Y,omnivore,omnivore,90.0,90.0,0.0,10.0,Y
Trachops cirrhosus,Trachops_cirrhosus,Chiroptera,Phyllostomidae,36.9,1.567,1.0,Y,NA,NA,NA,NA,NA,Y,carnivore,carnivore_invertebrate,90.0,50.0,40.0,10.0,N
Trinycteris nicefori,Trinycteris_nicefori,Chiroptera,Phyllostomidae,8.25,0.9165,1.0,Y,NA,NA,NA,NA,NA,Y,omnivore,omnivore,80.0,80.0,0.0,20.0,N
Uroderma bilobatum,Uroderma_bilobatum,Chiroptera,Phyllostomidae,16.24,1.2106,1.0,Y,NA,NA,NA,NA,NA,Y,omnivore,omnivore,10.0,10.0,0.0,80.0,N
Uroderma magnirostrum,Uroderma_magnirostrum,Chiroptera,Phyllostomidae,17.3,1.238,0.98,Y,NA,NA,NA,NA,NA,Y,omnivore,omnivore,10.0,10.0,0.0,80.0,N
Vampyressa melissa,Vampyressa_melissa,Chiroptera,Phyllostomidae,16.58,1.2196,0.98,Y,NA,NA,NA,NA,NA,Y,herbivore,herbivore,0.0,0.0,0.0,100.0,N
Vampyressa pusilla,Vampyressa_pusilla,Chiroptera,Phyllostomidae,8.785,0.9437,0.98,Y,3.81,3.734,0.425,0.5809,-0.3716,Y,herbivore,herbivore,0.0,0.0,0.0,100.0,N
Vampyressa thyone,Vampyressa_thyone,Chiroptera,Phyllostomidae,8.77,0.943,0.98,N,1.02,1.0,0.114,0.0086,-0.9432,Y,herbivore,herbivore,0.0,0.0,0.0,100.0,Y
Vampyriscus bidens,Vampyriscus_bidens,Chiroptera,Phyllostomidae,11.91,1.0759,0.99,Y,0.61,0.604,0.0507,-0.2147,-1.2949,Y,herbivore,herbivore,0.0,0.0,0.0,100.0,N
Vampyriscus nymphaea,Vampyriscus_nymphaea,Chiroptera,Phyllostomidae,69.0,1.8388,0.99,Y,NA,NA,NA,NA,NA,Y,herbivore,herbivore,0.0,0.0,0.0,100.0,N
Vampyrodes caraccioli,Vampyrodes_caraccioli,Chiroptera,Phyllostomidae,35.89,1.555,0.98,Y,NA,NA,NA,NA,NA,Y,herbivore,herbivore,0.0,0.0,0.0,100.0,N
Vampyrodes major,Vampyrodes_major,Chiroptera,Phyllostomidae,35.89,1.555,0.98,N,NA,NA,NA,NA,NA,Y,herbivore,herbivore,NA,NA,NA,NA,NA
Vampyrum spectrum,Vampyrum_spectrum,Chiroptera,Phyllostomidae,171.61,2.2345,1.0,Y,NA,NA,NA,NA,NA,Y,carnivore,carnivore_vertebrate,90.0,10.0,80.0,10.0,N
Acerodon celebensis,Acerodon_celebensis,Chiroptera,Pteropodidae,384.84,2.5853,0.98,Y,NA,NA,NA,NA,NA,Y,herbivore,herbivore,0.0,0.0,0.0,100.0,N
Acerodon jubatus,Acerodon_jubatus,Chiroptera,Pteropodidae,1087.04,3.0362,1.0,Y,NA,NA,NA,NA,NA,Y,herbivore,herbivore,0.0,0.0,0.0,100.0,N
Acerodon mackloti,Acerodon_mackloti,Chiroptera,Pteropodidae,467.93,2.6702,0.98,Y,NA,NA,NA,NA,NA,Y,herbivore,herbivore,0.0,0.0,0.0,100.0,N
Aethalops aequalis,Aethalops_aequalis,Chiroptera,Pteropodidae,13.9,1.143,0.995,N,NA,NA,NA,NA,NA,Y,herbivore,herbivore,0.0,0.0,0.0,50.0,Y
Aethalops alecto,Aethalops_alecto,Chiroptera,Pteropodidae,15.0,1.1761,0.99,Y,NA,NA,NA,NA,NA,Y,herbivore,herbivore,0.0,0.0,0.0,70.0,N
Aproteles bulmerae,Aproteles_bulmerae,Chiroptera,Pteropodidae,623.91,2.7951,1.0,Y,NA,NA,NA,NA,NA,Y,herbivore,herbivore,0.0,0.0,0.0,80.0,Y
Balionycteris maculata,Balionycteris_maculata,Chiroptera,Pteropodidae,14.43,1.1593,1.0,Y,NA,NA,NA,NA,NA,Y,herbivore,herbivore,0.0,0.0,0.0,80.0,Y
Casinycteris argynnis,Casinycteris_argynnis,Chiroptera,Pteropodidae,28.28,1.4515,0.99,Y,4.29,4.247,0.1502,0.6325,-0.8234,Y,herbivore,herbivore,0.0,0.0,0.0,80.0,Y
Chironax melanocephalus,Chironax_melanocephalus,Chiroptera,Pteropodidae,17.7,1.248,0.98,Y,NA,NA,NA,NA,NA,Y,herbivore,herbivore,0.0,0.0,0.0,100.0,N
Cynopterus brachyotis,Cynopterus_brachyotis,Chiroptera,Pteropodidae,37.4,1.5729,1.1,Y,6.2,6.82,0.1824,0.7924,-0.7391,Y,herbivore,herbivore,0.0,0.0,0.0,100.0,N
Cynopterus horsfieldii,Cynopterus_horsfieldii,Chiroptera,Pteropodidae,56.955,1.7555,2.0,N,NA,NA,NA,NA,NA,Y,herbivore,herbivore,0.0,0.0,0.0,100.0,N
Cynopterus luzoniensis,Cynopterus_luzoniensis,Chiroptera,Pteropodidae,37.2,1.5705,1.0,N,NA,NA,NA,NA,NA,Y,herbivore,herbivore,0.0,0.0,0.0,100.0,Y
Cynopterus minutus,Cynopterus_minutus,Chiroptera,Pteropodidae,37.3,1.5717,1.1,N,NA,NA,NA,NA,NA,Y,herbivore,herbivore,0.0,0.0,0.0,100.0,Y
Cynopterus sphinx,Cynopterus_sphinx,Chiroptera,Pteropodidae,37.4,1.5729,1.1,Y,11.0,12.1,0.3235,1.0414,-0.4901,Y,herbivore,herbivore,0.0,0.0,0.0,100.0,N
Cynopterus titthaecheilus,Cynopterus_titthaecheilus,Chiroptera,Pteropodidae,41.055,1.6134,1.0,Y,NA,NA,NA,NA,NA,Y,herbivore,herbivore,0.0,0.0,0.0,100.0,N
Dobsonia anderseni,Dobsonia_anderseni,Chiroptera,Pteropodidae,312.4,2.4947,0.99,N,NA,NA,NA,NA,NA,Y,herbivore,herbivore,0.0,0.0,0.0,100.0,Y
Dobsonia beauforti,Dobsonia_beauforti,Chiroptera,Pteropodidae,165.35,2.2184,0.99,Y,NA,NA,NA,NA,NA,Y,herbivore,herbivore,0.0,0.0,0.0,100.0,N
Dobsonia inermis,Dobsonia_inermis,Chiroptera,Pteropodidae,152.6,2.1836,0.99,Y,NA,NA,NA,NA,NA,Y,herbivore,herbivore,0.0,0.0,0.0,100.0,N
Dobsonia minor,Dobsonia_minor,Chiroptera,Pteropodidae,80.1,1.9036,0.995,Y,NA,NA,NA,NA,NA,Y,herbivore,herbivore,0.0,0.0,0.0,100.0,N
Dobsonia moluccensis,Dobsonia_moluccensis,Chiroptera,Pteropodidae,404.3,2.6067,0.995,Y,73.9,73.53,0.1819,1.8686,-0.7402,Y,herbivore,herbivore,0.0,0.0,0.0,100.0,N
Dobsonia pannietensis,Dobsonia_pannietensis,Chiroptera,Pteropodidae,358.35,2.5543,0.99,Y,NA,NA,NA,NA,NA,Y,herbivore,herbivore,0.0,0.0,0.0,100.0,N
Dobsonia peronii,Dobsonia_peronii,Chiroptera,Pteropodidae,226.51,2.3551,0.98,Y,52.4,51.352,0.2267,1.7193,-0.6445,Y,herbivore,herbivore,0.0,0.0,0.0,100.0,N
Dobsonia praedatrix,Dobsonia_praedatrix,Chiroptera,Pteropodidae,179.12,2.2531,1.0,Y,32.0,32.0,0.1787,1.5051,-0.748,Y,herbivore,herbivore,0.0,0.0,0.0,100.0,N
Dyacopterus brooksi,Dyacopterus_brooksi,Chiroptera,Pteropodidae,83.05,1.9193,1.5,N,NA,NA,NA,NA,NA,Y,herbivore,herbivore,0.0,0.0,0.0,80.0,Y
Dyacopterus spadiceus,Dyacopterus_spadiceus,Chiroptera,Pteropodidae,85.0,1.9294,1.5,N,NA,NA,NA,NA,NA,Y,herbivore,herbivore,0.0,0.0,0.0,80.0,Y
Eidolon dupreanum,Eidolon_dupreanum,Chiroptera,Pteropodidae,297.58,2.4736,1.08,Y,49.99,53.989,0.1814,1.6989,-0.7413,Y,herbivore,herbivore,0.0,0.0,0.0,100.0,N
Eidolon helvum,Eidolon_helvum,Chiroptera,Pteropodidae,280.43,2.4478,1.04,Y,48.28,50.211,0.1791,1.6838,-0.747,Y,herbivore,herbivore,0.0,0.0,0.0,100.0,N
Eonycteris major,Eonycteris_major,Chiroptera,Pteropodidae,80.85,1.9077,1.0,Y,12.99,12.99,0.1607,1.1136,-0.7941,Y,herbivore,herbivore,0.0,0.0,0.0,0.0,N
Eonycteris robusta,Eonycteris_robusta,Chiroptera,Pteropodidae,78.36,1.8941,1.0,N,NA,NA,NA,NA,NA,Y,herbivore,herbivore,0.0,0.0,0.0,0.0,Y
Eonycteris spelaea,Eonycteris_spelaea,Chiroptera,Pteropodidae,55.15,1.7415,1.0,Y,14.6,14.6,0.2647,1.1644,-0.5772,Y,herbivore,herbivore,0.0,0.0,0.0,0.0,N
Epomophorus angolensis,Epomophorus_angolensis,Chiroptera,Pteropodidae,88.75,1.9482,1.0,Y,NA,NA,NA,NA,NA,Y,herbivore,herbivore,0.0,0.0,0.0,100.0,N
Epomophorus crypturus,Epomophorus_crypturus,Chiroptera,Pteropodidae,87.52,1.9421,1.0,Y,NA,NA,NA,NA,NA,Y,herbivore,herbivore,0.0,0.0,0.0,100.0,Y
Epomophorus gambianus,Epomophorus_gambianus,Chiroptera,Pteropodidae,80.0,1.9031,1.0,Y,9.96,9.96,0.1245,0.9983,-0.9048,Y,herbivore,herbivore,0.0,0.0,0.0,100.0,N
Epomophorus labiatus,Epomophorus_labiatus,Chiroptera,Pteropodidae,69.65,1.8429,0.99,Y,11.0,10.89,0.1564,1.0414,-0.8059,Y,herbivore,herbivore,0.0,0.0,0.0,100.0,N
Epomophorus minor,Epomophorus_minor,Chiroptera,Pteropodidae,57.205,1.7574,0.99,N,NA,NA,NA,NA,NA,Y,herbivore,herbivore,0.0,0.0,0.0,100.0,Y
Epomophorus wahlbergi,Epomophorus_wahlbergi,Chiroptera,Pteropodidae,86.795,1.9385,1.0,Y,NA,NA,NA,NA,NA,Y,herbivore,herbivore,0.0,0.0,0.0,100.0,N
Epomops buettikoferi,Epomops_buettikoferi,Chiroptera,Pteropodidae,135.67,2.1325,0.98,Y,23.23,22.765,0.1678,1.366,-0.7752,Y,herbivore,herbivore,0.0,0.0,0.0,100.0,N
Epomops franqueti,Epomops_franqueti,Chiroptera,Pteropodidae,118.99,2.0755,1.0,Y,20.0,20.0,0.1681,1.301,-0.7745,Y,herbivore,herbivore,0.0,0.0,0.0,100.0,N
Haplonycteris fischeri,Haplonycteris_fischeri,Chiroptera,Pteropodidae,18.125,1.2583,1.0,Y,2.74,2.74,0.1512,0.4378,-0.8205,Y,herbivore,herbivore,0.0,0.0,0.0,100.0,N
Harpyionycteris celebensis,Harpyionycteris_celebensis,Chiroptera,Pteropodidae,126.125,2.1008,1.0,Y,NA,NA,NA,NA,NA,Y,herbivore,herbivore,0.0,0.0,0.0,100.0,N
Harpyionycteris whiteheadi,Harpyionycteris_whiteheadi,Chiroptera,Pteropodidae,135.48,2.1319,1.0,Y,NA,NA,NA,NA,NA,Y,herbivore,herbivore,0.0,0.0,0.0,100.0,N
Hypsignathus monstrosus,Hypsignathus_monstrosus,Chiroptera,Pteropodidae,336.97,2.5276,1.4,Y,39.3,55.02,0.1633,1.5944,-0.7871,Y,herbivore,herbivore,10.0,0.0,10.0,90.0,N
Lissonycteris angolensis,Lissonycteris_angolensis,Chiroptera,Pteropodidae,68.31,1.8345,0.99,Y,NA,NA,NA,NA,NA,Y,herbivore,herbivore,0.0,0.0,0.0,60.0,N
Macroglossus minimus,Macroglossus_minimus,Chiroptera,Pteropodidae,16.1,1.2068,0.99,Y,3.81,3.772,0.2343,0.5809,-0.6303,Y,herbivore,herbivore,0.0,0.0,0.0,20.0,N
Macroglossus sobrinus,Macroglossus_sobrinus,Chiroptera,Pteropodidae,21.8,1.3385,1.0,Y,NA,NA,NA,NA,NA,Y,herbivore,herbivore,0.0,0.0,0.0,20.0,N
Megaloglossus azagnyi,Megaloglossus_azagnyi,Chiroptera,Pteropodidae,14.555,1.163,1.0,N,NA,NA,NA,NA,NA,Y,herbivore,herbivore,NA,NA,NA,NA,NA
Megaloglossus woermanni,Megaloglossus_woermanni,Chiroptera,Pteropodidae,14.555,1.163,1.0,Y,3.25,3.25,0.2233,0.5119,-0.6511,Y,herbivore,herbivore,0.0,0.0,0.0,0.0,N
Melonycteris woodfordi,Melonycteris_woodfordi,Chiroptera,Pteropodidae,36.2,1.5587,0.98,Y,NA,NA,NA,NA,NA,Y,herbivore,herbivore,0.0,0.0,0.0,30.0,N
Micropteropus pusillus,Micropteropus_pusillus,Chiroptera,Pteropodidae,25.38,1.4045,0.99,Y,NA,NA,NA,NA,NA,Y,herbivore,herbivore,0.0,0.0,0.0,90.0,N
Myonycteris leptodon,Myonycteris_leptodon,Chiroptera,Pteropodidae,37.0,1.5682,1.0,N,NA,NA,NA,NA,NA,Y,herbivore,herbivore,NA,NA,NA,NA,NA
Myonycteris torquata,Myonycteris_torquata,Chiroptera,Pteropodidae,37.0,1.5682,1.0,Y,11.0,11.0,0.2973,1.0414,-0.5268,Y,herbivore,herbivore,0.0,0.0,0.0,80.0,Y
Nanonycteris veldkampii,Nanonycteris_veldkampii,Chiroptera,Pteropodidae,21.89,1.3402,0.98,Y,NA,NA,NA,NA,NA,Y,herbivore,herbivore,0.0,0.0,0.0,0.0,N
Neopteryx frosti,Neopteryx_frosti,Chiroptera,Pteropodidae,176.65,2.2471,0.98,Y,NA,NA,NA,NA,NA,Y,herbivore,herbivore,0.0,0.0,0.0,80.0,Y
Notopteris macdonaldi,Notopteris_macdonaldi,Chiroptera,Pteropodidae,68.17,1.8336,0.99,Y,NA,NA,NA,NA,NA,Y,herbivore,herbivore,0.0,0.0,0.0,40.0,N
Notopteris neocaledonica,Notopteris_neocaledonica,Chiroptera,Pteropodidae,68.17,1.8336,0.995,Y,NA,NA,NA,NA,NA,Y,herbivore,herbivore,0.0,0.0,0.0,40.0,Y
Nyctimene aello,Nyctimene_aello,Chiroptera,Pteropodidae,85.26,1.9307,0.98,Y,NA,NA,NA,NA,NA,Y,herbivore,herbivore,0.0,0.0,0.0,100.0,N
Nyctimene albiventer,Nyctimene_albiventer,Chiroptera,Pteropodidae,29.95,1.4764,0.99,Y,NA,NA,NA,NA,NA,Y,herbivore,herbivore,0.0,0.0,0.0,100.0,N
Nyctimene cephalotes,Nyctimene_cephalotes,Chiroptera,Pteropodidae,44.92,1.6524,0.98,Y,NA,NA,NA,NA,NA,Y,herbivore,herbivore,0.0,0.0,0.0,100.0,N
Nyctimene draconilla,Nyctimene_draconilla,Chiroptera,Pteropodidae,30.05,1.4778,0.99,N,NA,NA,NA,NA,NA,Y,herbivore,herbivore,0.0,0.0,0.0,100.0,N
Nyctimene keasti,Nyctimene_keasti,Chiroptera,Pteropodidae,29.95,1.4764,0.99,N,NA,NA,NA,NA,NA,Y,herbivore,herbivore,0.0,0.0,0.0,100.0,Y
Nyctimene masalai,Nyctimene_masalai,Chiroptera,Pteropodidae,30.425,1.4832,0.99,N,NA,NA,NA,NA,NA,Y,herbivore,herbivore,0.0,0.0,0.0,100.0,N
Nyctimene rabori,Nyctimene_rabori,Chiroptera,Pteropodidae,68.25,1.8341,1.0,Y,NA,NA,NA,NA,NA,Y,herbivore,herbivore,0.0,0.0,0.0,100.0,N
Nyctimene robinsoni,Nyctimene_robinsoni,Chiroptera,Pteropodidae,48.83,1.6887,0.995,Y,NA,NA,NA,NA,NA,Y,herbivore,herbivore,0.0,0.0,0.0,100.0,N
Nyctimene vizcaccia,Nyctimene_vizcaccia,Chiroptera,Pteropodidae,30.9,1.49,0.98,N,NA,NA,NA,NA,NA,Y,herbivore,herbivore,0.0,0.0,0.0,100.0,N
Otopteropus cartilagonodus,Otopteropus_cartilagonodus,Chiroptera,Pteropodidae,16.92,1.2284,0.99,Y,NA,NA,NA,NA,NA,Y,herbivore,herbivore,0.0,0.0,0.0,100.0,N
Paranyctimene raptor,Paranyctimene_raptor,Chiroptera,Pteropodidae,23.0,1.3617,0.98,Y,NA,NA,NA,NA,NA,Y,herbivore,herbivore,0.0,0.0,0.0,100.0,N
Penthetor lucasi,Penthetor_lucasi,Chiroptera,Pteropodidae,35.39,1.5489,1.0,Y,NA,NA,NA,NA,NA,Y,herbivore,herbivore,0.0,0.0,0.0,100.0,N
Ptenochirus jagori,Ptenochirus_jagori,Chiroptera,Pteropodidae,79.18,1.8986,1.0,Y,17.4,17.4,0.2198,1.2405,-0.6581,Y,herbivore,herbivore,0.0,0.0,0.0,100.0,N
Pteralopex anceps,Pteralopex_anceps,Chiroptera,Pteropodidae,532.775,2.7265,1.0,Y,NA,NA,NA,NA,NA,Y,herbivore,herbivore,0.0,0.0,0.0,40.0,N
Pteralopex flanneryi,Pteralopex_flanneryi,Chiroptera,Pteropodidae,670.2,2.8262,1.0,N,NA,NA,NA,NA,NA,Y,herbivore,herbivore,NA,NA,NA,NA,NA
Pteropus admiralitatum,Pteropus_admiralitatum,Chiroptera,Pteropodidae,306.46,2.4864,1.0,Y,NA,NA,NA,NA,NA,Y,herbivore,herbivore,0.0,0.0,0.0,100.0,N
Pteropus aldabrensis,Pteropus_aldabrensis,Chiroptera,Pteropodidae,401.245,2.6034,1.0,N,NA,NA,NA,NA,NA,Y,herbivore,herbivore,0.0,0.0,0.0,100.0,N
Pteropus alecto,Pteropus_alecto,Chiroptera,Pteropodidae,641.115,2.8069,1.1,Y,NA,NA,NA,NA,NA,Y,herbivore,herbivore,0.0,0.0,0.0,100.0,N
Pteropus anetianus,Pteropus_anetianus,Chiroptera,Pteropodidae,397.22,2.599,0.98,Y,NA,NA,NA,NA,NA,Y,herbivore,herbivore,0.0,0.0,0.0,100.0,N
Pteropus cognatus,Pteropus_cognatus,Chiroptera,Pteropodidae,448.535,2.6518,0.99,N,NA,NA,NA,NA,NA,Y,herbivore,herbivore,0.0,0.0,0.0,100.0,Y
Pteropus conspicillatus,Pteropus_conspicillatus,Chiroptera,Pteropodidae,760.71,2.8812,1.0,Y,NA,NA,NA,NA,NA,Y,herbivore,herbivore,0.0,0.0,0.0,100.0,N
Pteropus dasymallus,Pteropus_dasymallus,Chiroptera,Pteropodidae,463.43,2.666,1.0,Y,NA,NA,NA,NA,NA,Y,herbivore,herbivore,0.0,0.0,0.0,100.0,N
Pteropus giganteus,Pteropus_giganteus,Chiroptera,Pteropodidae,824.85,2.9164,0.995,Y,90.32,89.868,0.109,1.9558,-0.9628,Y,herbivore,herbivore,0.0,0.0,0.0,100.0,N
Pteropus howensis,Pteropus_howensis,Chiroptera,Pteropodidae,232.92,2.3672,0.98,Y,34.56,33.869,0.1454,1.5386,-0.8374,Y,herbivore,herbivore,0.0,0.0,0.0,100.0,N
Pteropus hypomelanus,Pteropus_hypomelanus,Chiroptera,Pteropodidae,442.805,2.6462,1.0,Y,NA,NA,NA,NA,NA,Y,herbivore,herbivore,0.0,0.0,0.0,100.0,N
Pteropus intermedius,Pteropus_intermedius,Chiroptera,Pteropodidae,872.0,2.9405,1.0,N,NA,NA,NA,NA,NA,Y,herbivore,herbivore,0.0,0.0,0.0,100.0,Y
Pteropus livingstonii,Pteropus_livingstonii,Chiroptera,Pteropodidae,715.385,2.8545,1.0,Y,137.43,137.43,0.1921,2.1381,-0.7165,Y,herbivore,herbivore,0.0,0.0,0.0,100.0,N
Pteropus macrotis,Pteropus_macrotis,Chiroptera,Pteropodidae,365.99,2.5635,1.0,Y,NA,NA,NA,NA,NA,Y,herbivore,herbivore,0.0,0.0,0.0,100.0,N
Pteropus melanotus,Pteropus_melanotus,Chiroptera,Pteropodidae,418.05,2.6212,1.0,Y,NA,NA,NA,NA,NA,Y,herbivore,herbivore,0.0,0.0,0.0,100.0,N
Pteropus molossinus,Pteropus_molossinus,Chiroptera,Pteropodidae,121.37,2.0841,1.0,N,NA,NA,NA,NA,NA,Y,herbivore,herbivore,0.0,0.0,0.0,100.0,N
Pteropus neohibernicus,Pteropus_neohibernicus,Chiroptera,Pteropodidae,1017.37,3.0075,1.0,Y,NA,NA,NA,NA,NA,Y,herbivore,herbivore,0.0,0.0,0.0,100.0,N
Pteropus niger,Pteropus_niger,Chiroptera,Pteropodidae,465.365,2.6678,1.0,Y,NA,NA,NA,NA,NA,Y,herbivore,herbivore,0.0,0.0,0.0,100.0,N
Pteropus ornatus,Pteropus_ornatus,Chiroptera,Pteropodidae,336.25,2.5267,0.98,Y,NA,NA,NA,NA,NA,Y,herbivore,herbivore,0.0,0.0,0.0,100.0,N
Pteropus poliocephalus,Pteropus_poliocephalus,Chiroptera,Pteropodidae,675.0,2.8293,1.0,Y,70.0,70.0,0.1037,1.8451,-0.9842,Y,herbivore,herbivore,0.0,0.0,0.0,100.0,N
Pteropus pselaphon,Pteropus_pselaphon,Chiroptera,Pteropodidae,321.49,2.5072,0.98,Y,NA,NA,NA,NA,NA,Y,herbivore,herbivore,0.0,0.0,0.0,100.0,N
Pteropus rayneri,Pteropus_rayneri,Chiroptera,Pteropodidae,661.28,2.8204,0.99,Y,68.45,67.766,0.1025,1.8354,-0.9894,Y,herbivore,herbivore,0.0,0.0,0.0,100.0,N
Pteropus rennelli,Pteropus_rennelli,Chiroptera,Pteropodidae,661.28,2.8204,0.99,N,NA,NA,NA,NA,NA,Y,herbivore,herbivore,0.0,0.0,0.0,100.0,Y
Pteropus rodricensis,Pteropus_rodricensis,Chiroptera,Pteropodidae,303.085,2.4816,1.0,Y,45.0,45.0,0.1485,1.6532,-0.8284,Y,herbivore,herbivore,0.0,0.0,0.0,100.0,N
Pteropus rufus,Pteropus_rufus,Chiroptera,Pteropodidae,776.345,2.8901,1.0,N,NA,NA,NA,NA,NA,Y,herbivore,herbivore,0.0,0.0,0.0,100.0,N
Pteropus samoensis,Pteropus_samoensis,Chiroptera,Pteropodidae,309.99,2.4913,1.0,N,NA,NA,NA,NA,NA,Y,herbivore,herbivore,0.0,0.0,0.0,100.0,N
Pteropus scapulatus,Pteropus_scapulatus,Chiroptera,Pteropodidae,362.0,2.5587,1.0,Y,NA,NA,NA,NA,NA,Y,herbivore,herbivore,0.0,0.0,0.0,100.0,N
Pteropus seychellensis,Pteropus_seychellensis,Chiroptera,Pteropodidae,492.2,2.6921,1.0,Y,NA,NA,NA,NA,NA,Y,herbivore,herbivore,0.0,0.0,0.0,100.0,N
Pteropus tokudae,Pteropus_tokudae,Chiroptera,Pteropodidae,153.7,2.1867,1.0,Y,NA,NA,NA,NA,NA,Y,herbivore,herbivore,0.0,0.0,0.0,100.0,N
Pteropus tonganus,Pteropus_tonganus,Chiroptera,Pteropodidae,510.045,2.7076,1.0,Y,94.16,94.16,0.1846,1.9739,-0.7337,Y,herbivore,herbivore,0.0,0.0,0.0,100.0,N
Pteropus vampyrus,Pteropus_vampyrus,Chiroptera,Pteropodidae,944.685,2.9753,1.0,Y,NA,NA,NA,NA,NA,Y,herbivore,herbivore,0.0,0.0,0.0,100.0,N
Pteropus voeltzkowi,Pteropus_voeltzkowi,Chiroptera,Pteropodidae,542.4,2.7343,1.0,Y,NA,NA,NA,NA,NA,Y,herbivore,herbivore,0.0,0.0,0.0,100.0,N
Pteropus woodfordi,Pteropus_woodfordi,Chiroptera,Pteropodidae,122.67,2.0887,1.0,N,NA,NA,NA,NA,NA,Y,herbivore,herbivore,0.0,0.0,0.0,100.0,N
Rousettus aegyptiacus,Rousettus_aegyptiacus,Chiroptera,Pteropodidae,134.0,2.1271,1.035,Y,19.13,19.8,0.1478,1.2817,-0.8304,Y,herbivore,herbivore,0.0,0.0,0.0,60.0,N
Rousettus amplexicaudatus,Rousettus_amplexicaudatus,Chiroptera,Pteropodidae,82.935,1.9187,0.99,Y,12.0,11.88,0.1432,1.0792,-0.8439,Y,herbivore,herbivore,0.0,0.0,0.0,60.0,N
Rousettus celebensis,Rousettus_celebensis,Chiroptera,Pteropodidae,63.07,1.7998,1.0,Y,NA,NA,NA,NA,NA,Y,herbivore,herbivore,0.0,0.0,0.0,60.0,N
Rousettus leschenaultii,Rousettus_leschenaultii,Chiroptera,Pteropodidae,96.565,1.9848,1.005,Y,12.0,12.06,0.1249,1.0792,-0.9035,Y,herbivore,herbivore,0.0,0.0,0.0,60.0,N
Rousettus madagascariensis,Rousettus_madagascariensis,Chiroptera,Pteropodidae,65.72,1.8177,1.11,Y,NA,NA,NA,NA,NA,Y,herbivore,herbivore,0.0,0.0,0.0,60.0,N
Rousettus obliviosus,Rousettus_obliviosus,Chiroptera,Pteropodidae,45.32,1.6563,0.98,Y,NA,NA,NA,NA,NA,Y,herbivore,herbivore,0.0,0.0,0.0,60.0,N
Rousettus spinalatus,Rousettus_spinalatus,Chiroptera,Pteropodidae,92.32,1.9653,1.0,Y,NA,NA,NA,NA,NA,Y,herbivore,herbivore,0.0,0.0,0.0,60.0,N
Scotonycteris ophiodon,Scotonycteris_ophiodon,Chiroptera,Pteropodidae,69.42,1.8415,0.99,Y,3.7,3.663,0.0528,0.5682,-1.2776,Y,herbivore,herbivore,0.0,0.0,0.0,100.0,N
Scotonycteris zenkeri,Scotonycteris_zenkeri,Chiroptera,Pteropodidae,21.3,1.3284,0.99,Y,NA,NA,NA,NA,NA,Y,herbivore,herbivore,0.0,0.0,0.0,100.0,N
Syconycteris australis,Syconycteris_australis,Chiroptera,Pteropodidae,17.55,1.2443,1.0,Y,NA,NA,NA,NA,NA,Y,herbivore,herbivore,0.0,0.0,0.0,10.0,N
Syconycteris hobbit,Syconycteris_hobbit,Chiroptera,Pteropodidae,20.06,1.3023,0.98,Y,NA,NA,NA,NA,NA,Y,herbivore,herbivore,0.0,0.0,0.0,10.0,N
Thoopterus nigrescens,Thoopterus_nigrescens,Chiroptera,Pteropodidae,66.12,1.8203,0.98,Y,NA,NA,NA,NA,NA,Y,herbivore,herbivore,0.0,0.0,0.0,80.0,Y
Rhinolophus acuminatus,Rhinolophus_acuminatus,Chiroptera,Rhinolophidae,12.1,1.0828,1.0,Y,NA,NA,NA,NA,NA,Y,carnivore,carnivore_invertebrate,100.0,100.0,0.0,0.0,N
Rhinolophus affinis,Rhinolophus_affinis,Chiroptera,Rhinolophidae,13.7,1.1367,0.99,Y,NA,NA,NA,NA,NA,Y,carnivore,carnivore_invertebrate,100.0,100.0,0.0,0.0,N
Rhinolophus alcyone,Rhinolophus_alcyone,Chiroptera,Rhinolophidae,18.62,1.27,0.98,Y,NA,NA,NA,NA,NA,Y,carnivore,carnivore_invertebrate,100.0,100.0,0.0,0.0,N
Rhinolophus beddomei,Rhinolophus_beddomei,Chiroptera,Rhinolophidae,31.925,1.5041,0.99,N,NA,NA,NA,NA,NA,Y,carnivore,carnivore_invertebrate,80.0,80.0,0.0,0.0,Y
Rhinolophus blasii,Rhinolophus_blasii,Chiroptera,Rhinolophidae,11.145,1.0471,1.0,N,NA,NA,NA,NA,NA,Y,carnivore,carnivore_invertebrate,100.0,100.0,0.0,0.0,N
Rhinolophus capensis,Rhinolophus_capensis,Chiroptera,Rhinolophidae,16.5,1.2175,0.995,Y,NA,NA,NA,NA,NA,Y,carnivore,carnivore_invertebrate,100.0,100.0,0.0,0.0,N
Rhinolophus darlingi,Rhinolophus_darlingi,Chiroptera,Rhinolophidae,8.94,0.9513,1.96,Y,NA,NA,NA,NA,NA,Y,carnivore,carnivore_invertebrate,100.0,100.0,0.0,0.0,N
Rhinolophus denti,Rhinolophus_denti,Chiroptera,Rhinolophidae,6.15,0.7889,1.0,N,NA,NA,NA,NA,NA,Y,carnivore,carnivore_invertebrate,100.0,100.0,0.0,0.0,N
Rhinolophus eloquens,Rhinolophus_eloquens,Chiroptera,Rhinolophidae,16.12,1.2074,0.99,N,NA,NA,NA,NA,NA,Y,carnivore,carnivore_invertebrate,100.0,100.0,0.0,0.0,N
Rhinolophus euryale,Rhinolophus_euryale,Chiroptera,Rhinolophidae,8.725,0.9408,1.0,Y,3.89,3.89,0.4458,0.5899,-0.3508,Y,carnivore,carnivore_invertebrate,100.0,100.0,0.0,0.0,N
Rhinolophus ferrumequinum,Rhinolophus_ferrumequinum,Chiroptera,Rhinolophidae,22.875,1.3594,0.99,Y,5.64,5.584,0.2441,0.7513,-0.6124,Y,carnivore,carnivore_invertebrate,100.0,100.0,0.0,0.0,N
Rhinolophus formosae,Rhinolophus_formosae,Chiroptera,Rhinolophidae,34.07,1.5324,0.99,N,NA,NA,NA,NA,NA,Y,carnivore,carnivore_invertebrate,80.0,80.0,0.0,0.0,Y
Rhinolophus fumigatus,Rhinolophus_fumigatus,Chiroptera,Rhinolophidae,13.09,1.1169,0.99,Y,NA,NA,NA,NA,NA,Y,carnivore,carnivore_invertebrate,100.0,100.0,0.0,0.0,N
Rhinolophus guineensis,Rhinolophus_guineensis,Chiroptera,Rhinolophidae,12.195,1.0862,0.99,N,NA,NA,NA,NA,NA,Y,carnivore,carnivore_invertebrate,100.0,100.0,0.0,0.0,N
Rhinolophus hildebrandtii,Rhinolophus_hildebrandtii,Chiroptera,Rhinolophidae,25.99,1.4148,0.99,Y,NA,NA,NA,NA,NA,Y,carnivore,carnivore_invertebrate,100.0,100.0,0.0,0.0,N
Rhinolophus hilli,Rhinolophus_hilli,Chiroptera,Rhinolophidae,24.72,1.393,0.98,N,NA,NA,NA,NA,NA,Y,carnivore,carnivore_invertebrate,80.0,80.0,0.0,0.0,Y
Rhinolophus hipposideros,Rhinolophus_hipposideros,Chiroptera,Rhinolophidae,4.585,0.6613,1.0,Y,2.1,2.1,0.458,0.3222,-0.3391,Y,carnivore,carnivore_invertebrate,100.0,100.0,0.0,0.0,N
Rhinolophus inops,Rhinolophus_inops,Chiroptera,Rhinolophidae,13.65,1.1351,1.0,N,NA,NA,NA,NA,NA,Y,carnivore,carnivore_invertebrate,100.0,100.0,0.0,0.0,N
Rhinolophus keyensis,Rhinolophus_keyensis,Chiroptera,Rhinolophidae,6.26,0.7966,1.0,Y,NA,NA,NA,NA,NA,Y,carnivore,carnivore_invertebrate,100.0,100.0,0.0,0.0,N
Rhinolophus landeri,Rhinolophus_landeri,Chiroptera,Rhinolophidae,9.39,0.9727,0.99,Y,NA,NA,NA,NA,NA,Y,carnivore,carnivore_invertebrate,100.0,100.0,0.0,0.0,N
Rhinolophus lepidus,Rhinolophus_lepidus,Chiroptera,Rhinolophidae,5.46,0.7372,1.0,Y,NA,NA,NA,NA,NA,Y,carnivore,carnivore_invertebrate,100.0,100.0,0.0,0.0,N
Rhinolophus luctus,Rhinolophus_luctus,Chiroptera,Rhinolophidae,34.07,1.5324,0.99,Y,NA,NA,NA,NA,NA,Y,carnivore,carnivore_invertebrate,100.0,100.0,0.0,0.0,N
Rhinolophus maclaudi,Rhinolophus_maclaudi,Chiroptera,Rhinolophidae,35.84,1.5544,0.98,Y,NA,NA,NA,NA,NA,Y,carnivore,carnivore_invertebrate,100.0,100.0,0.0,0.0,N
Rhinolophus macrotis,Rhinolophus_macrotis,Chiroptera,Rhinolophidae,6.18,0.791,0.98,Y,NA,NA,NA,NA,NA,Y,carnivore,carnivore_invertebrate,100.0,100.0,0.0,0.0,N
Rhinolophus megaphyllus,Rhinolophus_megaphyllus,Chiroptera,Rhinolophidae,8.65,0.937,1.0,Y,NA,NA,NA,NA,NA,Y,carnivore,carnivore_invertebrate,100.0,100.0,0.0,0.0,N
Rhinolophus mehelyi,Rhinolophus_mehelyi,Chiroptera,Rhinolophidae,14.03,1.1471,2.0,N,NA,NA,NA,NA,NA,Y,carnivore,carnivore_invertebrate,100.0,100.0,0.0,0.0,N
Rhinolophus paradoxolophus,Rhinolophus_paradoxolophus,Chiroptera,Rhinolophidae,8.17,0.9122,1.0,N,NA,NA,NA,NA,NA,Y,carnivore,carnivore_invertebrate,100.0,100.0,0.0,0.0,N
Rhinolophus pusillus,Rhinolophus_pusillus,Chiroptera,Rhinolophidae,7.617,0.8818,1.0,Y,NA,NA,NA,NA,NA,Y,carnivore,carnivore_invertebrate,100.0,100.0,0.0,0.0,N
Rhinolophus rouxii,Rhinolophus_rouxii,Chiroptera,Rhinolophidae,12.25,1.0881,0.99,Y,2.86,2.831,0.2311,0.4564,-0.6361,Y,carnivore,carnivore_invertebrate,100.0,100.0,0.0,0.0,N
Rhinolophus ruwenzorii,Rhinolophus_ruwenzorii,Chiroptera,Rhinolophidae,30.69,1.487,0.98,N,NA,NA,NA,NA,NA,Y,carnivore,carnivore_invertebrate,80.0,80.0,0.0,0.0,Y
Rhinolophus shortridgei,Rhinolophus_shortridgei,Chiroptera,Rhinolophidae,5.46,0.7372,1.0,N,NA,NA,NA,NA,NA,Y,carnivore,carnivore_invertebrate,80.0,80.0,0.0,0.0,Y
Rhinolophus siamensis,Rhinolophus_siamensis,Chiroptera,Rhinolophidae,7.36,0.8669,0.98,N,NA,NA,NA,NA,NA,Y,carnivore,carnivore_invertebrate,80.0,80.0,0.0,0.0,Y
Rhinolophus simulator,Rhinolophus_simulator,Chiroptera,Rhinolophidae,8.13,0.9101,0.99,Y,NA,NA,NA,NA,NA,Y,carnivore,carnivore_invertebrate,100.0,100.0,0.0,0.0,N
Rhinolophus sinicus,Rhinolophus_sinicus,Chiroptera,Rhinolophidae,10.255,1.0109,0.99,N,NA,NA,NA,NA,NA,Y,carnivore,carnivore_invertebrate,80.0,80.0,0.0,0.0,Y
Rhinolophus stheno,Rhinolophus_stheno,Chiroptera,Rhinolophidae,7.92,0.8987,0.99,Y,NA,NA,NA,NA,NA,Y,carnivore,carnivore_invertebrate,100.0,100.0,0.0,0.0,N
Rhinolophus swinnyi,Rhinolophus_swinnyi,Chiroptera,Rhinolophidae,6.3,0.7993,0.99,Y,NA,NA,NA,NA,NA,Y,carnivore,carnivore_invertebrate,100.0,100.0,0.0,0.0,N
Rhinolophus trifoliatus,Rhinolophus_trifoliatus,Chiroptera,Rhinolophidae,15.16,1.1807,1.0,N,NA,NA,NA,NA,NA,Y,carnivore,carnivore_invertebrate,100.0,100.0,0.0,0.0,N
Rhinopoma hardwickii,Rhinopoma_hardwickii,Chiroptera,Rhinopomatidae,12.0,1.0792,0.995,Y,2.5,2.488,0.2073,0.3979,-0.6834,Y,carnivore,carnivore_invertebrate,100.0,100.0,0.0,0.0,N
Rhinopoma microphyllum,Rhinopoma_microphyllum,Chiroptera,Rhinopomatidae,28.02,1.4475,1.0,Y,4.99,4.99,0.1781,0.6981,-0.7494,Y,carnivore,carnivore_invertebrate,100.0,100.0,0.0,0.0,N
Thyroptera tricolor,Thyroptera_tricolor,Chiroptera,Thyropteridae,4.52,0.6551,0.98,Y,1.09,1.068,0.2363,0.0374,-0.6265,Y,carnivore,carnivore_invertebrate,100.0,100.0,0.0,0.0,N
Antrozous pallidus,Antrozous_pallidus,Chiroptera,Vespertilionidae,22.0,1.3424,2.0,Y,3.09,6.18,0.2809,0.49,-0.5514,Y,carnivore,carnivore_invertebrate,100.0,80.0,20.0,0.0,N
Barbastella barbastellus,Barbastella_barbastellus,Chiroptera,Vespertilionidae,10.0,1.0,2.0,Y,NA,NA,NA,NA,NA,Y,carnivore,carnivore_invertebrate,100.0,100.0,0.0,0.0,N
Barbastella leucomelas,Barbastella_leucomelas,Chiroptera,Vespertilionidae,10.0,1.0,2.0,N,NA,NA,NA,NA,NA,Y,carnivore,carnivore_invertebrate,100.0,100.0,0.0,0.0,N
Bauerus dubiaquercus,Bauerus_dubiaquercus,Chiroptera,Vespertilionidae,22.22,1.3467,1.71,Y,NA,NA,NA,NA,NA,Y,carnivore,carnivore_invertebrate,100.0,80.0,20.0,0.0,N
Chalinolobus dwyeri,Chalinolobus_dwyeri,Chiroptera,Vespertilionidae,8.74,0.9415,1.67,Y,NA,NA,NA,NA,NA,Y,carnivore,carnivore_invertebrate,100.0,100.0,0.0,0.0,N
Chalinolobus gouldii,Chalinolobus_gouldii,Chiroptera,Vespertilionidae,15.87,1.2006,1.705,Y,NA,NA,NA,NA,NA,Y,carnivore,carnivore_invertebrate,100.0,100.0,0.0,0.0,N
Chalinolobus morio,Chalinolobus_morio,Chiroptera,Vespertilionidae,8.91,0.9499,1.19,Y,1.68,1.999,0.2244,0.2253,-0.649,Y,carnivore,carnivore_invertebrate,100.0,100.0,0.0,0.0,N
Chalinolobus neocaledonicus,Chalinolobus_neocaledonicus,Chiroptera,Vespertilionidae,15.87,1.2006,1.705,N,NA,NA,NA,NA,NA,Y,carnivore,carnivore_invertebrate,100.0,100.0,0.0,0.0,Y
Chalinolobus nigrogriseus,Chalinolobus_nigrogriseus,Chiroptera,Vespertilionidae,8.79,0.944,1.5,N,NA,NA,NA,NA,NA,Y,carnivore,carnivore_invertebrate,100.0,100.0,0.0,0.0,N
Chalinolobus picatus,Chalinolobus_picatus,Chiroptera,Vespertilionidae,5.86,0.7679,2.0,Y,NA,NA,NA,NA,NA,Y,carnivore,carnivore_invertebrate,100.0,100.0,0.0,0.0,N
Chalinolobus tuberculatus,Chalinolobus_tuberculatus,Chiroptera,Vespertilionidae,10.46,1.0195,0.98,Y,NA,NA,NA,NA,NA,Y,carnivore,carnivore_invertebrate,100.0,100.0,0.0,0.0,N
Corynorhinus mexicanus,Corynorhinus_mexicanus,Chiroptera,Vespertilionidae,11.7,1.0682,1.0,N,NA,NA,NA,NA,NA,Y,carnivore,carnivore_invertebrate,100.0,100.0,0.0,0.0,N
Corynorhinus rafinesquii,Corynorhinus_rafinesquii,Chiroptera,Vespertilionidae,9.15,0.9614,1.0,Y,2.45,2.45,0.2678,0.3892,-0.5723,Y,carnivore,carnivore_invertebrate,100.0,100.0,0.0,0.0,N
Corynorhinus townsendii,Corynorhinus_townsendii,Chiroptera,Vespertilionidae,10.3,1.0128,1.0,Y,2.39,2.39,0.232,0.3784,-0.6344,Y,carnivore,carnivore_invertebrate,100.0,100.0,0.0,0.0,N
Eptesicus andinus,Eptesicus_andinus,Chiroptera,Vespertilionidae,9.2,0.9638,1.46,N,NA,NA,NA,NA,NA,Y,carnivore,carnivore_invertebrate,100.0,100.0,0.0,0.0,Y
Eptesicus bottae,Eptesicus_bottae,Chiroptera,Vespertilionidae,15.66,1.1948,2.0,N,NA,NA,NA,NA,NA,Y,carnivore,carnivore_invertebrate,100.0,100.0,0.0,0.0,N
Eptesicus brasiliensis,Eptesicus_brasiliensis,Chiroptera,Vespertilionidae,9.2,0.9638,1.46,Y,NA,NA,NA,NA,NA,Y,carnivore,carnivore_invertebrate,100.0,100.0,0.0,0.0,N
Eptesicus chiriquinus,Eptesicus_chiriquinus,Chiroptera,Vespertilionidae,9.2,0.9638,1.46,N,NA,NA,NA,NA,NA,Y,carnivore,carnivore_invertebrate,100.0,100.0,0.0,0.0,Y
Eptesicus furinalis,Eptesicus_furinalis,Chiroptera,Vespertilionidae,7.7,0.8865,1.86,Y,1.34,2.492,0.3237,0.1271,-0.4899,Y,carnivore,carnivore_invertebrate,100.0,100.0,0.0,0.0,N
Eptesicus fuscus,Eptesicus_fuscus,Chiroptera,Vespertilionidae,17.195,1.2354,1.925,Y,3.21,6.179,0.3594,0.5065,-0.4445,Y,carnivore,carnivore_invertebrate,100.0,100.0,0.0,0.0,N
Eptesicus gobiensis,Eptesicus_gobiensis,Chiroptera,Vespertilionidae,13.0,1.1139,1.25,N,NA,NA,NA,NA,NA,Y,carnivore,carnivore_invertebrate,100.0,100.0,0.0,0.0,Y
Eptesicus isabellinus,Eptesicus_isabellinus,Chiroptera,Vespertilionidae,18.2,1.2601,1.5,N,NA,NA,NA,NA,NA,Y,carnivore,carnivore_unknown,NA,NA,NA,NA,NA
Eptesicus japonensis,Eptesicus_japonensis,Chiroptera,Vespertilionidae,13.0,1.1139,1.5,N,NA,NA,NA,NA,NA,Y,carnivore,carnivore_invertebrate,100.0,100.0,0.0,0.0,Y
Eptesicus nilssonii,Eptesicus_nilssonii,Chiroptera,Vespertilionidae,13.0,1.1139,1.5,Y,4.52,6.78,0.5215,0.6551,-0.2827,Y,carnivore,carnivore_invertebrate,100.0,100.0,0.0,0.0,N
Eptesicus platyops,Eptesicus_platyops,Chiroptera,Vespertilionidae,18.2,1.2601,1.5,N,NA,NA,NA,NA,NA,Y,carnivore,carnivore_invertebrate,100.0,100.0,0.0,0.0,N
Eptesicus serotinus,Eptesicus_serotinus,Chiroptera,Vespertilionidae,18.2,1.2601,1.5,Y,5.28,7.92,0.4352,0.7226,-0.3613,Y,carnivore,carnivore_invertebrate,100.0,100.0,0.0,0.0,N
Euderma maculatum,Euderma_maculatum,Chiroptera,Vespertilionidae,16.17,1.2087,1.0,Y,3.4,3.4,0.2103,0.5315,-0.6772,Y,carnivore,carnivore_invertebrate,100.0,100.0,0.0,0.0,N
Glauconycteris variegata,Glauconycteris_variegata,Chiroptera,Vespertilionidae,11.25,1.0512,1.06,Y,NA,NA,NA,NA,NA,Y,carnivore,carnivore_invertebrate,100.0,100.0,0.0,0.0,N
Glischropus tylopus,Glischropus_tylopus,Chiroptera,Vespertilionidae,4.445,0.6479,1.0,Y,1.25,1.25,0.2812,0.0969,-0.551,Y,carnivore,carnivore_invertebrate,100.0,100.0,0.0,0.0,N
Hesperoptenus tickelli,Hesperoptenus_tickelli,Chiroptera,Vespertilionidae,16.3,1.2122,1.0,Y,NA,NA,NA,NA,NA,Y,carnivore,carnivore_invertebrate,100.0,100.0,0.0,0.0,N
Histiotus laephotis,Histiotus_laephotis,Chiroptera,Vespertilionidae,9.95,0.9978,0.98,N,NA,NA,NA,NA,NA,Y,carnivore,carnivore_invertebrate,100.0,100.0,0.0,0.0,N
Histiotus macrotus,Histiotus_macrotus,Chiroptera,Vespertilionidae,9.95,0.9978,0.98,Y,NA,NA,NA,NA,NA,Y,carnivore,carnivore_invertebrate,100.0,100.0,0.0,0.0,N
Hypsugo ariel,Pipistrellus_ariel,Chiroptera,Vespertilionidae,3.4,0.5315,2.0,N,NA,NA,NA,NA,NA,Y,carnivore,carnivore_invertebrate,100.0,100.0,0.0,0.0,N
Hypsugo savii,Hypsugo_savii,Chiroptera,Vespertilionidae,6.3,0.7993,2.0,Y,NA,NA,NA,NA,NA,Y,carnivore,carnivore_invertebrate,100.0,100.0,0.0,0.0,N
Idionycteris phyllotis,Idionycteris_phyllotis,Chiroptera,Vespertilionidae,12.565,1.0992,1.0,Y,0.73,0.73,0.0581,-0.1367,-1.2358,Y,carnivore,carnivore_invertebrate,100.0,100.0,0.0,0.0,N
Kerivoula cuprosa,Kerivoula_cuprosa,Chiroptera,Vespertilionidae,5.61,0.749,0.98,Y,NA,NA,NA,NA,NA,Y,carnivore,carnivore_invertebrate,100.0,100.0,0.0,0.0,N
Kerivoula flora,Kerivoula_flora,Chiroptera,Vespertilionidae,5.28,0.7226,1.0,Y,NA,NA,NA,NA,NA,Y,carnivore,carnivore_invertebrate,100.0,100.0,0.0,0.0,N
Kerivoula hardwickii,Kerivoula_hardwickii,Chiroptera,Vespertilionidae,4.55,0.658,1.0,Y,NA,NA,NA,NA,NA,Y,carnivore,carnivore_invertebrate,100.0,100.0,0.0,0.0,N
Kerivoula lanosa,Kerivoula_lanosa,Chiroptera,Vespertilionidae,6.66,0.8235,1.0,Y,NA,NA,NA,NA,NA,Y,carnivore,carnivore_invertebrate,100.0,100.0,0.0,0.0,N
Kerivoula lenis,Kerivoula_lenis,Chiroptera,Vespertilionidae,10.21,1.009,0.98,N,NA,NA,NA,NA,NA,Y,carnivore,carnivore_invertebrate,100.0,100.0,0.0,0.0,Y
Kerivoula papillosa,Kerivoula_papillosa,Chiroptera,Vespertilionidae,10.21,1.009,0.98,Y,NA,NA,NA,NA,NA,Y,carnivore,carnivore_invertebrate,100.0,100.0,0.0,0.0,N
Kerivoula picta,Kerivoula_picta,Chiroptera,Vespertilionidae,4.5,0.6532,1.0,Y,NA,NA,NA,NA,NA,Y,carnivore,carnivore_invertebrate,100.0,100.0,0.0,0.0,N
Kerivoula smithii,Kerivoula_smithii,Chiroptera,Vespertilionidae,5.86,0.7679,0.98,Y,NA,NA,NA,NA,NA,Y,carnivore,carnivore_invertebrate,100.0,100.0,0.0,0.0,N
Lasionycteris noctivagans,Lasionycteris_noctivagans,Chiroptera,Vespertilionidae,10.51,1.0216,1.885,Y,1.92,3.619,0.3444,0.2833,-0.463,Y,carnivore,carnivore_invertebrate,100.0,100.0,0.0,0.0,N
Lasiurus blossevillii,Lasiurus_blossevillii,Chiroptera,Vespertilionidae,12.33,1.091,3.06,N,NA,NA,NA,NA,NA,Y,carnivore,carnivore_invertebrate,100.0,100.0,0.0,0.0,Y
Lasiurus borealis,Lasiurus_borealis,Chiroptera,Vespertilionidae,13.0,1.1139,3.06,Y,4.29,13.127,1.0098,0.6325,0.0042,Y,carnivore,carnivore_invertebrate,100.0,100.0,0.0,0.0,N
Lasiurus cinereus,Lasiurus_cinereus,Chiroptera,Vespertilionidae,26.03,1.4155,2.0,Y,5.12,10.24,0.3934,0.7093,-0.4052,Y,carnivore,carnivore_invertebrate,100.0,100.0,0.0,0.0,N
Lasiurus degelidus,Lasiurus_degelidus,Chiroptera,Vespertilionidae,12.33,1.091,3.06,N,NA,NA,NA,NA,NA,Y,carnivore,carnivore_invertebrate,100.0,100.0,0.0,0.0,Y
Lasiurus ega,Lasiurus_ega,Chiroptera,Vespertilionidae,12.2,1.0864,2.07,Y,NA,NA,NA,NA,NA,Y,carnivore,carnivore_invertebrate,100.0,100.0,0.0,0.0,N
Lasiurus insularis,Lasiurus_insularis,Chiroptera,Vespertilionidae,20.0,1.301,2.985,N,NA,NA,NA,NA,NA,Y,carnivore,carnivore_invertebrate,100.0,100.0,0.0,0.0,Y
Lasiurus intermedius,Lasiurus_intermedius,Chiroptera,Vespertilionidae,20.0,1.301,2.985,Y,1.73,5.164,0.2582,0.238,-0.588,Y,carnivore,carnivore_invertebrate,100.0,100.0,0.0,0.0,N
Lasiurus minor,Lasiurus_minor,Chiroptera,Vespertilionidae,12.33,1.091,3.12,N,NA,NA,NA,NA,NA,Y,carnivore,carnivore_invertebrate,100.0,100.0,0.0,0.0,Y
Lasiurus pfeifferi,Lasiurus_pfeifferi,Chiroptera,Vespertilionidae,12.33,1.091,3.12,N,NA,NA,NA,NA,NA,Y,carnivore,carnivore_invertebrate,100.0,100.0,0.0,0.0,Y
Lasiurus seminolus,Lasiurus_seminolus,Chiroptera,Vespertilionidae,13.0,1.1139,3.12,Y,1.07,3.338,0.2568,0.0294,-0.5904,Y,carnivore,carnivore_invertebrate,100.0,100.0,0.0,0.0,N
Lasiurus varius,Lasiurus_varius,Chiroptera,Vespertilionidae,11.815,1.0724,3.06,N,NA,NA,NA,NA,NA,Y,carnivore,carnivore_invertebrate,100.0,100.0,0.0,0.0,Y
Lasiurus xanthinus,Lasiurus_xanthinus,Chiroptera,Vespertilionidae,12.2,1.0864,2.07,N,NA,NA,NA,NA,NA,Y,carnivore,carnivore_invertebrate,100.0,100.0,0.0,0.0,Y
Mimetillus moloneyi,Mimetillus_moloneyi,Chiroptera,Vespertilionidae,8.89,0.9489,0.98,Y,NA,NA,NA,NA,NA,Y,carnivore,carnivore_invertebrate,100.0,100.0,0.0,0.0,N
Murina cyclotis,Murina_cyclotis,Chiroptera,Vespertilionidae,9.35,0.9708,2.0,Y,NA,NA,NA,NA,NA,Y,carnivore,carnivore_invertebrate,100.0,100.0,0.0,0.0,N
Murina hilgendorfi,Murina_hilgendorfi,Chiroptera,Vespertilionidae,7.54,0.8774,1.5,N,NA,NA,NA,NA,NA,Y,carnivore,carnivore_invertebrate,100.0,100.0,0.0,0.0,Y
Murina tubinaris,Murina_tubinaris,Chiroptera,Vespertilionidae,6.505,0.8132,1.37,Y,NA,NA,NA,NA,NA,Y,carnivore,carnivore_invertebrate,100.0,100.0,0.0,0.0,N
Myotis adversus,Myotis_adversus,Chiroptera,Vespertilionidae,10.41,1.0175,1.0,Y,NA,NA,NA,NA,NA,Y,carnivore,carnivore_invertebrate,100.0,100.0,0.0,0.0,N
Myotis albescens,Myotis_albescens,Chiroptera,Vespertilionidae,5.69,0.7551,0.99,Y,NA,NA,NA,NA,NA,Y,carnivore,carnivore_invertebrate,100.0,100.0,0.0,0.0,N
Myotis alcathoe,Myotis_alcathoe,Chiroptera,Vespertilionidae,5.0,0.699,1.0,N,NA,NA,NA,NA,NA,Y,carnivore,carnivore_invertebrate,100.0,100.0,0.0,0.0,Y
Myotis atacamensis,Myotis_atacamensis,Chiroptera,Vespertilionidae,8.005,0.9034,0.98,N,NA,NA,NA,NA,NA,Y,carnivore,carnivore_invertebrate,100.0,100.0,0.0,0.0,N
Myotis ater,Myotis_ater,Chiroptera,Vespertilionidae,5.3,0.7243,1.0,N,NA,NA,NA,NA,NA,Y,carnivore,carnivore_invertebrate,100.0,100.0,0.0,0.0,Y
Myotis aurascens,Myotis_aurascens,Chiroptera,Vespertilionidae,7.5,0.8751,1.0,N,NA,NA,NA,NA,NA,Y,carnivore,carnivore_unknown,NA,NA,NA,NA,NA
Myotis auriculus,Myotis_auriculus,Chiroptera,Vespertilionidae,8.0,0.9031,1.0,Y,NA,NA,NA,NA,NA,Y,carnivore,carnivore_invertebrate,100.0,100.0,0.0,0.0,N
Myotis australis,Myotis_australis,Chiroptera,Vespertilionidae,5.3,0.7243,1.0,N,NA,NA,NA,NA,NA,Y,carnivore,carnivore_invertebrate,100.0,100.0,0.0,0.0,N
Myotis austroriparius,Myotis_austroriparius,Chiroptera,Vespertilionidae,7.35,0.8663,1.94,Y,1.12,2.173,0.2956,0.0492,-0.5293,Y,carnivore,carnivore_invertebrate,100.0,100.0,0.0,0.0,N
Myotis bechsteinii,Myotis_bechsteinii,Chiroptera,Vespertilionidae,9.985,0.9993,1.0,Y,NA,NA,NA,NA,NA,Y,carnivore,carnivore_invertebrate,100.0,100.0,0.0,0.0,N
Myotis blythii,Myotis_blythii,Chiroptera,Vespertilionidae,24.262,1.3849,1.0,Y,NA,NA,NA,NA,NA,Y,carnivore,carnivore_invertebrate,100.0,100.0,0.0,0.0,N
Myotis bocagii,Myotis_bocagii,Chiroptera,Vespertilionidae,7.93,0.8993,0.99,Y,NA,NA,NA,NA,NA,Y,carnivore,carnivore_invertebrate,100.0,100.0,0.0,0.0,N
Myotis bombinus,Myotis_bombinus,Chiroptera,Vespertilionidae,7.5,0.8751,1.0,N,NA,NA,NA,NA,NA,Y,carnivore,carnivore_invertebrate,100.0,100.0,0.0,0.0,N
Myotis bucharensis,Myotis_bucharensis,Chiroptera,Vespertilionidae,7.54,0.8774,1.0,N,NA,NA,NA,NA,NA,Y,carnivore,carnivore_invertebrate,100.0,100.0,0.0,0.0,Y
Myotis californicus,Myotis_californicus,Chiroptera,Vespertilionidae,4.39,0.6425,0.99,Y,NA,NA,NA,NA,NA,Y,carnivore,carnivore_invertebrate,100.0,100.0,0.0,0.0,N
Myotis capaccinii,Myotis_capaccinii,Chiroptera,Vespertilionidae,23.82,1.3769,1.0,Y,NA,NA,NA,NA,NA,Y,carnivore,carnivore_invertebrate,100.0,100.0,0.0,0.0,N
Myotis chiloensis,Myotis_chiloensis,Chiroptera,Vespertilionidae,8.005,0.9034,0.98,Y,NA,NA,NA,NA,NA,Y,carnivore,carnivore_invertebrate,100.0,100.0,0.0,0.0,N
Myotis chinensis,Myotis_chinensis,Chiroptera,Vespertilionidae,28.55,1.4556,1.25,N,NA,NA,NA,NA,NA,Y,carnivore,carnivore_invertebrate,100.0,100.0,0.0,0.0,N
Myotis ciliolabrum,Myotis_ciliolabrum,Chiroptera,Vespertilionidae,5.0,0.699,1.0,N,NA,NA,NA,NA,NA,Y,carnivore,carnivore_invertebrate,100.0,100.0,0.0,0.0,Y
Myotis dasycneme,Myotis_dasycneme,Chiroptera,Vespertilionidae,15.0,1.1761,1.0,Y,NA,NA,NA,NA,NA,Y,carnivore,carnivore_invertebrate,100.0,100.0,0.0,0.0,N
Myotis daubentonii,Myotis_daubentonii,Chiroptera,Vespertilionidae,7.902,0.8977,1.21,Y,2.0,2.42,0.3063,0.301,-0.5139,Y,carnivore,carnivore_invertebrate,100.0,100.0,0.0,0.0,N
Myotis davidii,Myotis_davidii,Chiroptera,Vespertilionidae,5.3,0.7243,1.0,N,NA,NA,NA,NA,NA,Y,carnivore,carnivore_invertebrate,100.0,100.0,0.0,0.0,Y
Myotis dominicensis,Myotis_dominicensis,Chiroptera,Vespertilionidae,4.2,0.6232,1.0,N,NA,NA,NA,NA,NA,Y,carnivore,carnivore_invertebrate,100.0,100.0,0.0,0.0,N
Myotis elegans,Myotis_elegans,Chiroptera,Vespertilionidae,4.21,0.6243,0.98,Y,NA,NA,NA,NA,NA,Y,carnivore,carnivore_invertebrate,100.0,100.0,0.0,0.0,N
Myotis emarginatus,Myotis_emarginatus,Chiroptera,Vespertilionidae,9.28,0.9675,0.995,Y,NA,NA,NA,NA,NA,Y,carnivore,carnivore_invertebrate,100.0,100.0,0.0,0.0,N
Myotis evotis,Myotis_evotis,Chiroptera,Vespertilionidae,7.4,0.8692,1.0,Y,1.22,1.22,0.1649,0.0864,-0.7829,Y,carnivore,carnivore_invertebrate,100.0,100.0,0.0,0.0,N
Myotis fimbriatus,Myotis_fimbriatus,Chiroptera,Vespertilionidae,23.41,1.3694,1.0,N,NA,NA,NA,NA,NA,Y,carnivore,carnivore_invertebrate,100.0,100.0,0.0,0.0,Y
Myotis fortidens,Myotis_fortidens,Chiroptera,Vespertilionidae,6.5,0.8129,1.0,Y,NA,NA,NA,NA,NA,Y,carnivore,carnivore_invertebrate,100.0,100.0,0.0,0.0,N
Myotis frater,Myotis_frater,Chiroptera,Vespertilionidae,7.54,0.8774,1.0,Y,NA,NA,NA,NA,NA,Y,carnivore,carnivore_invertebrate,100.0,100.0,0.0,0.0,N
Myotis grisescens,Myotis_grisescens,Chiroptera,Vespertilionidae,10.045,1.0019,0.995,Y,2.94,2.925,0.2912,0.4683,-0.5358,Y,carnivore,carnivore_invertebrate,100.0,100.0,0.0,0.0,N
Myotis hajastanicus,Myotis_hajastanicus,Chiroptera,Vespertilionidae,5.3,0.7243,1.0,N,NA,NA,NA,NA,NA,Y,carnivore,carnivore_invertebrate,100.0,100.0,0.0,0.0,Y
Myotis hasseltii,Myotis_hasseltii,Chiroptera,Vespertilionidae,8.7,0.9395,0.99,Y,NA,NA,NA,NA,NA,Y,carnivore,carnivore_invertebrate,100.0,90.0,10.0,0.0,N
Myotis keaysi,Myotis_keaysi,Chiroptera,Vespertilionidae,5.22,0.7177,0.98,Y,NA,NA,NA,NA,NA,Y,carnivore,carnivore_invertebrate,100.0,100.0,0.0,0.0,N
Myotis keenii,Myotis_keenii,Chiroptera,Vespertilionidae,6.255,0.7962,1.0,Y,NA,NA,NA,NA,NA,Y,carnivore,carnivore_invertebrate,100.0,100.0,0.0,0.0,N
Myotis leibii,Myotis_leibii,Chiroptera,Vespertilionidae,5.41,0.7332,1.0,Y,NA,NA,NA,NA,NA,Y,carnivore,carnivore_invertebrate,100.0,100.0,0.0,0.0,N
Myotis longipes,Myotis_longipes,Chiroptera,Vespertilionidae,23.41,1.3694,1.0,N,NA,NA,NA,NA,NA,Y,carnivore,carnivore_invertebrate,100.0,100.0,0.0,0.0,N
Myotis lucifugus,Myotis_lucifugus,Chiroptera,Vespertilionidae,7.15,0.8543,1.0,Y,2.18,2.18,0.3049,0.3385,-0.5158,Y,carnivore,carnivore_invertebrate,100.0,100.0,0.0,0.0,N
Myotis macrodactylus,Myotis_macrodactylus,Chiroptera,Vespertilionidae,23.41,1.3694,1.0,Y,1.72,1.72,0.0735,0.2355,-1.1339,Y,carnivore,carnivore_invertebrate,100.0,100.0,0.0,0.0,N
Myotis macropus,Myotis_macropus,Chiroptera,Vespertilionidae,10.41,1.0175,1.0,N,NA,NA,NA,NA,NA,Y,carnivore,carnivore_invertebrate,100.0,100.0,0.0,0.0,Y
Myotis melanorhinus,Myotis_melanorhinus,Chiroptera,Vespertilionidae,5.0,0.699,1.0,N,NA,NA,NA,NA,NA,Y,carnivore,carnivore_invertebrate,100.0,100.0,0.0,0.0,Y
Myotis moluccarum,Myotis_moluccarum,Chiroptera,Vespertilionidae,10.41,1.0175,1.0,N,NA,NA,NA,NA,NA,Y,carnivore,carnivore_invertebrate,100.0,100.0,0.0,0.0,Y
Myotis montivagus,Myotis_montivagus,Chiroptera,Vespertilionidae,5.3,0.7243,1.0,N,NA,NA,NA,NA,NA,Y,carnivore,carnivore_invertebrate,100.0,100.0,0.0,0.0,N
Myotis muricola,Myotis_muricola,Chiroptera,Vespertilionidae,5.3,0.7243,1.0,Y,NA,NA,NA,NA,NA,Y,carnivore,carnivore_invertebrate,100.0,100.0,0.0,0.0,N
Myotis myotis,Myotis_myotis,Chiroptera,Vespertilionidae,27.07,1.4325,1.25,Y,6.0,7.5,0.2771,0.7782,-0.5574,Y,carnivore,carnivore_invertebrate,100.0,100.0,0.0,0.0,N
Myotis mystacinus,Myotis_mystacinus,Chiroptera,Vespertilionidae,5.3,0.7243,1.0,N,NA,NA,NA,NA,NA,Y,carnivore,carnivore_invertebrate,100.0,100.0,0.0,0.0,N
Myotis nattereri,Myotis_nattereri,Chiroptera,Vespertilionidae,7.5,0.8751,1.0,Y,NA,NA,NA,NA,NA,Y,carnivore,carnivore_invertebrate,100.0,100.0,0.0,0.0,N
Myotis nigricans,Myotis_nigricans,Chiroptera,Vespertilionidae,4.1,0.6128,1.0,N,NA,NA,NA,NA,NA,Y,carnivore,carnivore_invertebrate,100.0,100.0,0.0,0.0,N
Myotis nipalensis,Myotis_nipalensis,Chiroptera,Vespertilionidae,5.3,0.7243,1.0,N,NA,NA,NA,NA,NA,Y,carnivore,carnivore_invertebrate,100.0,100.0,0.0,0.0,Y
Myotis occultus,Myotis_occultus,Chiroptera,Vespertilionidae,7.8,0.8921,1.0,N,NA,NA,NA,NA,NA,Y,carnivore,carnivore_invertebrate,100.0,100.0,0.0,0.0,Y
Myotis oxyotus,Myotis_oxyotus,Chiroptera,Vespertilionidae,5.65,0.752,0.98,Y,NA,NA,NA,NA,NA,Y,carnivore,carnivore_invertebrate,100.0,100.0,0.0,0.0,N
Myotis punicus,Myotis_punicus,Chiroptera,Vespertilionidae,24.705,1.3928,1.0,N,NA,NA,NA,NA,NA,Y,carnivore,carnivore_invertebrate,100.0,100.0,0.0,0.0,Y
Myotis riparius,Myotis_riparius,Chiroptera,Vespertilionidae,6.335,0.8017,0.98,Y,NA,NA,NA,NA,NA,Y,carnivore,carnivore_invertebrate,100.0,100.0,0.0,0.0,N
Myotis septentrionalis,Myotis_septentrionalis,Chiroptera,Vespertilionidae,6.0,0.7782,1.0,N,NA,NA,NA,NA,NA,Y,carnivore,carnivore_invertebrate,100.0,100.0,0.0,0.0,Y
Myotis siligorensis,Myotis_siligorensis,Chiroptera,Vespertilionidae,2.93,0.4669,0.98,Y,NA,NA,NA,NA,NA,Y,carnivore,carnivore_invertebrate,100.0,100.0,0.0,0.0,N
Myotis simus,Myotis_simus,Chiroptera,Vespertilionidae,8.1,0.9085,0.98,Y,NA,NA,NA,NA,NA,Y,carnivore,carnivore_invertebrate,100.0,100.0,0.0,0.0,N
Myotis sodalis,Myotis_sodalis,Chiroptera,Vespertilionidae,7.425,0.8707,0.995,Y,4.53,4.507,0.6071,0.6561,-0.2168,Y,carnivore,carnivore_invertebrate,100.0,100.0,0.0,0.0,N
Myotis stalkeri,Myotis_stalkeri,Chiroptera,Vespertilionidae,16.43,1.2156,1.0,N,NA,NA,NA,NA,NA,Y,carnivore,carnivore_invertebrate,100.0,100.0,0.0,0.0,N
Myotis thysanodes,Myotis_thysanodes,Chiroptera,Vespertilionidae,6.5,0.8129,1.0,Y,2.53,2.53,0.3892,0.4031,-0.4098,Y,carnivore,carnivore_invertebrate,100.0,100.0,0.0,0.0,N
Myotis tricolor,Myotis_tricolor,Chiroptera,Vespertilionidae,13.67,1.1358,0.99,Y,NA,NA,NA,NA,NA,Y,carnivore,carnivore_invertebrate,100.0,100.0,0.0,0.0,N
Myotis velifer,Myotis_velifer,Chiroptera,Vespertilionidae,10.995,1.0412,0.995,Y,3.09,3.075,0.2796,0.49,-0.5534,Y,carnivore,carnivore_invertebrate,100.0,100.0,0.0,0.0,N
Myotis vivesi,Myotis_vivesi,Chiroptera,Vespertilionidae,25.0,1.3979,1.0,Y,2.82,2.82,0.1128,0.4502,-0.9477,Y,carnivore,carnivore_invertebrate,100.0,80.0,20.0,0.0,N
Myotis volans,Myotis_volans,Chiroptera,Vespertilionidae,7.855,0.8951,0.995,Y,2.01,2.0,0.2546,0.3032,-0.5941,Y,carnivore,carnivore_invertebrate,100.0,100.0,0.0,0.0,N
Myotis yumanensis,Myotis_yumanensis,Chiroptera,Vespertilionidae,5.9,0.7709,1.0,Y,0.79,0.79,0.1339,-0.1024,-0.8732,Y,carnivore,carnivore_invertebrate,100.0,100.0,0.0,0.0,N
Neoromicia capensis,Neoromicia_capensis,Chiroptera,Vespertilionidae,5.96,0.7752,1.96,Y,2.0,3.92,0.6577,0.301,-0.182,Y,carnivore,carnivore_invertebrate,100.0,100.0,0.0,0.0,N
Neoromicia malagasyensis,Neoromicia_malagasyensis,Chiroptera,Vespertilionidae,6.5,0.8129,2.0,N,NA,NA,NA,NA,NA,Y,carnivore,carnivore_unknown,NA,NA,NA,NA,NA
Neoromicia matroka,Neoromicia_matroka,Chiroptera,Vespertilionidae,6.57,0.8176,1.22,Y,NA,NA,NA,NA,NA,Y,carnivore,carnivore_invertebrate,100.0,100.0,0.0,0.0,Y
Neoromicia melckorum,Neoromicia_melckorum,Chiroptera,Vespertilionidae,7.2,0.8573,1.98,Y,NA,NA,NA,NA,NA,Y,carnivore,carnivore_invertebrate,100.0,100.0,0.0,0.0,N
Neoromicia nana,Neoromicia_nana,Chiroptera,Vespertilionidae,3.88,0.5888,1.86,Y,NA,NA,NA,NA,NA,Y,carnivore,carnivore_invertebrate,100.0,100.0,0.0,0.0,N
Neoromicia somalica,Neoromicia_somalica,Chiroptera,Vespertilionidae,3.53,0.5478,2.0,Y,NA,NA,NA,NA,NA,Y,carnivore,carnivore_invertebrate,100.0,100.0,0.0,0.0,N
Nyctalus aviator,Nyctalus_aviator,Chiroptera,Vespertilionidae,38.925,1.5902,1.865,Y,NA,NA,NA,NA,NA,Y,carnivore,carnivore_invertebrate,100.0,100.0,0.0,0.0,N
Nyctalus azoreum,Nyctalus_azoreum,Chiroptera,Vespertilionidae,14.235,1.1534,1.5,N,NA,NA,NA,NA,NA,Y,carnivore,carnivore_invertebrate,100.0,100.0,0.0,0.0,N
Nyctalus furvus,Nyctalus_furvus,Chiroptera,Vespertilionidae,19.375,1.2872,1.165,N,NA,NA,NA,NA,NA,Y,carnivore,carnivore_invertebrate,100.0,100.0,0.0,0.0,Y
Nyctalus lasiopterus,Nyctalus_lasiopterus,Chiroptera,Vespertilionidae,45.98,1.6626,1.82,Y,5.6,10.192,0.2217,0.7482,-0.6543,Y,carnivore,carnivore_invertebrate,100.0,100.0,0.0,0.0,N
Nyctalus leisleri,Nyctalus_leisleri,Chiroptera,Vespertilionidae,16.0,1.2041,1.5,Y,NA,NA,NA,NA,NA,Y,carnivore,carnivore_invertebrate,100.0,100.0,0.0,0.0,N
Nyctalus montanus,Nyctalus_montanus,Chiroptera,Vespertilionidae,16.0,1.2041,1.5,N,NA,NA,NA,NA,NA,Y,carnivore,carnivore_invertebrate,100.0,100.0,0.0,0.0,N
Nyctalus noctula,Nyctalus_noctula,Chiroptera,Vespertilionidae,19.375,1.2872,1.165,Y,5.57,6.489,0.3349,0.7459,-0.4751,Y,carnivore,carnivore_invertebrate,100.0,100.0,0.0,0.0,N
Nyctalus plancyi,Nyctalus_plancyi,Chiroptera,Vespertilionidae,19.375,1.2872,1.165,N,NA,NA,NA,NA,NA,Y,carnivore,carnivore_invertebrate,100.0,100.0,0.0,0.0,Y
Nycticeinops schlieffeni,Nycticeinops_schlieffeni,Chiroptera,Vespertilionidae,5.05,0.7033,2.54,Y,NA,NA,NA,NA,NA,Y,carnivore,carnivore_invertebrate,100.0,100.0,0.0,0.0,N
Nycticeius cubanus,Nycticeius_cubanus,Chiroptera,Vespertilionidae,6.65,0.8228,1.47,N,NA,NA,NA,NA,NA,Y,carnivore,carnivore_invertebrate,100.0,100.0,0.0,0.0,Y
Nycticeius humeralis,Nycticeius_humeralis,Chiroptera,Vespertilionidae,6.65,0.8228,1.47,Y,1.73,2.543,0.3824,0.238,-0.4175,Y,carnivore,carnivore_invertebrate,100.0,100.0,0.0,0.0,N
Nyctophilus arnhemensis,Nyctophilus_arnhemensis,Chiroptera,Vespertilionidae,6.83,0.8344,2.0,N,NA,NA,NA,NA,NA,Y,carnivore,carnivore_invertebrate,100.0,100.0,0.0,0.0,N
Nyctophilus bifax,Nyctophilus_bifax,Chiroptera,Vespertilionidae,10.605,1.0255,2.0,Y,NA,NA,NA,NA,NA,Y,carnivore,carnivore_invertebrate,100.0,100.0,0.0,0.0,Y
Nyctophilus gouldi,Nyctophilus_gouldi,Chiroptera,Vespertilionidae,11.32,1.0538,1.77,Y,1.65,2.92,0.258,0.2175,-0.5884,Y,carnivore,carnivore_invertebrate,100.0,100.0,0.0,0.0,N
Otonycteris hemprichii,Otonycteris_hemprichii,Chiroptera,Vespertilionidae,21.98,1.342,1.38,Y,NA,NA,NA,NA,NA,Y,carnivore,carnivore_invertebrate,100.0,100.0,0.0,0.0,N
Phoniscus jagorii,Phoniscus_jagorii,Chiroptera,Vespertilionidae,4.7,0.6721,1.0,Y,NA,NA,NA,NA,NA,Y,carnivore,carnivore_invertebrate,100.0,100.0,0.0,0.0,N
Pipistrellus abramus,Pipistrellus_abramus,Chiroptera,Vespertilionidae,5.395,0.732,2.195,Y,1.1,2.414,0.4475,0.0414,-0.3492,Y,carnivore,carnivore_invertebrate,100.0,100.0,0.0,0.0,Y
Pipistrellus adamsi,Pipistrellus_adamsi,Chiroptera,Vespertilionidae,3.34,0.5237,1.92,N,NA,NA,NA,NA,NA,Y,carnivore,carnivore_invertebrate,100.0,100.0,0.0,0.0,Y
Pipistrellus angulatus,Pipistrellus_angulatus,Chiroptera,Vespertilionidae,3.35,0.525,1.92,N,NA,NA,NA,NA,NA,Y,carnivore,carnivore_invertebrate,100.0,100.0,0.0,0.0,Y
Pipistrellus ceylonicus,Pipistrellus_ceylonicus,Chiroptera,Vespertilionidae,8.05,0.9058,1.99,Y,1.26,2.507,0.3115,0.1004,-0.5066,Y,carnivore,carnivore_invertebrate,100.0,100.0,0.0,0.0,N
Pipistrellus collinus,Pipistrellus_collinus,Chiroptera,Vespertilionidae,3.48,0.5416,1.92,N,NA,NA,NA,NA,NA,Y,carnivore,carnivore_invertebrate,100.0,100.0,0.0,0.0,Y
Pipistrellus coromandra,Pipistrellus_coromandra,Chiroptera,Vespertilionidae,4.59,0.6618,1.4,Y,NA,NA,NA,NA,NA,Y,carnivore,carnivore_invertebrate,100.0,100.0,0.0,0.0,N
Pipistrellus hesperidus,Pipistrellus_hesperidus,Chiroptera,Vespertilionidae,6.0,0.7782,1.355,N,NA,NA,NA,NA,NA,Y,carnivore,carnivore_invertebrate,100.0,100.0,0.0,0.0,Y
Pipistrellus javanicus,Pipistrellus_javanicus,Chiroptera,Vespertilionidae,4.92,0.692,2.29,Y,0.98,2.244,0.4561,-0.0088,-0.3409,Y,carnivore,carnivore_invertebrate,100.0,100.0,0.0,0.0,N
Pipistrellus kuhlii,Pipistrellus_kuhlii,Chiroptera,Vespertilionidae,5.548,0.7441,1.428,Y,NA,NA,NA,NA,NA,Y,carnivore,carnivore_invertebrate,100.0,100.0,0.0,0.0,N
Pipistrellus murrayi,Pipistrellus_murrayi,Chiroptera,Vespertilionidae,3.8,0.5798,1.92,N,NA,NA,NA,NA,NA,Y,carnivore,carnivore_unknown,NA,NA,NA,NA,NA
Pipistrellus nanulus,Pipistrellus_nanulus,Chiroptera,Vespertilionidae,2.51,0.3997,1.96,Y,NA,NA,NA,NA,NA,Y,carnivore,carnivore_invertebrate,100.0,100.0,0.0,0.0,N
Pipistrellus nathusii,Pipistrellus_nathusii,Chiroptera,Vespertilionidae,8.72,0.9405,1.865,Y,NA,NA,NA,NA,NA,Y,carnivore,carnivore_invertebrate,100.0,100.0,0.0,0.0,N
Pipistrellus papuanus,Pipistrellus_papuanus,Chiroptera,Vespertilionidae,3.34,0.5237,1.92,N,NA,NA,NA,NA,NA,Y,carnivore,carnivore_invertebrate,100.0,100.0,0.0,0.0,Y
Pipistrellus paterculus,Pipistrellus_paterculus,Chiroptera,Vespertilionidae,4.92,0.692,2.195,N,NA,NA,NA,NA,NA,Y,carnivore,carnivore_invertebrate,100.0,100.0,0.0,0.0,N
Pipistrellus pipistrellus,Pipistrellus_pipistrellus,Chiroptera,Vespertilionidae,5.0,0.699,1.285,Y,1.28,1.645,0.329,0.1072,-0.4829,Y,carnivore,carnivore_invertebrate,100.0,100.0,0.0,0.0,N
Pipistrellus pygmaeus,Pipistrellus_pygmaeus,Chiroptera,Vespertilionidae,5.0,0.699,1.2,N,NA,NA,NA,NA,NA,Y,carnivore,carnivore_invertebrate,100.0,100.0,0.0,0.0,Y
Pipistrellus rueppellii,Pipistrellus_rueppellii,Chiroptera,Vespertilionidae,7.07,0.8494,1.98,Y,NA,NA,NA,NA,NA,Y,carnivore,carnivore_invertebrate,100.0,100.0,0.0,0.0,N
Pipistrellus rusticus,Pipistrellus_rusticus,Chiroptera,Vespertilionidae,4.57,0.6599,1.96,Y,NA,NA,NA,NA,NA,Y,carnivore,carnivore_invertebrate,100.0,100.0,0.0,0.0,N
Pipistrellus stenopterus,Pipistrellus_stenopterus,Chiroptera,Vespertilionidae,15.67,1.1951,0.98,Y,NA,NA,NA,NA,NA,Y,carnivore,carnivore_invertebrate,100.0,100.0,0.0,0.0,N
Pipistrellus tenuis,Pipistrellus_tenuis,Chiroptera,Vespertilionidae,3.34,0.5237,1.92,Y,0.53,1.018,0.3047,-0.2757,-0.5162,Y,carnivore,carnivore_invertebrate,100.0,100.0,0.0,0.0,N
Pipistrellus wattsi,Pipistrellus_wattsi,Chiroptera,Vespertilionidae,3.34,0.5237,1.92,N,NA,NA,NA,NA,NA,Y,carnivore,carnivore_invertebrate,100.0,100.0,0.0,0.0,Y
Pipistrellus westralis,Pipistrellus_westralis,Chiroptera,Vespertilionidae,3.34,0.5237,1.92,N,NA,NA,NA,NA,NA,Y,carnivore,carnivore_invertebrate,100.0,100.0,0.0,0.0,Y
Plecotus auritus,Plecotus_auritus,Chiroptera,Vespertilionidae,9.195,0.9636,1.275,Y,2.09,2.665,0.2898,0.3201,-0.5379,Y,carnivore,carnivore_invertebrate,100.0,100.0,0.0,0.0,N
Plecotus austriacus,Plecotus_austriacus,Chiroptera,Vespertilionidae,8.19,0.9133,1.275,N,NA,NA,NA,NA,NA,Y,carnivore,carnivore_invertebrate,100.0,100.0,0.0,0.0,N
Plecotus kolombatovici,Plecotus_kolombatovici,Chiroptera,Vespertilionidae,8.19,0.9133,1.275,N,NA,NA,NA,NA,NA,Y,carnivore,carnivore_invertebrate,100.0,100.0,0.0,0.0,Y
Plecotus macrobullaris,Plecotus_macrobullaris,Chiroptera,Vespertilionidae,8.5,0.9294,1.275,N,NA,NA,NA,NA,NA,Y,carnivore,carnivore_invertebrate,100.0,100.0,0.0,0.0,Y
Plecotus ognevi,Plecotus_ognevi,Chiroptera,Vespertilionidae,8.4,0.9243,1.275,N,NA,NA,NA,NA,NA,Y,carnivore,carnivore_unknown,NA,NA,NA,NA,NA
Plecotus sacrimontis,Plecotus_sacrimontis,Chiroptera,Vespertilionidae,9.3,0.9685,1.275,N,NA,NA,NA,NA,NA,Y,carnivore,carnivore_unknown,NA,NA,NA,NA,NA
Plecotus teneriffae,Plecotus_teneriffae,Chiroptera,Vespertilionidae,9.195,0.9636,1.275,N,NA,NA,NA,NA,NA,Y,carnivore,carnivore_invertebrate,100.0,100.0,0.0,0.0,N
Rhogeessa aeneus,Rhogeessa_aeneus,Chiroptera,Vespertilionidae,4.475,0.6508,1.69,N,NA,NA,NA,NA,NA,Y,carnivore,carnivore_invertebrate,100.0,100.0,0.0,0.0,Y
Rhogeessa genowaysi,Rhogeessa_genowaysi,Chiroptera,Vespertilionidae,3.88,0.5888,2.0,N,NA,NA,NA,NA,NA,Y,carnivore,carnivore_invertebrate,100.0,100.0,0.0,0.0,N
Rhogeessa io,Rhogeessa_io,Chiroptera,Vespertilionidae,4.475,0.6508,1.69,N,NA,NA,NA,NA,NA,Y,carnivore,carnivore_invertebrate,100.0,100.0,0.0,0.0,Y
Rhogeessa minutilla,Rhogeessa_minutilla,Chiroptera,Vespertilionidae,4.06,0.6085,1.98,N,NA,NA,NA,NA,NA,Y,carnivore,carnivore_invertebrate,100.0,100.0,0.0,0.0,N
Rhogeessa parvula,Rhogeessa_parvula,Chiroptera,Vespertilionidae,4.37,0.6405,1.98,Y,NA,NA,NA,NA,NA,Y,carnivore,carnivore_invertebrate,100.0,100.0,0.0,0.0,N
Rhogeessa tumida,Rhogeessa_tumida,Chiroptera,Vespertilionidae,4.475,0.6508,1.69,Y,NA,NA,NA,NA,NA,Y,carnivore,carnivore_invertebrate,100.0,100.0,0.0,0.0,N
Scoteanax rueppellii,Scoteanax_rueppellii,Chiroptera,Vespertilionidae,26.41,1.4218,1.0,Y,NA,NA,NA,NA,NA,Y,carnivore,carnivore_invertebrate,100.0,100.0,0.0,0.0,N
Scotoecus hirundo,Scotoecus_hirundo,Chiroptera,Vespertilionidae,9.048,0.9566,1.96,Y,NA,NA,NA,NA,NA,Y,carnivore,carnivore_invertebrate,100.0,100.0,0.0,0.0,N
Scotophilus borbonicus,Scotophilus_borbonicus,Chiroptera,Vespertilionidae,19.415,1.2881,2.0,Y,NA,NA,NA,NA,NA,Y,carnivore,carnivore_invertebrate,100.0,100.0,0.0,0.0,N
Scotophilus collinus,Scotophilus_collinus,Chiroptera,Vespertilionidae,20.31,1.3077,1.5,N,NA,NA,NA,NA,NA,Y,carnivore,carnivore_invertebrate,100.0,100.0,0.0,0.0,Y
Scotophilus dinganii,Scotophilus_dinganii,Chiroptera,Vespertilionidae,25.12,1.4,1.5,Y,NA,NA,NA,NA,NA,Y,carnivore,carnivore_invertebrate,100.0,100.0,0.0,0.0,N
Scotophilus heathii,Scotophilus_heathii,Chiroptera,Vespertilionidae,36.13,1.5579,1.92,Y,5.49,10.541,0.2917,0.7396,-0.535,Y,carnivore,carnivore_invertebrate,100.0,100.0,0.0,0.0,N
Scotophilus kuhlii,Scotophilus_kuhlii,Chiroptera,Vespertilionidae,20.31,1.3077,1.5,Y,6.5,9.75,0.4801,0.8129,-0.3187,Y,carnivore,carnivore_invertebrate,100.0,100.0,0.0,0.0,N
Scotophilus leucogaster,Scotophilus_leucogaster,Chiroptera,Vespertilionidae,25.12,1.4,1.5,Y,NA,NA,NA,NA,NA,Y,carnivore,carnivore_invertebrate,100.0,100.0,0.0,0.0,N
Scotophilus nigrita,Scotophilus_nigrita,Chiroptera,Vespertilionidae,25.12,1.4,1.5,Y,NA,NA,NA,NA,NA,Y,carnivore,carnivore_invertebrate,100.0,100.0,0.0,0.0,N
Scotophilus nucella,Scotophilus_nucella,Chiroptera,Vespertilionidae,25.12,1.4,1.5,N,NA,NA,NA,NA,NA,Y,carnivore,carnivore_invertebrate,100.0,100.0,0.0,0.0,Y
Scotophilus nux,Scotophilus_nux,Chiroptera,Vespertilionidae,26.23,1.4188,1.5,N,NA,NA,NA,NA,NA,Y,carnivore,carnivore_invertebrate,100.0,100.0,0.0,0.0,N
Scotophilus viridis,Scotophilus_viridis,Chiroptera,Vespertilionidae,19.415,1.2881,2.0,Y,NA,NA,NA,NA,NA,Y,carnivore,carnivore_invertebrate,100.0,100.0,0.0,0.0,N
Scotorepens balstoni,Scotorepens_balstoni,Chiroptera,Vespertilionidae,11.7,1.0682,1.5,Y,2.39,3.585,0.3064,0.3784,-0.5137,Y,carnivore,carnivore_invertebrate,100.0,100.0,0.0,0.0,N
Scotorepens orion,Scotorepens_orion,Chiroptera,Vespertilionidae,11.765,1.0706,1.5,N,NA,NA,NA,NA,NA,Y,carnivore,carnivore_invertebrate,100.0,100.0,0.0,0.0,Y
Scotorepens sanborni,Scotorepens_sanborni,Chiroptera,Vespertilionidae,9.915,0.9963,1.5,N,NA,NA,NA,NA,NA,Y,carnivore,carnivore_invertebrate,100.0,100.0,0.0,0.0,N
Scotozous dormeri,Scotozous_dormeri,Chiroptera,Vespertilionidae,6.79,0.8319,1.08,Y,1.7,1.836,0.2704,0.2304,-0.568,Y,carnivore,carnivore_invertebrate,100.0,100.0,0.0,0.0,N
Tylonycteris pachypus,Tylonycteris_pachypus,Chiroptera,Vespertilionidae,4.1,0.6128,1.92,Y,0.6,1.152,0.281,-0.2218,-0.5513,Y,carnivore,carnivore_invertebrate,100.0,100.0,0.0,0.0,N
Tylonycteris robustula,Tylonycteris_robustula,Chiroptera,Vespertilionidae,7.98,0.902,2.0,Y,1.25,2.5,0.3133,0.0969,-0.5041,Y,carnivore,carnivore_invertebrate,100.0,100.0,0.0,0.0,N
Vespadelus caurinus,Vespadelus_caurinus,Chiroptera,Vespertilionidae,6.79,0.8319,1.29,Y,NA,NA,NA,NA,NA,Y,carnivore,carnivore_invertebrate,100.0,100.0,0.0,0.0,Y
Vespadelus darlingtoni,Vespadelus_darlingtoni,Chiroptera,Vespertilionidae,6.06,0.7825,1.0,N,NA,NA,NA,NA,NA,Y,carnivore,carnivore_invertebrate,100.0,100.0,0.0,0.0,N
Vespadelus pumilus,Vespadelus_pumilus,Chiroptera,Vespertilionidae,5.4,0.7324,1.21,Y,0.83,1.004,0.186,-0.0809,-0.7305,Y,carnivore,carnivore_invertebrate,100.0,100.0,0.0,0.0,N
Vespadelus regulus,Vespadelus_regulus,Chiroptera,Vespertilionidae,5.05,0.7033,1.0,Y,NA,NA,NA,NA,NA,Y,carnivore,carnivore_invertebrate,100.0,100.0,0.0,0.0,N
Vespadelus vulturnus,Vespadelus_vulturnus,Chiroptera,Vespertilionidae,3.77,0.5763,1.0,Y,NA,NA,NA,NA,NA,Y,carnivore,carnivore_invertebrate,100.0,100.0,0.0,0.0,N
Vespertilio murinus,Vespertilio_murinus,Chiroptera,Vespertilionidae,15.71,1.1962,1.5,Y,NA,NA,NA,NA,NA,Y,carnivore,carnivore_invertebrate,100.0,100.0,0.0,0.0,N
Vespertilio sinensis,Vespertilio_sinensis,Chiroptera,Vespertilionidae,24.3,1.3856,2.0,Y,2.16,4.32,0.1778,0.3345,-0.7501,Y,carnivore,carnivore_invertebrate,100.0,100.0,0.0,0.0,N
Cabassous centralis,Cabassous_centralis,Cingulata,Chlamyphoridae,3810.0,3.5809,1.0,Y,NA,NA,NA,NA,NA,Y,carnivore,carnivore_invertebrate,100.0,100.0,0.0,0.0,N
Cabassous unicinctus,Cabassous_unicinctus,Cingulata,Chlamyphoridae,3987.97,3.6008,1.0,Y,100.0,100.0,0.0251,2.0,-1.6008,Y,carnivore,carnivore_invertebrate,100.0,100.0,0.0,0.0,N
Chaetophractus vellerosus,Chaetophractus_vellerosus,Cingulata,Chlamyphoridae,1315.05,3.1189,1.5,N,NA,NA,NA,NA,NA,Y,omnivore,omnivore,70.0,50.0,20.0,0.0,N
Chaetophractus villosus,Chaetophractus_villosus,Cingulata,Chlamyphoridae,4372.8,3.6408,1.65,Y,124.48,205.392,0.047,2.0951,-1.3282,Y,omnivore,omnivore,70.0,50.0,20.0,0.0,N
Euphractus sexcinctus,Euphractus_sexcinctus,Cingulata,Chlamyphoridae,4850.0,3.6857,1.75,Y,104.98,183.715,0.0379,2.0211,-1.4216,Y,omnivore,omnivore,50.0,50.0,0.0,0.0,N
Priodontes maximus,Priodontes_maximus,Cingulata,Chlamyphoridae,45190.0,4.655,1.5,Y,113.0,169.5,0.0038,2.0531,-2.4259,Y,carnivore,carnivore_invertebrate,100.0,90.0,10.0,0.0,N
Tolypeutes matacus,Tolypeutes_matacus,Cingulata,Chlamyphoridae,1225.0,3.0881,1.0,Y,113.0,113.0,0.0922,2.0531,-1.0351,Y,omnivore,omnivore,80.0,80.0,0.0,20.0,N
Tolypeutes tricinctus,Tolypeutes_tricinctus,Cingulata,Chlamyphoridae,1465.72,3.1661,0.93,Y,NA,NA,NA,NA,NA,Y,omnivore,omnivore,80.0,80.0,0.0,20.0,N
Zaedyus pichiy,Zaedyus_pichiy,Cingulata,Chlamyphoridae,1500.0,3.1761,2.0,Y,105.0,210.0,0.14,2.0212,-0.8539,Y,omnivore,omnivore,100.0,100.0,0.0,0.0,N
Dasypus hybridus,Dasypus_hybridus,Cingulata,Dasypodidae,1500.0,3.1761,6.18,Y,NA,NA,NA,NA,NA,Y,omnivore,omnivore,100.0,100.0,0.0,0.0,N
Dasypus kappleri,Dasypus_kappleri,Cingulata,Dasypodidae,9926.415,3.9968,3.235,Y,NA,NA,NA,NA,NA,Y,carnivore,carnivore_invertebrate,100.0,100.0,0.0,0.0,N
Dasypus novemcinctus,Dasypus_novemcinctus,Cingulata,Dasypodidae,3949.01,3.5965,4.0,Y,96.48,385.92,0.0977,1.9844,-1.01,Y,carnivore,carnivore_invertebrate,100.0,100.0,0.0,0.0,N
Dasypus sabanicola,Dasypus_sabanicola,Cingulata,Dasypodidae,1150.005,3.0607,4.0,Y,NA,NA,NA,NA,NA,Y,carnivore,carnivore_invertebrate,100.0,100.0,0.0,0.0,N
Dasypus septemcinctus,Dasypus_septemcinctus,Cingulata,Dasypodidae,1500.82,3.1763,5.995,Y,NA,NA,NA,NA,NA,Y,omnivore,omnivore,100.0,100.0,0.0,0.0,N
Antechinomys laniger,Antechinomys_laniger,Dasyuromorphia,Dasyuridae,25.8,1.4116,6.0,Y,NA,NA,NA,NA,NA,N,carnivore,carnivore_invertebrate,100.0,80.0,20.0,0.0,N
Antechinus adustus,Antechinus_adustus,Dasyuromorphia,Dasyuridae,30.5,1.4843,6.0,N,NA,NA,NA,NA,NA,N,carnivore,carnivore_invertebrate,100.0,80.0,10.0,0.0,N
Antechinus agilis,Antechinus_agilis,Dasyuromorphia,Dasyuridae,26.25,1.4191,7.5,Y,NA,NA,NA,NA,NA,N,omnivore,omnivore,90.0,80.0,10.0,10.0,N
Antechinus bellus,Antechinus_bellus,Dasyuromorphia,Dasyuridae,36.365,1.5607,10.08,Y,NA,NA,NA,NA,NA,N,carnivore,carnivore_invertebrate,100.0,90.0,10.0,0.0,N
Antechinus flavipes,Antechinus_flavipes,Dasyuromorphia,Dasyuridae,44.665,1.65,10.0,Y,NA,NA,NA,NA,NA,N,carnivore,carnivore_invertebrate,100.0,90.0,10.0,0.0,N
Antechinus godmani,Antechinus_godmani,Dasyuromorphia,Dasyuridae,75.74,1.8793,6.0,Y,NA,NA,NA,NA,NA,N,carnivore,carnivore_invertebrate,100.0,90.0,10.0,0.0,N
Antechinus leo,Antechinus_leo,Dasyuromorphia,Dasyuridae,70.09,1.8457,9.095,Y,NA,NA,NA,NA,NA,N,carnivore,carnivore_invertebrate,100.0,90.0,10.0,0.0,N
Antechinus minimus,Antechinus_minimus,Dasyuromorphia,Dasyuridae,52.56,1.7207,7.19,Y,0.03,0.216,0.0041,-1.5229,-2.3868,N,carnivore,carnivore_invertebrate,100.0,90.0,10.0,0.0,N
Antechinus stuartii,Antechinus_stuartii,Dasyuromorphia,Dasyuridae,27.85,1.4448,6.945,Y,0.01,0.069,0.0025,-2.0,-2.6032,N,carnivore,carnivore_invertebrate,100.0,90.0,10.0,0.0,N
Antechinus swainsonii,Antechinus_swainsonii,Dasyuromorphia,Dasyuridae,58.69,1.7686,8.12,Y,NA,NA,NA,NA,NA,N,carnivore,carnivore_invertebrate,100.0,90.0,10.0,0.0,N
Dasycercus blythi,Dasycercus_blythi,Dasyuromorphia,Dasyuridae,83.8,1.9232,6.25,N,NA,NA,NA,NA,NA,N,carnivore,carnivore_unknown,NA,NA,NA,NA,NA
Dasycercus cristicauda,Dasycercus_cristicauda,Dasyuromorphia,Dasyuridae,90.0,1.9542,6.25,Y,NA,NA,NA,NA,NA,N,carnivore,carnivore_vertebrate,100.0,30.0,70.0,0.0,N
Dasykaluta rosamondae,Dasykaluta_rosamondae,Dasyuromorphia,Dasyuridae,32.17,1.5075,7.32,Y,NA,NA,NA,NA,NA,N,carnivore,carnivore_invertebrate,100.0,60.0,40.0,0.0,N
Dasyuroides byrnei,Dasyuroides_byrnei,Dasyuromorphia,Dasyuridae,105.0,2.0212,6.0,Y,0.02,0.12,0.0011,-1.699,-2.942,N,carnivore,carnivore_vertebrate,100.0,30.0,70.0,0.0,N
Dasyurus albopunctatus,Dasyurus_albopunctatus,Dasyuromorphia,Dasyuridae,603.48,2.7807,6.19,Y,NA,NA,NA,NA,NA,N,carnivore,carnivore_invertebrate,100.0,80.0,20.0,0.0,N
Dasyurus geoffroii,Dasyurus_geoffroii,Dasyuromorphia,Dasyuridae,1300.0,3.1139,5.735,Y,0.01,0.057,0.0,-2.0,-4.3554,N,carnivore,carnivore_invertebrate,100.0,60.0,30.0,0.0,N
Dasyurus hallucatus,Dasyurus_hallucatus,Dasyuromorphia,Dasyuridae,564.5,2.7517,6.595,Y,NA,NA,NA,NA,NA,N,carnivore,carnivore_vertebrate,90.0,40.0,50.0,10.0,N
Dasyurus maculatus,Dasyurus_maculatus,Dasyuromorphia,Dasyuridae,1782.0,3.2509,4.47,Y,NA,NA,NA,NA,NA,N,omnivore,omnivore,100.0,30.0,70.0,0.0,N
Dasyurus spartacus,Dasyurus_spartacus,Dasyuromorphia,Dasyuridae,885.67,2.9473,6.78,Y,NA,NA,NA,NA,NA,N,omnivore,omnivore,100.0,80.0,20.0,0.0,N
Dasyurus viverrinus,Dasyurus_viverrinus,Dasyuromorphia,Dasyuridae,982.0,2.9921,6.0,Y,0.01,0.06,0.0001,-2.0,-4.214,N,omnivore,omnivore,100.0,70.0,20.0,0.0,N
Murexia habbema,Murexia_habbema,Dasyuromorphia,Dasyuridae,40.94,1.6121,3.65,N,NA,NA,NA,NA,NA,N,carnivore,carnivore_invertebrate,100.0,70.0,30.0,0.0,Y
Murexia longicaudata,Murexia_longicaudata,Dasyuromorphia,Dasyuridae,126.79,2.1031,3.8,N,NA,NA,NA,NA,NA,N,carnivore,carnivore_invertebrate,100.0,60.0,40.0,0.0,N
Murexia melanurus,Murexia_melanurus,Dasyuromorphia,Dasyuridae,38.02,1.58,3.745,Y,NA,NA,NA,NA,NA,N,carnivore,carnivore_invertebrate,100.0,90.0,10.0,0.0,N
Murexia naso,Murexia_naso,Dasyuromorphia,Dasyuridae,52.62,1.7212,3.69,Y,NA,NA,NA,NA,NA,N,carnivore,carnivore_invertebrate,100.0,90.0,10.0,0.0,N
Murexia rothschildi,Murexia_rothschildi,Dasyuromorphia,Dasyuridae,53.77,1.7305,4.0,Y,NA,NA,NA,NA,NA,N,carnivore,carnivore_invertebrate,100.0,60.0,40.0,0.0,N
Ningaui ridei,Ningaui_ridei,Dasyuromorphia,Dasyuridae,9.21,0.9643,5.99,Y,0.005,0.03,0.0033,-2.3012,-2.488,N,omnivore,omnivore,100.0,80.0,20.0,0.0,N
Ningaui timealeyi,Ningaui_timealeyi,Dasyuromorphia,Dasyuridae,7.885,0.8968,5.85,Y,NA,NA,NA,NA,NA,N,omnivore,omnivore,100.0,80.0,20.0,0.0,N
Ningaui yvonneae,Ningaui_yvonneae,Dasyuromorphia,Dasyuridae,11.55,1.0626,7.0,Y,NA,NA,NA,NA,NA,N,carnivore,carnivore_invertebrate,100.0,80.0,20.0,0.0,N
Parantechinus apicalis,Parantechinus_apicalis,Dasyuromorphia,Dasyuridae,70.655,1.8491,7.75,Y,NA,NA,NA,NA,NA,N,carnivore,carnivore_invertebrate,70.0,70.0,0.0,0.0,N
Phascogale calura,Phascogale_calura,Dasyuromorphia,Dasyuridae,43.015,1.6336,7.5,Y,NA,NA,NA,NA,NA,N,omnivore,omnivore,100.0,30.0,70.0,0.0,N
Phascogale pirata,Phascogale_pirata,Dasyuromorphia,Dasyuridae,181.5,2.2589,6.595,N,NA,NA,NA,NA,NA,N,carnivore,carnivore_unknown,NA,NA,NA,NA,NA
Phascogale tapoatafa,Phascogale_tapoatafa,Dasyuromorphia,Dasyuridae,157.0,2.1959,6.595,Y,NA,NA,NA,NA,NA,N,omnivore,omnivore,100.0,30.0,70.0,0.0,N
Phascolosorex dorsalis,Phascolosorex_dorsalis,Dasyuromorphia,Dasyuridae,123.03,2.09,3.6,Y,NA,NA,NA,NA,NA,N,carnivore,carnivore_invertebrate,70.0,70.0,0.0,30.0,Y
Planigale gilesi,Planigale_gilesi,Dasyuromorphia,Dasyuridae,9.1,0.959,5.23,Y,0.01,0.051,0.0056,-2.0132,-2.2538,N,carnivore,carnivore_vertebrate,100.0,40.0,60.0,0.0,N
Planigale ingrami,Planigale_ingrami,Dasyuromorphia,Dasyuridae,6.035,0.7807,7.24,Y,NA,NA,NA,NA,NA,N,carnivore,carnivore_vertebrate,100.0,40.0,60.0,0.0,N
Planigale maculata,Planigale_maculata,Dasyuromorphia,Dasyuridae,11.3,1.0531,7.645,Y,NA,NA,NA,NA,NA,N,carnivore,carnivore_vertebrate,100.0,40.0,60.0,0.0,N
Planigale tenuirostris,Planigale_tenuirostris,Dasyuromorphia,Dasyuridae,6.85,0.8357,5.995,Y,NA,NA,NA,NA,NA,N,carnivore,carnivore_vertebrate,100.0,40.0,60.0,0.0,N
Pseudantechinus bilarni,Pseudantechinus_bilarni,Dasyuromorphia,Dasyuridae,23.05,1.3627,4.75,Y,NA,NA,NA,NA,NA,N,carnivore,carnivore_invertebrate,70.0,70.0,0.0,0.0,N
Pseudantechinus macdonnellensis,Pseudantechinus_macdonnellensis,Dasyuromorphia,Dasyuridae,39.99,1.602,5.94,Y,0.01,0.059,0.0015,-2.0,-2.8282,N,carnivore,carnivore_invertebrate,100.0,100.0,0.0,0.0,N
Pseudantechinus mimulus,Pseudantechinus_mimulus,Dasyuromorphia,Dasyuridae,39.99,1.602,5.94,N,NA,NA,NA,NA,NA,N,carnivore,carnivore_invertebrate,100.0,90.0,10.0,0.0,N
Pseudantechinus ningbing,Pseudantechinus_ningbing,Dasyuromorphia,Dasyuridae,20.74,1.3168,4.0,Y,NA,NA,NA,NA,NA,N,carnivore,carnivore_invertebrate,100.0,100.0,0.0,0.0,N
Pseudantechinus woolleyae,Pseudantechinus_woolleyae,Dasyuromorphia,Dasyuridae,40.615,1.6087,5.995,Y,NA,NA,NA,NA,NA,N,carnivore,carnivore_invertebrate,100.0,100.0,0.0,0.0,N
Sarcophilus harrisii,Sarcophilus_harrisii,Dasyuromorphia,Dasyuridae,6500.0,3.8129,2.94,Y,0.02,0.059,0.0,-1.699,-5.0435,N,carnivore,carnivore_invertebrate,100.0,0.0,0.0,0.0,N
Sminthopsis archeri,Sminthopsis_archeri,Dasyuromorphia,Dasyuridae,16.0,1.2041,8.15,Y,NA,NA,NA,NA,NA,N,carnivore,carnivore_invertebrate,100.0,80.0,20.0,0.0,N
Sminthopsis crassicaudata,Sminthopsis_crassicaudata,Dasyuromorphia,Dasyuridae,15.98,1.2036,7.0,Y,0.01,0.07,0.0044,-2.0,-2.3585,N,carnivore,carnivore_invertebrate,100.0,80.0,20.0,0.0,N
Sminthopsis dolichura,Sminthopsis_dolichura,Dasyuromorphia,Dasyuridae,14.39,1.1581,7.2,Y,NA,NA,NA,NA,NA,N,carnivore,carnivore_invertebrate,100.0,80.0,20.0,0.0,N
Sminthopsis douglasi,Sminthopsis_douglasi,Dasyuromorphia,Dasyuridae,55.0,1.7404,6.79,Y,NA,NA,NA,NA,NA,N,carnivore,carnivore_invertebrate,100.0,80.0,20.0,0.0,N
Sminthopsis fuliginosus,Sminthopsis_fuliginosus,Dasyuromorphia,Dasyuridae,18.8,1.2742,8.0,N,NA,NA,NA,NA,NA,N,carnivore,carnivore_invertebrate,100.0,80.0,20.0,0.0,N
Sminthopsis griseoventer,Sminthopsis_griseoventer,Dasyuromorphia,Dasyuridae,17.5,1.243,8.0,N,NA,NA,NA,NA,NA,N,carnivore,carnivore_invertebrate,100.0,80.0,20.0,0.0,N
Sminthopsis leucopus,Sminthopsis_leucopus,Dasyuromorphia,Dasyuridae,23.36,1.3685,8.0,Y,NA,NA,NA,NA,NA,N,carnivore,carnivore_invertebrate,100.0,80.0,20.0,0.0,N
Sminthopsis longicaudata,Sminthopsis_longicaudata,Dasyuromorphia,Dasyuridae,18.0,1.2553,3.62,Y,NA,NA,NA,NA,NA,N,carnivore,carnivore_invertebrate,100.0,80.0,20.0,0.0,N
Sminthopsis macroura,Sminthopsis_macroura,Dasyuromorphia,Dasyuridae,21.3,1.3284,7.0,Y,0.01,0.07,0.0033,-2.0,-2.4833,N,carnivore,carnivore_invertebrate,100.0,80.0,20.0,0.0,N
Sminthopsis murina,Sminthopsis_murina,Dasyuromorphia,Dasyuridae,16.35,1.2135,8.0,Y,NA,NA,NA,NA,NA,N,carnivore,carnivore_invertebrate,100.0,80.0,20.0,0.0,N
Sminthopsis ooldea,Sminthopsis_ooldea,Dasyuromorphia,Dasyuridae,11.595,1.0643,7.24,Y,NA,NA,NA,NA,NA,N,carnivore,carnivore_invertebrate,100.0,80.0,20.0,0.0,N
Sminthopsis psammophila,Sminthopsis_psammophila,Dasyuromorphia,Dasyuridae,33.5,1.525,5.49,Y,NA,NA,NA,NA,NA,N,carnivore,carnivore_invertebrate,100.0,80.0,20.0,0.0,N
Sminthopsis virginiae,Sminthopsis_virginiae,Dasyuromorphia,Dasyuridae,34.0,1.5315,3.305,Y,NA,NA,NA,NA,NA,N,carnivore,carnivore_invertebrate,100.0,80.0,20.0,0.0,N
Sminthopsis youngsoni,Sminthopsis_youngsoni,Dasyuromorphia,Dasyuridae,10.0,1.0,5.5,Y,NA,NA,NA,NA,NA,N,carnivore,carnivore_invertebrate,100.0,80.0,20.0,0.0,N
Myrmecobius fasciatus,Myrmecobius_fasciatus,Dasyuromorphia,Myrmecobiidae,471.5,2.6735,4.0,Y,NA,NA,NA,NA,NA,N,carnivore,carnivore_invertebrate,100.0,100.0,0.0,0.0,N
Thylacinus cynocephalus,Thylacinus_cynocephalus,Dasyuromorphia,Thylacinidae,25000.0,4.3979,3.0,Y,NA,NA,NA,NA,NA,N,carnivore,carnivore_unknown,NA,NA,NA,NA,NA
Cynocephalus volans,Cynocephalus_volans,Dermoptera,Cynocephalidae,1250.0,3.0969,1.0,Y,35.79,35.79,0.0286,1.5538,-1.5431,Y,herbivore,herbivore,0.0,0.0,0.0,0.0,N
Galeopterus variegatus,Galeopterus_variegatus,Dermoptera,Cynocephalidae,1056.1,3.0237,1.0,Y,NA,NA,NA,NA,NA,Y,herbivore,herbivore,0.0,0.0,0.0,0.0,N
Caluromys derbianus,Caluromys_derbianus,Didelphimorphia,Didelphidae,330.0,2.5185,3.07,Y,NA,NA,NA,NA,NA,N,omnivore,omnivore,30.0,20.0,10.0,20.0,N
Caluromys lanatus,Caluromys_lanatus,Didelphimorphia,Didelphidae,410.0,2.6128,2.5,N,NA,NA,NA,NA,NA,N,herbivore,herbivore,30.0,20.0,10.0,20.0,N
Caluromys philander,Caluromys_philander,Didelphimorphia,Didelphidae,298.235,2.4746,4.34,Y,0.2,0.868,0.0029,-0.699,-2.536,N,omnivore,omnivore,30.0,20.0,10.0,20.0,N
Caluromysiops irrupta,Caluromysiops_irrupta,Didelphimorphia,Didelphidae,257.48,2.4107,2.0,Y,NA,NA,NA,NA,NA,N,herbivore,herbivore,20.0,20.0,0.0,20.0,N
Chironectes minimus,Chironectes_minimus,Didelphimorphia,Didelphidae,856.0,2.9325,3.62,Y,NA,NA,NA,NA,NA,N,omnivore,omnivore,80.0,50.0,30.0,0.0,N
Didelphis albiventris,Didelphis_albiventris,Didelphimorphia,Didelphidae,1030.47,3.013,6.9,Y,NA,NA,NA,NA,NA,N,omnivore,omnivore,80.0,20.0,30.0,0.0,N
Didelphis aurita,Didelphis_aurita,Didelphimorphia,Didelphidae,1149.875,3.0607,6.2,Y,NA,NA,NA,NA,NA,N,omnivore,omnivore,80.0,20.0,30.0,0.0,N
Didelphis imperfecta,Didelphis_imperfecta,Didelphimorphia,Didelphidae,1030.47,3.013,6.9,N,NA,NA,NA,NA,NA,N,omnivore,omnivore,50.0,50.0,0.0,50.0,N
Didelphis marsupialis,Didelphis_marsupialis,Didelphimorphia,Didelphidae,1149.875,3.0607,6.2,Y,0.16,0.992,0.0009,-0.7959,-3.0641,N,omnivore,omnivore,80.0,20.0,30.0,0.0,N
Didelphis pernigra,Didelphis_pernigra,Didelphimorphia,Didelphidae,1030.47,3.013,6.9,N,NA,NA,NA,NA,NA,N,omnivore,omnivore,80.0,20.0,30.0,0.0,Y
Didelphis virginiana,Didelphis_virginiana,Didelphimorphia,Didelphidae,1414.5,3.1506,6.645,Y,0.15,0.997,0.0007,-0.8239,-3.152,N,omnivore,omnivore,80.0,20.0,30.0,0.0,N
Glironia venusta,Glironia_venusta,Didelphimorphia,Didelphidae,140.0,2.1461,4.0,N,NA,NA,NA,NA,NA,N,omnivore,omnivore,60.0,40.0,20.0,20.0,N
Gracilinanus agilis,Gracilinanus_agilis,Didelphimorphia,Didelphidae,21.5,1.3324,11.5,Y,NA,NA,NA,NA,NA,N,omnivore,omnivore,50.0,50.0,0.0,30.0,N
Gracilinanus marica,Gracilinanus_marica,Didelphimorphia,Didelphidae,16.9,1.2279,5.99,Y,NA,NA,NA,NA,NA,N,omnivore,omnivore,50.0,50.0,0.0,30.0,N
Gracilinanus microtarsus,Gracilinanus_microtarsus,Didelphimorphia,Didelphidae,24.5,1.3892,9.7,N,NA,NA,NA,NA,NA,N,omnivore,omnivore,50.0,50.0,0.0,30.0,N
Lutreolina crassicaudata,Lutreolina_crassicaudata,Didelphimorphia,Didelphidae,450.0,2.6532,8.0,Y,NA,NA,NA,NA,NA,N,carnivore,carnivore_vertebrate,100.0,20.0,80.0,0.0,N
Lutreolina massoia,Lutreolina_massoia,Didelphimorphia,Didelphidae,284.0,2.4533,8.0,N,NA,NA,NA,NA,NA,N,carnivore,carnivore_unknown,NA,NA,NA,NA,NA
Marmosa andersoni,Marmosa_andersoni,Didelphimorphia,Didelphidae,33.0,1.5185,9.0,N,NA,NA,NA,NA,NA,N,omnivore,omnivore,70.0,40.0,30.0,30.0,N
Marmosa constantiae,Marmosa_constantiae,Didelphimorphia,Didelphidae,73.0,1.8633,8.0,Y,NA,NA,NA,NA,NA,N,omnivore,omnivore,90.0,90.0,0.0,10.0,N
Marmosa demerarae,Marmosa_demerarae,Didelphimorphia,Didelphidae,96.0,1.9823,7.645,Y,NA,NA,NA,NA,NA,N,omnivore,omnivore,90.0,90.0,0.0,10.0,N
Marmosa lepida,Marmosa_lepida,Didelphimorphia,Didelphidae,16.0,1.2041,5.0,Y,NA,NA,NA,NA,NA,N,omnivore,omnivore,70.0,40.0,30.0,30.0,N
Marmosa mexicana,Marmosa_mexicana,Didelphimorphia,Didelphidae,60.0,1.7782,5.8,Y,NA,NA,NA,NA,NA,N,omnivore,omnivore,70.0,40.0,30.0,30.0,N
Marmosa murina,Marmosa_murina,Didelphimorphia,Didelphidae,518.0,2.7143,5.5,Y,0.09,0.495,0.001,-1.0458,-3.0197,N,omnivore,omnivore,70.0,40.0,30.0,30.0,N
Marmosa quichua,Marmosa_quichua,Didelphimorphia,Didelphidae,518.0,2.7143,5.5,N,NA,NA,NA,NA,NA,N,omnivore,omnivore,70.0,40.0,30.0,30.0,Y
Marmosa robinsoni,Marmosa_robinsoni,Didelphimorphia,Didelphidae,98.5,1.9934,9.75,Y,0.08,0.78,0.0079,-1.0969,-2.1013,N,omnivore,omnivore,70.0,40.0,30.0,30.0,N
Marmosa rubra,Marmosa_rubra,Didelphimorphia,Didelphidae,62.99,1.7993,9.0,N,NA,NA,NA,NA,NA,N,omnivore,omnivore,70.0,40.0,30.0,30.0,N
Marmosa tyleriana,Marmosa_tyleriana,Didelphimorphia,Didelphidae,30.0,1.4771,3.0,Y,NA,NA,NA,NA,NA,N,omnivore,omnivore,70.0,40.0,30.0,30.0,N
Marmosa xerophila,Marmosa_xerophila,Didelphimorphia,Didelphidae,30.0,1.4771,7.9,N,NA,NA,NA,NA,NA,N,omnivore,omnivore,70.0,40.0,30.0,30.0,N
Marmosops bishopi,Marmosops_bishopi,Didelphimorphia,Didelphidae,20.25,1.3064,4.05,N,NA,NA,NA,NA,NA,N,omnivore,omnivore,50.0,50.0,0.0,50.0,Y
Marmosops fuscatus,Marmosops_fuscatus,Didelphimorphia,Didelphidae,45.15,1.6547,5.47,Y,NA,NA,NA,NA,NA,N,omnivore,omnivore,50.0,50.0,0.0,50.0,N
Marmosops impavidus,Marmosops_impavidus,Didelphimorphia,Didelphidae,21.0,1.3222,9.5,N,NA,NA,NA,NA,NA,N,omnivore,omnivore,50.0,50.0,0.0,50.0,N
Marmosops juninensis,Marmosops_juninensis,Didelphimorphia,Didelphidae,21.0,1.3222,4.05,N,NA,NA,NA,NA,NA,N,omnivore,omnivore,50.0,50.0,0.0,50.0,Y
Marmosops neblina,Marmosops_neblina,Didelphimorphia,Didelphidae,35.0,1.5441,9.5,N,NA,NA,NA,NA,NA,N,omnivore,omnivore,50.0,50.0,0.0,50.0,Y
Marmosops parvidens,Marmosops_parvidens,Didelphimorphia,Didelphidae,18.0,1.2553,4.05,Y,NA,NA,NA,NA,NA,N,omnivore,omnivore,50.0,50.0,0.0,50.0,N
Marmosops pinheiroi,Marmosops_pinheiroi,Didelphimorphia,Didelphidae,24.5,1.3892,4.05,N,NA,NA,NA,NA,NA,N,omnivore,omnivore,50.0,50.0,0.0,50.0,N
Metachirus nudicaudatus,Metachirus_nudicaudatus,Didelphimorphia,Didelphidae,440.0,2.6435,5.0,Y,NA,NA,NA,NA,NA,N,omnivore,omnivore,80.0,30.0,50.0,20.0,N
Monodelphis brevicaudata,Monodelphis_brevicaudata,Didelphimorphia,Didelphidae,90.0,1.9542,7.12,Y,NA,NA,NA,NA,NA,N,carnivore,carnivore_invertebrate,60.0,20.0,20.0,20.0,N
Monodelphis dimidiata,Monodelphis_dimidiata,Didelphimorphia,Didelphidae,46.28,1.6654,14.0,Y,0.08,1.12,0.0242,-1.0969,-1.6162,N,omnivore,omnivore,60.0,20.0,20.0,20.0,N
Monodelphis domestica,Monodelphis_domestica,Didelphimorphia,Didelphidae,100.0,2.0,9.0,Y,0.09,0.81,0.0081,-1.0458,-2.0915,N,carnivore,carnivore_invertebrate,60.0,20.0,20.0,20.0,N
Monodelphis glirina,Monodelphis_glirina,Didelphimorphia,Didelphidae,94.5,1.9754,8.06,N,NA,NA,NA,NA,NA,N,omnivore,omnivore,60.0,20.0,20.0,20.0,Y
Philander andersoni,Philander_andersoni,Didelphimorphia,Didelphidae,329.995,2.5185,3.82,N,NA,NA,NA,NA,NA,N,omnivore,omnivore,90.0,30.0,60.0,10.0,N
Philander frenatus,Philander_frenatus,Didelphimorphia,Didelphidae,510.0,2.7076,4.675,N,NA,NA,NA,NA,NA,N,omnivore,omnivore,90.0,30.0,60.0,10.0,Y
Philander mcilhennyi,Philander_mcilhennyi,Didelphimorphia,Didelphidae,365.5,2.5629,3.82,N,NA,NA,NA,NA,NA,N,omnivore,omnivore,90.0,30.0,60.0,10.0,Y
Philander opossum,Philander_opossum,Didelphimorphia,Didelphidae,510.0,2.7076,4.6,Y,0.2,0.92,0.0018,-0.699,-2.7438,N,omnivore,omnivore,90.0,30.0,60.0,10.0,N
Thylamys cinderella,Thylamys_cinderella,Didelphimorphia,Didelphidae,31.0,1.4914,13.0,N,NA,NA,NA,NA,NA,N,carnivore,carnivore_invertebrate,100.0,80.0,20.0,0.0,N
Thylamys elegans,Thylamys_elegans,Didelphimorphia,Didelphidae,30.0,1.4771,13.0,Y,NA,NA,NA,NA,NA,N,omnivore,omnivore,90.0,80.0,10.0,10.0,N
Thylamys fenestrae,Thylamys_fenestrae,Didelphimorphia,Didelphidae,15.34,1.1858,9.5,N,NA,NA,NA,NA,NA,N,omnivore,omnivore,NA,NA,NA,NA,NA
Thylamys pallidior,Thylamys_pallidior,Didelphimorphia,Didelphidae,15.34,1.1858,9.5,N,NA,NA,NA,NA,NA,N,omnivore,omnivore,90.0,80.0,10.0,10.0,N
Thylamys tatei,Thylamys_tatei,Didelphimorphia,Didelphidae,30.0,1.4771,13.0,N,NA,NA,NA,NA,NA,N,carnivore,carnivore_invertebrate,100.0,80.0,20.0,0.0,N
Thylamys venustus,Thylamys_venustus,Didelphimorphia,Didelphidae,31.0,1.4914,13.0,N,NA,NA,NA,NA,NA,N,omnivore,omnivore,100.0,80.0,20.0,0.0,N
Tlacuatzin canescens,Tlacuatzin_canescens,Didelphimorphia,Didelphidae,47.73,1.6788,11.0,Y,NA,NA,NA,NA,NA,N,omnivore,omnivore,70.0,40.0,30.0,30.0,N
Acrobates pygmaeus,Acrobates_pygmaeus,Diprotodontia,Acrobatidae,13.0,1.1139,3.0,Y,0.01,0.03,0.0023,-2.0,-2.6368,N,omnivore,omnivore,80.0,80.0,0.0,0.0,N
Distoechurus pennatus,Distoechurus_pennatus,Diprotodontia,Acrobatidae,52.12,1.717,1.155,Y,NA,NA,NA,NA,NA,N,omnivore,omnivore,40.0,40.0,0.0,40.0,N
Burramys parvus,Burramys_parvus,Diprotodontia,Burramyidae,44.3,1.6464,3.55,Y,NA,NA,NA,NA,NA,N,omnivore,omnivore,40.0,40.0,0.0,30.0,N
Cercartetus caudatus,Cercartetus_caudatus,Diprotodontia,Burramyidae,23.05,1.3627,2.37,Y,NA,NA,NA,NA,NA,N,omnivore,omnivore,30.0,20.0,10.0,20.0,N
Cercartetus concinnus,Cercartetus_concinnus,Diprotodontia,Burramyidae,40.0,1.6021,4.3,Y,0.01,0.043,0.0011,-2.0,-2.9686,N,omnivore,omnivore,30.0,20.0,10.0,20.0,N
Cercartetus lepidus,Cercartetus_lepidus,Diprotodontia,Burramyidae,10.015,1.0007,3.665,Y,NA,NA,NA,NA,NA,N,omnivore,omnivore,30.0,20.0,10.0,20.0,N
Cercartetus nanus,Cercartetus_nanus,Diprotodontia,Burramyidae,60.0,1.7782,3.98,Y,0.01,0.04,0.0007,-2.0,-3.1783,N,omnivore,omnivore,30.0,20.0,10.0,20.0,N
Hypsiprymnodon moschatus,Hypsiprymnodon_moschatus,Diprotodontia,Hypsiprymnodontidae,534.25,2.7277,2.04,Y,NA,NA,NA,NA,NA,N,omnivore,omnivore,70.0,70.0,0.0,20.0,N
Dendrolagus bennettianus,Dendrolagus_bennettianus,Diprotodontia,Macropodidae,9581.0,3.9814,1.0,Y,NA,NA,NA,NA,NA,N,herbivore,herbivore,0.0,0.0,0.0,50.0,N
Dendrolagus dorianus,Dendrolagus_dorianus,Diprotodontia,Macropodidae,9581.0,3.9814,1.0,Y,NA,NA,NA,NA,NA,N,herbivore,herbivore,0.0,0.0,0.0,50.0,N
Dendrolagus goodfellowi,Dendrolagus_goodfellowi,Diprotodontia,Macropodidae,7400.0,3.8692,1.0,Y,NA,NA,NA,NA,NA,N,herbivore,herbivore,0.0,0.0,0.0,50.0,N
Dendrolagus inustus,Dendrolagus_inustus,Diprotodontia,Macropodidae,8293.4,3.9187,1.0,Y,NA,NA,NA,NA,NA,N,herbivore,herbivore,0.0,0.0,0.0,50.0,N
Dendrolagus lumholtzi,Dendrolagus_lumholtzi,Diprotodontia,Macropodidae,6649.97,3.8228,1.0,Y,NA,NA,NA,NA,NA,N,herbivore,herbivore,0.0,0.0,0.0,50.0,N
Dendrolagus matschiei,Dendrolagus_matschiei,Diprotodontia,Macropodidae,7080.0,3.85,1.005,Y,NA,NA,NA,NA,NA,N,herbivore,herbivore,0.0,0.0,0.0,50.0,N
Dendrolagus mayri,Dendrolagus_mayri,Diprotodontia,Macropodidae,9250.0,3.9661,1.0,N,NA,NA,NA,NA,NA,N,herbivore,herbivore,NA,NA,NA,NA,NA
Dendrolagus mbaiso,Dendrolagus_mbaiso,Diprotodontia,Macropodidae,9395.06,3.9729,1.0,N,NA,NA,NA,NA,NA,N,herbivore,herbivore,0.0,0.0,0.0,50.0,N
Dendrolagus notatus,Dendrolagus_notatus,Diprotodontia,Macropodidae,6250.0,3.7959,1.0,N,NA,NA,NA,NA,NA,N,herbivore,herbivore,NA,NA,NA,NA,NA
Dendrolagus pulcherrimus,Dendrolagus_pulcherrimus,Diprotodontia,Macropodidae,7400.0,3.8692,1.0,N,NA,NA,NA,NA,NA,N,herbivore,herbivore,0.0,0.0,0.0,50.0,N
Dendrolagus scottae,Dendrolagus_scottae,Diprotodontia,Macropodidae,9979.29,3.9991,1.005,Y,NA,NA,NA,NA,NA,N,herbivore,herbivore,0.0,0.0,0.0,50.0,N
Dendrolagus spadix,Dendrolagus_spadix,Diprotodontia,Macropodidae,7400.0,3.8692,1.0,Y,NA,NA,NA,NA,NA,N,herbivore,herbivore,0.0,0.0,0.0,50.0,N
Dendrolagus stellarum,Dendrolagus_stellarum,Diprotodontia,Macropodidae,7674.39,3.885,1.0,N,NA,NA,NA,NA,NA,N,herbivore,herbivore,0.0,0.0,0.0,50.0,N
Dendrolagus ursinus,Dendrolagus_ursinus,Diprotodontia,Macropodidae,8000.0,3.9031,1.0,Y,NA,NA,NA,NA,NA,N,herbivore,herbivore,0.0,0.0,0.0,50.0,N
Dorcopsis atrata,Dorcopsis_atrata,Diprotodontia,Macropodidae,2300.0,3.3617,1.005,Y,NA,NA,NA,NA,NA,N,herbivore,herbivore,0.0,0.0,0.0,20.0,N
Dorcopsis hageni,Dorcopsis_hageni,Diprotodontia,Macropodidae,5499.99,3.7404,1.005,Y,NA,NA,NA,NA,NA,N,omnivore,omnivore,0.0,0.0,0.0,20.0,N
Dorcopsis luctuosa,Dorcopsis_luctuosa,Diprotodontia,Macropodidae,4254.78,3.6289,1.005,Y,NA,NA,NA,NA,NA,N,herbivore,herbivore,0.0,0.0,0.0,20.0,N
Dorcopsis muelleri,Dorcopsis_muelleri,Diprotodontia,Macropodidae,5000.0,3.699,1.0,Y,NA,NA,NA,NA,NA,N,herbivore,herbivore,0.0,0.0,0.0,20.0,N
Dorcopsulus macleayi,Dorcopsulus_macleayi,Diprotodontia,Macropodidae,2988.0,3.4754,1.2,Y,NA,NA,NA,NA,NA,N,herbivore,herbivore,0.0,0.0,0.0,50.0,N
Dorcopsulus vanheurni,Dorcopsulus_vanheurni,Diprotodontia,Macropodidae,1890.36,3.2765,1.18,Y,NA,NA,NA,NA,NA,N,herbivore,herbivore,0.0,0.0,0.0,50.0,N
Lagorchestes asomatus,Lagorchestes_asomatus,Diprotodontia,Macropodidae,1500.0,3.1761,1.0,Y,NA,NA,NA,NA,NA,N,herbivore,herbivore,0.0,0.0,0.0,0.0,N
Lagorchestes conspicillatus,Lagorchestes_conspicillatus,Diprotodontia,Macropodidae,2740.505,3.4378,1.0,Y,NA,NA,NA,NA,NA,N,herbivore,herbivore,0.0,0.0,0.0,0.0,N
Lagorchestes hirsutus,Lagorchestes_hirsutus,Diprotodontia,Macropodidae,1358.57,3.1331,1.0,Y,NA,NA,NA,NA,NA,N,herbivore,herbivore,0.0,0.0,0.0,0.0,N
Lagorchestes leporides,Lagorchestes_leporides,Diprotodontia,Macropodidae,3000.0,3.4771,1.0,Y,NA,NA,NA,NA,NA,N,herbivore,herbivore,0.0,0.0,0.0,0.0,N
Lagostrophus fasciatus,Lagostrophus_fasciatus,Diprotodontia,Macropodidae,1933.48,3.2863,0.9,Y,NA,NA,NA,NA,NA,N,herbivore,herbivore,0.0,0.0,0.0,50.0,N
Macropus agilis,Macropus_agilis,Diprotodontia,Macropodidae,13907.875,4.1433,1.005,Y,0.63,0.633,0.0,-0.2007,-4.3418,N,herbivore,herbivore,0.0,0.0,0.0,0.0,N
Macropus antilopinus,Macropus_antilopinus,Diprotodontia,Macropodidae,29647.9,4.472,1.0,Y,0.7,0.7,0.0,-0.1549,-4.6269,N,herbivore,herbivore,0.0,0.0,0.0,0.0,N
Macropus bernardus,Macropus_bernardus,Diprotodontia,Macropodidae,17500.0,4.243,1.0,Y,NA,NA,NA,NA,NA,N,herbivore,herbivore,0.0,0.0,0.0,0.0,N
Macropus dorsalis,Macropus_dorsalis,Diprotodontia,Macropodidae,11249.96,4.0512,1.0,Y,NA,NA,NA,NA,NA,N,herbivore,herbivore,0.0,0.0,0.0,0.0,N
Macropus eugenii,Macropus_eugenii,Diprotodontia,Macropodidae,5037.24,3.7022,1.005,Y,0.44,0.442,0.0001,-0.3565,-4.0566,N,herbivore,herbivore,0.0,0.0,0.0,0.0,N
Macropus fuliginosus,Macropus_fuliginosus,Diprotodontia,Macropodidae,26907.35,4.4299,1.0,Y,0.86,0.86,0.0,-0.0655,-4.4954,N,herbivore,herbivore,0.0,0.0,0.0,0.0,N
Macropus giganteus,Macropus_giganteus,Diprotodontia,Macropodidae,41454.945,4.6176,1.0,Y,0.84,0.84,0.0,-0.0757,-4.6933,N,herbivore,herbivore,0.0,0.0,0.0,0.0,N
Macropus greyi,Macropus_greyi,Diprotodontia,Macropodidae,10000.0,4.0,1.0,Y,NA,NA,NA,NA,NA,N,herbivore,herbivore,0.0,0.0,0.0,0.0,N
Macropus irma,Macropus_irma,Diprotodontia,Macropodidae,8000.0,3.9031,1.0,Y,NA,NA,NA,NA,NA,N,herbivore,herbivore,0.0,0.0,0.0,0.0,N
Macropus parma,Macropus_parma,Diprotodontia,Macropodidae,4203.31,3.6236,0.95,Y,0.5,0.475,0.0001,-0.301,-3.9469,N,herbivore,herbivore,0.0,0.0,0.0,0.0,N
Macropus parryi,Macropus_parryi,Diprotodontia,Macropodidae,12629.83,4.1014,1.0,Y,NA,NA,NA,NA,NA,N,herbivore,herbivore,0.0,0.0,0.0,0.0,N
Macropus robustus,Macropus_robustus,Diprotodontia,Macropodidae,29647.9,4.472,1.0,Y,0.7,0.7,0.0,-0.1549,-4.6269,N,herbivore,herbivore,0.0,0.0,0.0,0.0,N
Macropus rufogriseus,Macropus_rufogriseus,Diprotodontia,Macropodidae,16525.0,4.2181,1.005,Y,0.53,0.533,0.0,-0.2757,-4.4917,N,herbivore,herbivore,0.0,0.0,0.0,0.0,N
Macropus rufus,Macropus_rufus,Diprotodontia,Macropodidae,35729.195,4.553,1.0,Y,0.81,0.81,0.0,-0.0915,-4.6445,N,herbivore,herbivore,0.0,0.0,0.0,0.0,N
Onychogalea fraenata,Onychogalea_fraenata,Diprotodontia,Macropodidae,5226.025,3.7182,1.0,Y,NA,NA,NA,NA,NA,N,herbivore,herbivore,0.0,0.0,0.0,0.0,N
Onychogalea lunata,Onychogalea_lunata,Diprotodontia,Macropodidae,3499.99,3.5441,1.0,Y,NA,NA,NA,NA,NA,N,herbivore,herbivore,0.0,0.0,0.0,0.0,N
Onychogalea unguifera,Onychogalea_unguifera,Diprotodontia,Macropodidae,5800.0,3.7634,1.0,Y,NA,NA,NA,NA,NA,N,herbivore,herbivore,0.0,0.0,0.0,0.0,N
Petrogale assimilis,Petrogale_assimilis,Diprotodontia,Macropodidae,4618.88,3.6645,1.0,Y,NA,NA,NA,NA,NA,N,herbivore,herbivore,0.0,0.0,0.0,10.0,N
Petrogale brachyotis,Petrogale_brachyotis,Diprotodontia,Macropodidae,4000.0,3.6021,1.0,Y,NA,NA,NA,NA,NA,N,herbivore,herbivore,0.0,0.0,0.0,10.0,N
Petrogale burbidgei,Petrogale_burbidgei,Diprotodontia,Macropodidae,1258.0,3.0997,1.0,Y,NA,NA,NA,NA,NA,N,herbivore,herbivore,0.0,0.0,0.0,0.0,N
Petrogale concinna,Petrogale_concinna,Diprotodontia,Macropodidae,1324.1,3.1219,1.0,Y,NA,NA,NA,NA,NA,N,herbivore,herbivore,0.0,0.0,0.0,0.0,N
Petrogale herberti,Petrogale_herberti,Diprotodontia,Macropodidae,6465.8,3.8106,1.0,N,NA,NA,NA,NA,NA,N,herbivore,herbivore,0.0,0.0,0.0,0.0,Y
Petrogale inornata,Petrogale_inornata,Diprotodontia,Macropodidae,4555.52,3.6585,1.0,Y,NA,NA,NA,NA,NA,N,omnivore,omnivore,0.0,0.0,0.0,0.0,N
Petrogale lateralis,Petrogale_lateralis,Diprotodontia,Macropodidae,5283.94,3.723,1.0,Y,NA,NA,NA,NA,NA,N,herbivore,herbivore,0.0,0.0,0.0,0.0,N
Petrogale penicillata,Petrogale_penicillata,Diprotodontia,Macropodidae,6465.8,3.8106,1.0,Y,NA,NA,NA,NA,NA,N,herbivore,herbivore,0.0,0.0,0.0,20.0,N
Petrogale persephone,Petrogale_persephone,Diprotodontia,Macropodidae,5585.63,3.7471,1.0,Y,NA,NA,NA,NA,NA,N,herbivore,herbivore,0.0,0.0,0.0,0.0,N
Petrogale purpureicollis,Petrogale_purpureicollis,Diprotodontia,Macropodidae,5283.94,3.723,1.0,N,NA,NA,NA,NA,NA,N,herbivore,herbivore,0.0,0.0,0.0,10.0,Y
Petrogale xanthopus,Petrogale_xanthopus,Diprotodontia,Macropodidae,7249.995,3.8603,1.06,Y,0.48,0.509,0.0001,-0.3188,-4.1538,N,herbivore,herbivore,0.0,0.0,0.0,0.0,N
Setonix brachyurus,Setonix_brachyurus,Diprotodontia,Macropodidae,2821.15,3.4504,1.0,Y,0.36,0.36,0.0001,-0.4437,-3.8941,N,herbivore,herbivore,0.0,0.0,0.0,0.0,N
Thylogale billardierii,Thylogale_billardierii,Diprotodontia,Macropodidae,5432.93,3.735,1.0,Y,0.4,0.4,0.0001,-0.3979,-4.133,N,herbivore,herbivore,0.0,0.0,0.0,0.0,N
Thylogale browni,Thylogale_browni,Diprotodontia,Macropodidae,5478.0,3.7386,1.01,Y,NA,NA,NA,NA,NA,N,herbivore,herbivore,0.0,0.0,0.0,0.0,N
Thylogale brunii,Thylogale_brunii,Diprotodontia,Macropodidae,4796.0,3.6809,1.0,Y,NA,NA,NA,NA,NA,N,herbivore,herbivore,0.0,0.0,0.0,0.0,N
Thylogale stigmatica,Thylogale_stigmatica,Diprotodontia,Macropodidae,4305.735,3.634,1.0,Y,NA,NA,NA,NA,NA,N,herbivore,herbivore,0.0,0.0,0.0,0.0,N
Thylogale thetis,Thylogale_thetis,Diprotodontia,Macropodidae,4599.975,3.6628,1.0,Y,NA,NA,NA,NA,NA,N,herbivore,herbivore,0.0,0.0,0.0,0.0,N
Wallabia bicolor,Wallabia_bicolor,Diprotodontia,Macropodidae,14812.475,4.1706,1.02,Y,0.6,0.612,0.0,-0.2218,-4.3839,N,herbivore,herbivore,0.0,0.0,0.0,0.0,N
Dactylonax palpator,Dactylonax_palpator,Diprotodontia,Petauridae,369.87,2.568,1.01,Y,NA,NA,NA,NA,NA,N,carnivore,carnivore_invertebrate,80.0,80.0,0.0,10.0,N
Dactylopsila megalura,Dactylopsila_megalura,Diprotodontia,Petauridae,400.0,2.6021,1.52,N,NA,NA,NA,NA,NA,N,omnivore,omnivore,80.0,80.0,0.0,10.0,N
Dactylopsila tatei,Dactylopsila_tatei,Diprotodontia,Petauridae,359.0,2.5551,1.52,N,NA,NA,NA,NA,NA,N,omnivore,omnivore,80.0,80.0,0.0,10.0,N
Dactylopsila trivirgata,Dactylopsila_trivirgata,Diprotodontia,Petauridae,406.705,2.6093,1.52,Y,NA,NA,NA,NA,NA,N,carnivore,carnivore_invertebrate,80.0,80.0,0.0,10.0,N
Gymnobelideus leadbeateri,Gymnobelideus_leadbeateri,Diprotodontia,Petauridae,133.66,2.126,1.54,Y,NA,NA,NA,NA,NA,N,omnivore,omnivore,50.0,50.0,0.0,0.0,N
Petaurus abidi,Petaurus_abidi,Diprotodontia,Petauridae,278.0,2.444,1.02,Y,NA,NA,NA,NA,NA,N,omnivore,omnivore,50.0,40.0,10.0,0.0,N
Petaurus australis,Petaurus_australis,Diprotodontia,Petauridae,572.5,2.7578,1.0,Y,NA,NA,NA,NA,NA,N,omnivore,omnivore,50.0,40.0,10.0,0.0,N
Petaurus biacensis,Petaurus_biacensis,Diprotodontia,Petauridae,127.0,2.1038,1.91,Y,NA,NA,NA,NA,NA,N,omnivore,omnivore,50.0,40.0,10.0,0.0,Y
Petaurus breviceps,Petaurus_breviceps,Diprotodontia,Petauridae,127.55,2.1057,2.0,Y,0.18,0.36,0.0028,-0.7447,-2.5494,N,omnivore,omnivore,50.0,40.0,10.0,0.0,N
Petaurus gracilis,Petaurus_gracilis,Diprotodontia,Petauridae,310.0,2.4914,1.595,Y,NA,NA,NA,NA,NA,N,herbivore,herbivore,50.0,40.0,10.0,0.0,N
Petaurus norfolcensis,Petaurus_norfolcensis,Diprotodontia,Petauridae,272.5,2.4354,1.57,Y,NA,NA,NA,NA,NA,N,omnivore,omnivore,50.0,40.0,10.0,0.0,N
Ailurops melanotis,Ailurops_melanotis,Diprotodontia,Phalangeridae,7000.0,3.8451,1.5,N,NA,NA,NA,NA,NA,N,herbivore,herbivore,0.0,0.0,0.0,0.0,Y
Ailurops ursinus,Ailurops_ursinus,Diprotodontia,Phalangeridae,7000.0,3.8451,1.5,N,NA,NA,NA,NA,NA,N,herbivore,herbivore,0.0,0.0,0.0,0.0,N
Phalanger carmelitae,Phalanger_carmelitae,Diprotodontia,Phalangeridae,1835.44,3.2637,1.01,Y,NA,NA,NA,NA,NA,N,omnivore,omnivore,20.0,10.0,10.0,40.0,N
Phalanger gymnotis,Phalanger_gymnotis,Diprotodontia,Phalangeridae,2400.0,3.3802,1.0,Y,NA,NA,NA,NA,NA,N,omnivore,omnivore,0.0,0.0,0.0,100.0,N
Phalanger intercastellanus,Phalanger_intercastellanus,Diprotodontia,Phalangeridae,2100.0,3.3222,2.0,Y,NA,NA,NA,NA,NA,N,omnivore,omnivore,20.0,10.0,10.0,40.0,Y
Phalanger lullulae,Phalanger_lullulae,Diprotodontia,Phalangeridae,1918.75,3.283,1.75,Y,NA,NA,NA,NA,NA,N,herbivore,herbivore,20.0,10.0,10.0,40.0,N
Phalanger matabiru,Phalanger_matabiru,Diprotodontia,Phalangeridae,2293.75,3.3605,2.0,N,NA,NA,NA,NA,NA,N,omnivore,omnivore,20.0,10.0,10.0,40.0,Y
Phalanger matanim,Phalanger_matanim,Diprotodontia,Phalangeridae,1442.38,3.1591,1.02,Y,NA,NA,NA,NA,NA,N,omnivore,omnivore,20.0,10.0,10.0,40.0,N
Phalanger mimicus,Phalanger_mimicus,Diprotodontia,Phalangeridae,2293.75,3.3605,2.0,N,NA,NA,NA,NA,NA,N,omnivore,omnivore,20.0,10.0,10.0,40.0,Y
Phalanger orientalis,Phalanger_orientalis,Diprotodontia,Phalangeridae,2293.75,3.3605,2.0,Y,NA,NA,NA,NA,NA,N,omnivore,omnivore,20.0,10.0,10.0,40.0,N
Phalanger ornatus,Phalanger_ornatus,Diprotodontia,Phalangeridae,2293.75,3.3605,2.0,N,NA,NA,NA,NA,NA,N,omnivore,omnivore,20.0,10.0,10.0,40.0,N
Phalanger rothschildi,Phalanger_rothschildi,Diprotodontia,Phalangeridae,1365.0,3.1351,1.0,N,NA,NA,NA,NA,NA,N,omnivore,omnivore,20.0,10.0,10.0,40.0,N
Phalanger sericeus,Phalanger_sericeus,Diprotodontia,Phalangeridae,2003.0,3.3017,1.01,Y,NA,NA,NA,NA,NA,N,omnivore,omnivore,20.0,10.0,10.0,40.0,N
Phalanger vestitus,Phalanger_vestitus,Diprotodontia,Phalangeridae,1850.0,3.2672,1.005,Y,NA,NA,NA,NA,NA,N,omnivore,omnivore,20.0,10.0,10.0,40.0,N
Spilocuscus kraemeri,Spilocuscus_kraemeri,Diprotodontia,Phalangeridae,4155.23,3.6186,1.26,Y,NA,NA,NA,NA,NA,N,herbivore,herbivore,0.0,0.0,0.0,40.0,Y
Spilocuscus maculatus,Spilocuscus_maculatus,Diprotodontia,Phalangeridae,4155.23,3.6186,1.63,Y,NA,NA,NA,NA,NA,N,herbivore,herbivore,0.0,0.0,0.0,40.0,N
Spilocuscus papuensis,Spilocuscus_papuensis,Diprotodontia,Phalangeridae,4155.23,3.6186,1.63,N,NA,NA,NA,NA,NA,N,herbivore,herbivore,0.0,0.0,0.0,40.0,Y
Spilocuscus rufoniger,Spilocuscus_rufoniger,Diprotodontia,Phalangeridae,6000.0,3.7782,1.02,Y,NA,NA,NA,NA,NA,N,herbivore,herbivore,0.0,0.0,0.0,40.0,N
Trichosurus caninus,Trichosurus_caninus,Diprotodontia,Phalangeridae,3115.06,3.4935,1.02,Y,NA,NA,NA,NA,NA,N,omnivore,omnivore,0.0,0.0,0.0,20.0,N
Trichosurus vulpecula,Trichosurus_vulpecula,Diprotodontia,Phalangeridae,2001.167,3.3013,1.007,Y,0.2,0.201,0.0001,-0.699,-3.9972,N,omnivore,omnivore,0.0,0.0,0.0,20.0,N
Wyulda squamicaudata,Wyulda_squamicaudata,Diprotodontia,Phalangeridae,1799.21,3.2551,1.01,Y,NA,NA,NA,NA,NA,N,omnivore,omnivore,30.0,20.0,10.0,20.0,N
Phascolarctos cinereus,Phascolarctos_cinereus,Diprotodontia,Phascolarctidae,5646.87,3.7518,1.005,Y,0.36,0.362,0.0001,-0.4437,-4.1933,N,herbivore,herbivore,0.0,0.0,0.0,0.0,N
Aepyprymnus rufescens,Aepyprymnus_rufescens,Diprotodontia,Potoroidae,2820.0,3.4502,1.015,Y,NA,NA,NA,NA,NA,N,herbivore,herbivore,0.0,0.0,0.0,0.0,N
Bettongia anhydra,Bettongia_anhydra,Diprotodontia,Potoroidae,1101.175,3.0419,1.0,N,NA,NA,NA,NA,NA,N,omnivore,omnivore,NA,NA,NA,NA,NA
Bettongia gaimardi,Bettongia_gaimardi,Diprotodontia,Potoroidae,1385.0,3.1414,1.0,Y,0.3,0.3,0.0002,-0.5229,-3.6643,N,omnivore,omnivore,0.0,0.0,0.0,0.0,N
Bettongia lesueur,Bettongia_lesueur,Diprotodontia,Potoroidae,1447.27,3.1605,1.0,Y,0.31,0.31,0.0002,-0.5086,-3.6692,N,omnivore,omnivore,0.0,0.0,0.0,0.0,N
Bettongia penicillata,Bettongia_penicillata,Diprotodontia,Potoroidae,1101.175,3.0419,1.0,Y,0.28,0.28,0.0003,-0.5528,-3.5947,N,omnivore,omnivore,0.0,0.0,0.0,0.0,N
Bettongia tropica,Bettongia_tropica,Diprotodontia,Potoroidae,1184.35,3.0735,1.0,Y,NA,NA,NA,NA,NA,N,omnivore,omnivore,10.0,10.0,0.0,0.0,N
Caloprymnus campestris,Caloprymnus_campestris,Diprotodontia,Potoroidae,908.285,2.9582,1.0,Y,NA,NA,NA,NA,NA,N,omnivore,omnivore,30.0,30.0,0.0,0.0,N
Potorous gilbertii,Potorous_gilbertii,Diprotodontia,Potoroidae,1087.335,3.0364,1.0,Y,NA,NA,NA,NA,NA,N,herbivore,herbivore,20.0,20.0,0.0,0.0,N
Potorous longipes,Potorous_longipes,Diprotodontia,Potoroidae,1742.53,3.2412,1.0,Y,NA,NA,NA,NA,NA,N,omnivore,omnivore,20.0,20.0,0.0,0.0,N
Potorous tridactylus,Potorous_tridactylus,Diprotodontia,Potoroidae,1054.67,3.0231,1.0,Y,0.31,0.31,0.0003,-0.5086,-3.5318,N,omnivore,omnivore,20.0,20.0,0.0,0.0,N
Hemibelideus lemuroides,Hemibelideus_lemuroides,Diprotodontia,Pseudocheiridae,1040.0,3.017,1.0,Y,NA,NA,NA,NA,NA,N,herbivore,herbivore,0.0,0.0,0.0,0.0,N
Petauroides volans,Petauroides_volans,Diprotodontia,Pseudocheiridae,1141.0,3.0573,1.0,Y,0.27,0.27,0.0002,-0.5686,-3.6259,N,herbivore,herbivore,0.0,0.0,0.0,0.0,N
Petropseudes dahli,Petropseudes_dahli,Diprotodontia,Pseudocheiridae,1877.03,3.2735,1.0,Y,NA,NA,NA,NA,NA,N,herbivore,herbivore,0.0,0.0,0.0,30.0,N
Pseudocheirus occidentalis,Pseudocheirus_occidentalis,Diprotodontia,Pseudocheiridae,987.5,2.9945,1.945,N,NA,NA,NA,NA,NA,N,herbivore,herbivore,NA,NA,NA,NA,NA
Pseudocheirus peregrinus,Pseudocheirus_peregrinus,Diprotodontia,Pseudocheiridae,859.3,2.9341,1.945,Y,0.29,0.564,0.0007,-0.5376,-3.1828,N,herbivore,herbivore,0.0,0.0,0.0,20.0,N
Pseudochirops albertisii,Pseudochirops_albertisii,Diprotodontia,Pseudocheiridae,784.85,2.8948,1.01,Y,NA,NA,NA,NA,NA,N,herbivore,herbivore,0.0,0.0,0.0,10.0,N
Pseudochirops archeri,Pseudochirops_archeri,Diprotodontia,Pseudocheiridae,1118.96,3.0488,1.015,Y,NA,NA,NA,NA,NA,N,herbivore,herbivore,0.0,0.0,0.0,10.0,N
Pseudochirops corinnae,Pseudochirops_corinnae,Diprotodontia,Pseudocheiridae,1123.0,3.0504,1.01,Y,NA,NA,NA,NA,NA,N,herbivore,herbivore,0.0,0.0,0.0,10.0,N
Pseudochirops coronatus,Pseudochirops_coronatus,Diprotodontia,Pseudocheiridae,1090.35,3.0376,1.01,N,NA,NA,NA,NA,NA,N,herbivore,herbivore,0.0,0.0,0.0,10.0,Y
Pseudochirops cupreus,Pseudochirops_cupreus,Diprotodontia,Pseudocheiridae,1764.08,3.2465,1.005,Y,NA,NA,NA,NA,NA,N,herbivore,herbivore,0.0,0.0,0.0,10.0,N
Pseudochirulus canescens,Pseudochirulus_canescens,Diprotodontia,Pseudocheiridae,700.0,2.8451,2.285,Y,NA,NA,NA,NA,NA,N,herbivore,herbivore,0.0,0.0,0.0,20.0,N
Pseudochirulus cinereus,Pseudochirulus_cinereus,Diprotodontia,Pseudocheiridae,977.48,2.9901,2.0,Y,NA,NA,NA,NA,NA,N,herbivore,herbivore,0.0,0.0,0.0,20.0,Y
Pseudochirulus forbesi,Pseudochirulus_forbesi,Diprotodontia,Pseudocheiridae,639.16,2.8056,1.26,Y,NA,NA,NA,NA,NA,N,herbivore,herbivore,0.0,0.0,0.0,20.0,N
Pseudochirulus herbertensis,Pseudochirulus_herbertensis,Diprotodontia,Pseudocheiridae,1098.34,3.0407,1.945,Y,0.17,0.331,0.0003,-0.7696,-3.5214,N,herbivore,herbivore,0.0,0.0,0.0,20.0,N
Pseudochirulus mayeri,Pseudochirulus_mayeri,Diprotodontia,Pseudocheiridae,153.125,2.185,1.26,Y,NA,NA,NA,NA,NA,N,herbivore,herbivore,0.0,0.0,0.0,20.0,N
Pseudochirulus schlegeli,Pseudochirulus_schlegeli,Diprotodontia,Pseudocheiridae,447.3,2.6506,1.26,N,NA,NA,NA,NA,NA,N,herbivore,herbivore,0.0,0.0,0.0,20.0,N
Tarsipes rostratus,Tarsipes_rostratus,Diprotodontia,Tarsipedidae,10.0,1.0,2.965,Y,0.004,0.013,0.0013,-2.3665,-2.8945,N,herbivore,herbivore,0.0,0.0,0.0,0.0,N
Lasiorhinus krefftii,Lasiorhinus_krefftii,Diprotodontia,Vombatidae,28632.6,4.4569,1.0,Y,NA,NA,NA,NA,NA,N,herbivore,herbivore,0.0,0.0,0.0,0.0,N
Lasiorhinus latifrons,Lasiorhinus_latifrons,Diprotodontia,Vombatidae,26163.8,4.4177,1.0,Y,0.49,0.49,0.0,-0.3098,-4.7275,N,herbivore,herbivore,0.0,0.0,0.0,0.0,N
Vombatus ursinus,Vombatus_ursinus,Diprotodontia,Vombatidae,25750.0,4.4108,1.0,Y,0.49,0.49,0.0,-0.3098,-4.7206,N,herbivore,herbivore,0.0,0.0,0.0,0.0,N
Atelerix albiventris,Atelerix_albiventris,Eulipotyphla,Erinaceidae,450.0,2.6532,4.49,Y,8.0,35.92,0.0798,0.9031,-1.0979,Y,omnivore,omnivore,70.0,20.0,50.0,20.0,N
Atelerix algirus,Atelerix_algirus,Eulipotyphla,Erinaceidae,824.49,2.9162,3.75,Y,NA,NA,NA,NA,NA,Y,omnivore,omnivore,70.0,20.0,50.0,20.0,N
Atelerix frontalis,Atelerix_frontalis,Eulipotyphla,Erinaceidae,319.06,2.5039,5.195,Y,10.55,54.807,0.1718,1.0233,-0.765,Y,omnivore,omnivore,70.0,20.0,50.0,20.0,N
Atelerix sclateri,Atelerix_sclateri,Eulipotyphla,Erinaceidae,392.0,2.5933,4.49,N,NA,NA,NA,NA,NA,Y,omnivore,omnivore,70.0,20.0,50.0,20.0,N
Echinosorex gymnura,Echinosorex_gymnura,Eulipotyphla,Erinaceidae,756.53,2.8788,1.85,Y,14.24,26.344,0.0348,1.1535,-1.4581,Y,omnivore,omnivore,100.0,50.0,50.0,0.0,N
Erinaceus amurensis,Erinaceus_amurensis,Eulipotyphla,Erinaceidae,774.475,2.889,4.22,N,NA,NA,NA,NA,NA,Y,carnivore,carnivore_invertebrate,100.0,80.0,20.0,0.0,N
Erinaceus concolor,Erinaceus_concolor,Eulipotyphla,Erinaceidae,771.0,2.8871,4.5,Y,17.54,78.93,0.1024,1.244,-0.9898,Y,carnivore,carnivore_invertebrate,100.0,80.0,20.0,0.0,N
Erinaceus europaeus,Erinaceus_europaeus,Eulipotyphla,Erinaceidae,777.95,2.891,4.22,Y,15.54,65.579,0.0843,1.1915,-1.0742,Y,carnivore,carnivore_invertebrate,100.0,80.0,20.0,0.0,N
Erinaceus roumanicus,Erinaceus_roumanicus,Eulipotyphla,Erinaceidae,771.0,2.8871,4.5,N,NA,NA,NA,NA,NA,Y,carnivore,carnivore_invertebrate,100.0,70.0,30.0,0.0,Y
Hemiechinus auritus,Hemiechinus_auritus,Eulipotyphla,Erinaceidae,369.5,2.5676,4.0,Y,9.5,38.0,0.1028,0.9777,-0.9878,Y,omnivore,omnivore,80.0,30.0,30.0,10.0,N
Hemiechinus collaris,Hemiechinus_collaris,Eulipotyphla,Erinaceidae,342.0,2.534,3.935,Y,NA,NA,NA,NA,NA,Y,omnivore,omnivore,80.0,30.0,30.0,10.0,N
Hylomys parvus,Hylomys_parvus,Eulipotyphla,Erinaceidae,57.8,1.7619,2.36,N,NA,NA,NA,NA,NA,Y,carnivore,carnivore_invertebrate,100.0,100.0,0.0,0.0,Y
Hylomys suillus,Hylomys_suillus,Eulipotyphla,Erinaceidae,57.8,1.7619,2.36,Y,NA,NA,NA,NA,NA,Y,carnivore,carnivore_invertebrate,100.0,100.0,0.0,0.0,N
Neotetracus sinensis,Neotetracus_sinensis,Eulipotyphla,Erinaceidae,49.99,1.6989,4.28,Y,NA,NA,NA,NA,NA,Y,omnivore,omnivore,100.0,100.0,0.0,0.0,N
Paraechinus aethiopicus,Paraechinus_aethiopicus,Eulipotyphla,Erinaceidae,404.0,2.6064,3.49,Y,8.49,29.63,0.0733,0.9289,-1.1346,Y,omnivore,omnivore,80.0,30.0,30.0,10.0,N
Paraechinus hypomelas,Paraechinus_hypomelas,Eulipotyphla,Erinaceidae,292.0,2.4654,3.2,Y,NA,NA,NA,NA,NA,Y,omnivore,omnivore,80.0,30.0,30.0,10.0,N
Paraechinus micropus,Paraechinus_micropus,Eulipotyphla,Erinaceidae,171.0,2.233,3.565,Y,8.49,30.267,0.177,0.9289,-0.752,Y,omnivore,omnivore,80.0,30.0,30.0,10.0,N
Solenodon paradoxus,Solenodon_paradoxus,Eulipotyphla,Solenodontidae,900.0,2.9542,1.86,Y,89.99,167.381,0.186,1.9542,-0.7305,Y,carnivore,carnivore_invertebrate,60.0,30.0,30.0,20.0,N
Anourosorex assamensis,Anourosorex_assamensis,Eulipotyphla,Soricidae,20.0,1.301,2.82,N,NA,NA,NA,NA,NA,Y,carnivore,carnivore_invertebrate,100.0,100.0,0.0,0.0,Y
Anourosorex schmidi,Anourosorex_schmidi,Eulipotyphla,Soricidae,20.0,1.301,2.82,N,NA,NA,NA,NA,NA,Y,carnivore,carnivore_invertebrate,100.0,100.0,0.0,0.0,Y
Anourosorex squamipes,Anourosorex_squamipes,Eulipotyphla,Soricidae,20.0,1.301,2.82,Y,NA,NA,NA,NA,NA,Y,carnivore,carnivore_invertebrate,100.0,100.0,0.0,0.0,N
Anourosorex yamashinai,Anourosorex_yamashinai,Eulipotyphla,Soricidae,20.0,1.301,2.82,N,NA,NA,NA,NA,NA,Y,carnivore,carnivore_invertebrate,100.0,100.0,0.0,0.0,Y
Blarina brevicauda,Blarina_brevicauda,Eulipotyphla,Soricidae,20.7,1.316,5.73,Y,0.89,5.1,0.2464,-0.0506,-0.6084,Y,carnivore,carnivore_invertebrate,70.0,40.0,30.0,0.0,N
Blarina carolinensis,Blarina_carolinensis,Eulipotyphla,Soricidae,20.45,1.3107,4.12,Y,NA,NA,NA,NA,NA,Y,carnivore,carnivore_invertebrate,70.0,40.0,30.0,0.0,N
Blarina hylophaga,Blarina_hylophaga,Eulipotyphla,Soricidae,18.56,1.2686,5.0,N,NA,NA,NA,NA,NA,Y,carnivore,carnivore_invertebrate,70.0,40.0,30.0,0.0,N
Chodsigoa sodalis,Chodsigoa_sodalis,Eulipotyphla,Soricidae,4.9,0.6902,3.42,N,NA,NA,NA,NA,NA,Y,omnivore,omnivore,100.0,70.0,0.0,0.0,Y
Crocidura aleksandrisi,Crocidura_aleksandrisi,Eulipotyphla,Soricidae,7.425,0.8707,4.0,N,NA,NA,NA,NA,NA,Y,carnivore,carnivore_invertebrate,100.0,50.0,10.0,0.0,N
Crocidura allex,Crocidura_allex,Eulipotyphla,Soricidae,7.0,0.8451,3.99,Y,NA,NA,NA,NA,NA,Y,carnivore,carnivore_invertebrate,100.0,50.0,10.0,0.0,N
Crocidura arabica,Crocidura_arabica,Eulipotyphla,Soricidae,10.6,1.0253,4.04,N,NA,NA,NA,NA,NA,Y,carnivore,carnivore_invertebrate,100.0,50.0,10.0,0.0,N
Crocidura attenuata,Crocidura_attenuata,Eulipotyphla,Soricidae,14.265,1.1543,0.99,Y,NA,NA,NA,NA,NA,Y,carnivore,carnivore_invertebrate,100.0,50.0,10.0,0.0,N
Crocidura attila,Crocidura_attila,Eulipotyphla,Soricidae,17.1,1.233,2.715,N,NA,NA,NA,NA,NA,Y,carnivore,carnivore_invertebrate,100.0,50.0,10.0,0.0,N
Crocidura baileyi,Crocidura_baileyi,Eulipotyphla,Soricidae,17.2,1.2355,2.44,N,NA,NA,NA,NA,NA,Y,carnivore,carnivore_invertebrate,100.0,50.0,10.0,0.0,N
Crocidura baluensis,Crocidura_baluensis,Eulipotyphla,Soricidae,12.0,1.0792,1.615,N,NA,NA,NA,NA,NA,Y,carnivore,carnivore_invertebrate,100.0,50.0,10.0,0.0,Y
Crocidura beccarii,Crocidura_beccarii,Eulipotyphla,Soricidae,12.0,1.0792,1.615,N,NA,NA,NA,NA,NA,Y,carnivore,carnivore_invertebrate,100.0,50.0,10.0,0.0,N
Crocidura bottegi,Crocidura_bottegi,Eulipotyphla,Soricidae,3.49,0.5428,2.99,Y,NA,NA,NA,NA,NA,Y,carnivore,carnivore_invertebrate,100.0,50.0,10.0,0.0,N
Crocidura brunnea,Crocidura_brunnea,Eulipotyphla,Soricidae,12.0,1.0792,1.615,N,NA,NA,NA,NA,NA,Y,carnivore,carnivore_invertebrate,100.0,50.0,10.0,0.0,Y
Crocidura buettikoferi,Crocidura_buettikoferi,Eulipotyphla,Soricidae,10.0,1.0,2.99,Y,NA,NA,NA,NA,NA,Y,carnivore,carnivore_invertebrate,100.0,50.0,10.0,0.0,N
Crocidura canariensis,Crocidura_canariensis,Eulipotyphla,Soricidae,7.5,0.8751,2.1,N,NA,NA,NA,NA,NA,Y,carnivore,carnivore_invertebrate,100.0,50.0,10.0,0.0,N
Crocidura caspica,Crocidura_caspica,Eulipotyphla,Soricidae,9.9,0.9956,4.02,N,NA,NA,NA,NA,NA,Y,carnivore,carnivore_invertebrate,100.0,50.0,10.0,0.0,Y
Crocidura crossei,Crocidura_crossei,Eulipotyphla,Soricidae,9.5,0.9777,3.0,Y,NA,NA,NA,NA,NA,Y,carnivore,carnivore_invertebrate,100.0,50.0,10.0,0.0,N
Crocidura cyanea,Crocidura_cyanea,Eulipotyphla,Soricidae,8.58,0.9335,3.59,Y,NA,NA,NA,NA,NA,Y,carnivore,carnivore_invertebrate,100.0,50.0,10.0,0.0,N
Crocidura denti,Crocidura_denti,Eulipotyphla,Soricidae,7.0,0.8451,3.49,N,NA,NA,NA,NA,NA,Y,carnivore,carnivore_invertebrate,100.0,50.0,10.0,0.0,N
Crocidura dsinezumi,Crocidura_dsinezumi,Eulipotyphla,Soricidae,10.6,1.0253,4.165,Y,NA,NA,NA,NA,NA,Y,carnivore,carnivore_invertebrate,100.0,50.0,10.0,0.0,N
Crocidura eisentrauti,Crocidura_eisentrauti,Eulipotyphla,Soricidae,13.781,1.1393,1.99,Y,NA,NA,NA,NA,NA,Y,carnivore,carnivore_invertebrate,100.0,50.0,10.0,0.0,N
Crocidura flavescens,Crocidura_flavescens,Eulipotyphla,Soricidae,32.21,1.508,3.37,Y,2.25,7.582,0.2354,0.3522,-0.6282,Y,carnivore,carnivore_invertebrate,100.0,50.0,10.0,0.0,N
Crocidura foetida,Crocidura_foetida,Eulipotyphla,Soricidae,12.0,1.0792,1.615,N,NA,NA,NA,NA,NA,Y,carnivore,carnivore_invertebrate,100.0,50.0,10.0,0.0,Y
Crocidura foxi,Crocidura_foxi,Eulipotyphla,Soricidae,21.0,1.3222,1.99,Y,NA,NA,NA,NA,NA,Y,carnivore,carnivore_invertebrate,100.0,50.0,10.0,0.0,N
Crocidura fuliginosa,Crocidura_fuliginosa,Eulipotyphla,Soricidae,12.0,1.0792,1.615,Y,NA,NA,NA,NA,NA,Y,carnivore,carnivore_invertebrate,100.0,50.0,10.0,0.0,N
Crocidura fumosa,Crocidura_fumosa,Eulipotyphla,Soricidae,14.49,1.1611,3.74,Y,NA,NA,NA,NA,NA,Y,carnivore,carnivore_invertebrate,100.0,50.0,10.0,0.0,N
Crocidura fuscomurina,Crocidura_fuscomurina,Eulipotyphla,Soricidae,5.3,0.7243,2.9,Y,0.59,1.711,0.3228,-0.2291,-0.491,Y,carnivore,carnivore_invertebrate,100.0,50.0,10.0,0.0,N
Crocidura gracilipes,Crocidura_gracilipes,Eulipotyphla,Soricidae,6.69,0.8254,2.99,Y,NA,NA,NA,NA,NA,Y,carnivore,carnivore_invertebrate,100.0,50.0,10.0,0.0,N
Crocidura hirta,Crocidura_hirta,Eulipotyphla,Soricidae,14.735,1.1684,3.67,Y,1.0,3.67,0.2491,0.0,-0.6037,Y,carnivore,carnivore_invertebrate,100.0,50.0,10.0,0.0,N
Crocidura horsfieldii,Crocidura_horsfieldii,Eulipotyphla,Soricidae,5.47,0.738,3.14,Y,NA,NA,NA,NA,NA,Y,carnivore,carnivore_invertebrate,100.0,50.0,10.0,0.0,N
Crocidura indochinensis,Crocidura_indochinensis,Eulipotyphla,Soricidae,5.47,0.738,3.14,N,NA,NA,NA,NA,NA,Y,carnivore,carnivore_invertebrate,100.0,50.0,10.0,0.0,Y
Crocidura jacksoni,Crocidura_jacksoni,Eulipotyphla,Soricidae,7.0,0.8451,3.49,Y,NA,NA,NA,NA,NA,Y,carnivore,carnivore_invertebrate,100.0,50.0,10.0,0.0,N
Crocidura jenkinsi,Crocidura_jenkinsi,Eulipotyphla,Soricidae,31.03,1.4918,3.0,N,NA,NA,NA,NA,NA,Y,carnivore,carnivore_invertebrate,100.0,50.0,10.0,0.0,N
Crocidura jouvenetae,Crocidura_jouvenetae,Eulipotyphla,Soricidae,9.645,0.9843,3.0,N,NA,NA,NA,NA,NA,Y,carnivore,carnivore_invertebrate,100.0,50.0,10.0,0.0,Y
Crocidura kivuana,Crocidura_kivuana,Eulipotyphla,Soricidae,13.659,1.1354,1.66,Y,NA,NA,NA,NA,NA,Y,carnivore,carnivore_invertebrate,100.0,50.0,10.0,0.0,N
Crocidura lanosa,Crocidura_lanosa,Eulipotyphla,Soricidae,8.025,0.9044,3.29,Y,NA,NA,NA,NA,NA,Y,carnivore,carnivore_invertebrate,100.0,50.0,10.0,0.0,N
Crocidura lepidura,Crocidura_lepidura,Eulipotyphla,Soricidae,12.0,1.0792,1.615,N,NA,NA,NA,NA,NA,Y,carnivore,carnivore_invertebrate,100.0,50.0,10.0,0.0,Y
Crocidura leucodon,Crocidura_leucodon,Eulipotyphla,Soricidae,10.94,1.039,4.72,Y,0.89,4.201,0.384,-0.0506,-0.4157,Y,carnivore,carnivore_invertebrate,100.0,50.0,10.0,0.0,N
Crocidura littoralis,Crocidura_littoralis,Eulipotyphla,Soricidae,17.305,1.2382,2.99,Y,NA,NA,NA,NA,NA,Y,carnivore,carnivore_invertebrate,100.0,50.0,10.0,0.0,N
Crocidura luna,Crocidura_luna,Eulipotyphla,Soricidae,12.55,1.0986,1.99,Y,NA,NA,NA,NA,NA,Y,carnivore,carnivore_invertebrate,100.0,50.0,10.0,0.0,N
Crocidura macmillani,Crocidura_macmillani,Eulipotyphla,Soricidae,12.8,1.1072,2.865,N,NA,NA,NA,NA,NA,Y,carnivore,carnivore_invertebrate,100.0,50.0,10.0,0.0,N
Crocidura malayana,Crocidura_malayana,Eulipotyphla,Soricidae,12.0,1.0792,1.615,N,NA,NA,NA,NA,NA,Y,carnivore,carnivore_invertebrate,100.0,50.0,10.0,0.0,N
Crocidura mariquensis,Crocidura_mariquensis,Eulipotyphla,Soricidae,10.025,1.0011,3.72,Y,NA,NA,NA,NA,NA,Y,carnivore,carnivore_invertebrate,100.0,50.0,10.0,0.0,N
Crocidura montis,Crocidura_montis,Eulipotyphla,Soricidae,14.49,1.1611,3.74,N,NA,NA,NA,NA,NA,Y,omnivore,omnivore,100.0,50.0,10.0,0.0,N
Crocidura mutesae,Crocidura_mutesae,Eulipotyphla,Soricidae,15.8,1.1987,3.67,N,NA,NA,NA,NA,NA,Y,carnivore,carnivore_invertebrate,100.0,50.0,10.0,0.0,N
Crocidura negligens,Crocidura_negligens,Eulipotyphla,Soricidae,12.0,1.0792,1.615,N,NA,NA,NA,NA,NA,Y,carnivore,carnivore_invertebrate,100.0,50.0,10.0,0.0,Y
Crocidura nicobarica,Crocidura_nicobarica,Eulipotyphla,Soricidae,31.03,1.4918,3.0,Y,NA,NA,NA,NA,NA,Y,carnivore,carnivore_invertebrate,100.0,50.0,10.0,0.0,N
Crocidura nigeriae,Crocidura_nigeriae,Eulipotyphla,Soricidae,17.1,1.233,2.44,N,NA,NA,NA,NA,NA,Y,carnivore,carnivore_invertebrate,100.0,50.0,10.0,0.0,N
Crocidura nigricans,Crocidura_nigricans,Eulipotyphla,Soricidae,10.35,1.0149,3.94,Y,NA,NA,NA,NA,NA,Y,carnivore,carnivore_invertebrate,100.0,50.0,10.0,0.0,N
Crocidura nigrofusca,Crocidura_nigrofusca,Eulipotyphla,Soricidae,11.75,1.07,2.49,Y,NA,NA,NA,NA,NA,Y,carnivore,carnivore_invertebrate,100.0,50.0,10.0,0.0,N
Crocidura niobe,Crocidura_niobe,Eulipotyphla,Soricidae,16.0,1.2041,2.99,Y,NA,NA,NA,NA,NA,Y,carnivore,carnivore_invertebrate,100.0,50.0,10.0,0.0,N
Crocidura obscurior,Crocidura_obscurior,Eulipotyphla,Soricidae,3.49,0.5428,2.99,N,NA,NA,NA,NA,NA,Y,omnivore,omnivore,100.0,50.0,10.0,0.0,N
Crocidura olivieri,Crocidura_olivieri,Eulipotyphla,Soricidae,36.36,1.5606,3.37,N,NA,NA,NA,NA,NA,Y,carnivore,carnivore_invertebrate,100.0,50.0,10.0,0.0,N
Crocidura orientalis,Crocidura_orientalis,Eulipotyphla,Soricidae,12.0,1.0792,1.615,N,NA,NA,NA,NA,NA,Y,carnivore,carnivore_invertebrate,100.0,50.0,10.0,0.0,Y
Crocidura orii,Crocidura_orii,Eulipotyphla,Soricidae,10.6,1.0253,4.165,N,NA,NA,NA,NA,NA,Y,carnivore,carnivore_invertebrate,100.0,50.0,10.0,0.0,N
Crocidura pachyura,Crocidura_pachyura,Eulipotyphla,Soricidae,10.6,1.0253,4.04,N,NA,NA,NA,NA,NA,Y,carnivore,carnivore_invertebrate,100.0,50.0,10.0,0.0,N
Crocidura planiceps,Crocidura_planiceps,Eulipotyphla,Soricidae,2.5,0.3979,3.0,Y,NA,NA,NA,NA,NA,Y,carnivore,carnivore_invertebrate,100.0,50.0,10.0,0.0,N
Crocidura poensis,Crocidura_poensis,Eulipotyphla,Soricidae,17.1,1.233,2.44,Y,NA,NA,NA,NA,NA,Y,carnivore,carnivore_invertebrate,100.0,50.0,10.0,0.0,N
Crocidura pullata,Crocidura_pullata,Eulipotyphla,Soricidae,10.6,1.0253,4.04,N,NA,NA,NA,NA,NA,Y,carnivore,carnivore_invertebrate,100.0,50.0,10.0,0.0,N
Crocidura rapax,Crocidura_rapax,Eulipotyphla,Soricidae,10.6,1.0253,4.04,N,NA,NA,NA,NA,NA,Y,carnivore,carnivore_invertebrate,100.0,50.0,10.0,0.0,Y
Crocidura russula,Crocidura_russula,Eulipotyphla,Soricidae,10.6,1.0253,4.04,Y,0.8,3.232,0.3049,-0.0969,-0.5158,Y,carnivore,carnivore_invertebrate,100.0,50.0,10.0,0.0,N
Crocidura selina,Crocidura_selina,Eulipotyphla,Soricidae,14.49,1.1611,3.74,N,NA,NA,NA,NA,NA,Y,carnivore,carnivore_invertebrate,100.0,50.0,10.0,0.0,N
Crocidura shantungensis,Crocidura_shantungensis,Eulipotyphla,Soricidae,7.425,0.8707,4.0,N,NA,NA,NA,NA,NA,Y,carnivore,carnivore_invertebrate,100.0,50.0,10.0,0.0,Y
Crocidura sibirica,Crocidura_sibirica,Eulipotyphla,Soricidae,10.94,1.039,4.72,N,NA,NA,NA,NA,NA,Y,carnivore,carnivore_invertebrate,100.0,50.0,10.0,0.0,N
Crocidura sicula,Crocidura_sicula,Eulipotyphla,Soricidae,10.84,1.035,4.38,N,NA,NA,NA,NA,NA,Y,carnivore,carnivore_invertebrate,100.0,50.0,10.0,0.0,N
Crocidura silacea,Crocidura_silacea,Eulipotyphla,Soricidae,10.25,1.0107,4.02,Y,NA,NA,NA,NA,NA,Y,carnivore,carnivore_invertebrate,100.0,50.0,10.0,0.0,N
Crocidura stenocephala,Crocidura_stenocephala,Eulipotyphla,Soricidae,17.305,1.2382,2.99,N,NA,NA,NA,NA,NA,Y,carnivore,carnivore_invertebrate,100.0,50.0,10.0,0.0,N
Crocidura suaveolens,Crocidura_suaveolens,Eulipotyphla,Soricidae,7.425,0.8707,4.0,Y,0.53,2.12,0.2855,-0.2757,-0.5444,Y,carnivore,carnivore_invertebrate,100.0,50.0,10.0,0.0,N
Crocidura tanakae,Crocidura_tanakae,Eulipotyphla,Soricidae,14.5,1.1614,0.99,N,NA,NA,NA,NA,NA,Y,carnivore,carnivore_invertebrate,100.0,50.0,10.0,0.0,Y
Crocidura tarella,Crocidura_tarella,Eulipotyphla,Soricidae,12.42,1.0941,2.75,N,NA,NA,NA,NA,NA,Y,carnivore,carnivore_invertebrate,100.0,50.0,10.0,0.0,N
Crocidura tenuis,Crocidura_tenuis,Eulipotyphla,Soricidae,12.0,1.0792,1.615,N,NA,NA,NA,NA,NA,Y,carnivore,carnivore_invertebrate,100.0,50.0,10.0,0.0,N
Crocidura theresae,Crocidura_theresae,Eulipotyphla,Soricidae,19.3,1.2856,1.99,N,NA,NA,NA,NA,NA,Y,carnivore,carnivore_invertebrate,100.0,50.0,10.0,0.0,N
Crocidura trichura,Crocidura_trichura,Eulipotyphla,Soricidae,8.157,0.9115,0.99,N,NA,NA,NA,NA,NA,Y,carnivore,carnivore_invertebrate,100.0,50.0,10.0,0.0,Y
Crocidura turba,Crocidura_turba,Eulipotyphla,Soricidae,12.42,1.0941,2.75,Y,NA,NA,NA,NA,NA,Y,carnivore,carnivore_invertebrate,100.0,50.0,10.0,0.0,N
Crocidura usambarae,Crocidura_usambarae,Eulipotyphla,Soricidae,11.83,1.073,1.99,Y,NA,NA,NA,NA,NA,Y,carnivore,carnivore_invertebrate,100.0,50.0,10.0,0.0,N
Crocidura viaria,Crocidura_viaria,Eulipotyphla,Soricidae,15.3,1.1847,3.495,Y,1.39,4.858,0.3175,0.143,-0.4982,Y,carnivore,carnivore_invertebrate,100.0,50.0,10.0,0.0,N
Crocidura vorax,Crocidura_vorax,Eulipotyphla,Soricidae,10.6,1.0253,4.04,N,NA,NA,NA,NA,NA,Y,carnivore,carnivore_invertebrate,100.0,50.0,10.0,0.0,Y
Crocidura vosmaeri,Crocidura_vosmaeri,Eulipotyphla,Soricidae,12.0,1.0792,1.615,N,NA,NA,NA,NA,NA,Y,carnivore,carnivore_invertebrate,100.0,50.0,10.0,0.0,Y
Crocidura watasei,Crocidura_watasei,Eulipotyphla,Soricidae,5.47,0.738,3.14,N,NA,NA,NA,NA,NA,Y,carnivore,carnivore_invertebrate,100.0,50.0,10.0,0.0,Y
Crocidura wuchihensis,Crocidura_wuchihensis,Eulipotyphla,Soricidae,5.47,0.738,3.14,N,NA,NA,NA,NA,NA,Y,carnivore,carnivore_invertebrate,100.0,50.0,10.0,0.0,Y
Crocidura zaphiri,Crocidura_zaphiri,Eulipotyphla,Soricidae,36.36,1.5606,3.37,N,NA,NA,NA,NA,NA,Y,carnivore,carnivore_invertebrate,100.0,50.0,10.0,0.0,N
Crocidura zarudnyi,Crocidura_zarudnyi,Eulipotyphla,Soricidae,6.708,0.8266,5.99,Y,NA,NA,NA,NA,NA,Y,carnivore,carnivore_invertebrate,100.0,50.0,10.0,0.0,N
Crocidura zimmermanni,Crocidura_zimmermanni,Eulipotyphla,Soricidae,10.6,1.0253,4.04,N,NA,NA,NA,NA,NA,Y,carnivore,carnivore_invertebrate,100.0,50.0,10.0,0.0,N
Cryptotis alticola,Cryptotis_alticola,Eulipotyphla,Soricidae,6.865,0.8366,2.995,N,NA,NA,NA,NA,NA,Y,carnivore,carnivore_invertebrate,100.0,40.0,30.0,0.0,Y
Cryptotis goldmani,Cryptotis_goldmani,Eulipotyphla,Soricidae,6.865,0.8366,2.995,N,NA,NA,NA,NA,NA,Y,carnivore,carnivore_invertebrate,100.0,40.0,30.0,0.0,Y
Cryptotis magna,Cryptotis_magna,Eulipotyphla,Soricidae,7.0,0.8451,2.99,Y,NA,NA,NA,NA,NA,Y,carnivore,carnivore_invertebrate,100.0,40.0,30.0,0.0,Y
Cryptotis meridensis,Cryptotis_meridensis,Eulipotyphla,Soricidae,12.2,1.0864,3.0,N,NA,NA,NA,NA,NA,Y,carnivore,carnivore_invertebrate,100.0,40.0,30.0,0.0,Y
Cryptotis mexicana,Cryptotis_mexicana,Eulipotyphla,Soricidae,7.0,0.8451,2.995,Y,NA,NA,NA,NA,NA,Y,carnivore,carnivore_invertebrate,100.0,40.0,30.0,0.0,Y
Cryptotis nelsoni,Cryptotis_nelsoni,Eulipotyphla,Soricidae,7.0,0.8451,2.995,N,NA,NA,NA,NA,NA,Y,carnivore,carnivore_invertebrate,100.0,40.0,30.0,0.0,Y
Cryptotis obscura,Cryptotis_obscura,Eulipotyphla,Soricidae,7.0,0.8451,2.995,N,NA,NA,NA,NA,NA,Y,carnivore,carnivore_invertebrate,100.0,40.0,30.0,0.0,Y
Cryptotis orophila,Cryptotis_orophila,Eulipotyphla,Soricidae,6.2,0.7924,4.55,N,NA,NA,NA,NA,NA,Y,carnivore,carnivore_invertebrate,100.0,40.0,30.0,0.0,Y
Cryptotis parva,Cryptotis_parva,Eulipotyphla,Soricidae,6.2,0.7924,4.55,Y,0.35,1.592,0.2569,-0.4559,-0.5903,Y,carnivore,carnivore_invertebrate,100.0,40.0,30.0,0.0,Y
Cryptotis peregrina,Cryptotis_peregrina,Eulipotyphla,Soricidae,7.0,0.8451,2.995,N,NA,NA,NA,NA,NA,Y,carnivore,carnivore_invertebrate,100.0,40.0,30.0,0.0,Y
Cryptotis phillipsii,Cryptotis_phillipsii,Eulipotyphla,Soricidae,7.0,0.8451,2.995,N,NA,NA,NA,NA,NA,Y,carnivore,carnivore_invertebrate,100.0,40.0,30.0,0.0,Y
Cryptotis tropicalis,Cryptotis_tropicalis,Eulipotyphla,Soricidae,6.2,0.7924,4.55,N,NA,NA,NA,NA,NA,Y,carnivore,carnivore_invertebrate,100.0,40.0,30.0,0.0,Y
Diplomesodon pulchellum,Diplomesodon_pulchellum,Eulipotyphla,Soricidae,10.5,1.0212,4.995,Y,NA,NA,NA,NA,NA,Y,carnivore,carnivore_invertebrate,100.0,50.0,50.0,0.0,N
Episoriculus caudatus,Episoriculus_caudatus,Eulipotyphla,Soricidae,8.94,0.9513,4.77,Y,NA,NA,NA,NA,NA,Y,carnivore,carnivore_invertebrate,100.0,70.0,0.0,0.0,N
Episoriculus fumidus,Episoriculus_fumidus,Eulipotyphla,Soricidae,6.95,0.842,3.42,Y,NA,NA,NA,NA,NA,Y,carnivore,carnivore_invertebrate,100.0,70.0,0.0,0.0,N
Myosorex babaulti,Myosorex_babaulti,Eulipotyphla,Soricidae,9.13,0.9605,2.99,Y,NA,NA,NA,NA,NA,Y,carnivore,carnivore_invertebrate,100.0,90.0,10.0,0.0,N
Myosorex cafer,Myosorex_cafer,Eulipotyphla,Soricidae,12.3,1.0899,2.99,Y,NA,NA,NA,NA,NA,Y,omnivore,omnivore,100.0,90.0,10.0,0.0,N
Myosorex geata,Myosorex_geata,Eulipotyphla,Soricidae,9.34,0.9703,4.0,Y,NA,NA,NA,NA,NA,Y,carnivore,carnivore_invertebrate,100.0,90.0,10.0,0.0,N
Myosorex varius,Myosorex_varius,Eulipotyphla,Soricidae,11.68,1.0674,2.95,Y,1.0,2.95,0.2526,0.0,-0.5976,Y,carnivore,carnivore_invertebrate,100.0,90.0,10.0,0.0,N
Myosorex zinki,Myosorex_zinki,Eulipotyphla,Soricidae,16.1,1.2068,3.99,N,NA,NA,NA,NA,NA,Y,carnivore,carnivore_invertebrate,100.0,80.0,20.0,0.0,Y
Neomys anomalus,Neomys_anomalus,Eulipotyphla,Soricidae,13.19,1.1202,6.315,Y,0.58,3.663,0.2777,-0.2366,-0.5564,Y,carnivore,carnivore_vertebrate,100.0,40.0,60.0,0.0,N
Neomys fodiens,Neomys_fodiens,Eulipotyphla,Soricidae,15.13,1.1798,5.51,Y,0.71,3.912,0.2586,-0.1487,-0.5874,Y,carnivore,carnivore_vertebrate,100.0,40.0,60.0,0.0,N
Neomys teres,Neomys_teres,Eulipotyphla,Soricidae,15.13,1.1798,5.53,N,NA,NA,NA,NA,NA,Y,carnivore,carnivore_vertebrate,100.0,40.0,60.0,0.0,N
Notiosorex crawfordi,Notiosorex_crawfordi,Eulipotyphla,Soricidae,4.15,0.618,3.76,Y,0.82,3.083,0.7429,-0.0862,-0.129,Y,carnivore,carnivore_invertebrate,100.0,100.0,0.0,0.0,N
Notiosorex evotis,Notiosorex_evotis,Eulipotyphla,Soricidae,4.47,0.6503,3.76,N,NA,NA,NA,NA,NA,Y,carnivore,carnivore_invertebrate,100.0,100.0,0.0,0.0,Y
Scutisorex somereni,Scutisorex_somereni,Eulipotyphla,Soricidae,91.49,1.9614,1.85,Y,NA,NA,NA,NA,NA,Y,omnivore,omnivore,100.0,0.0,100.0,0.0,N
Sorex alaskanus,Sorex_alaskanus,Eulipotyphla,Soricidae,13.07,1.1163,5.58,N,NA,NA,NA,NA,NA,Y,carnivore,carnivore_invertebrate,100.0,70.0,0.0,0.0,N
Sorex alpinus,Sorex_alpinus,Eulipotyphla,Soricidae,7.9,0.8976,5.95,Y,NA,NA,NA,NA,NA,Y,carnivore,carnivore_invertebrate,100.0,70.0,0.0,0.0,N
Sorex antinorii,Sorex_antinorii,Eulipotyphla,Soricidae,8.195,0.9135,6.56,N,NA,NA,NA,NA,NA,Y,carnivore,carnivore_invertebrate,100.0,70.0,0.0,0.0,Y
Sorex araneus,Sorex_araneus,Eulipotyphla,Soricidae,8.195,0.9135,6.56,Y,0.42,2.755,0.3362,-0.3768,-0.4734,Y,omnivore,omnivore,100.0,70.0,0.0,0.0,N
Sorex arcticus,Sorex_arcticus,Eulipotyphla,Soricidae,8.195,0.9135,6.63,Y,NA,NA,NA,NA,NA,Y,carnivore,carnivore_invertebrate,100.0,70.0,0.0,0.0,N
Sorex bairdi,Sorex_bairdi,Eulipotyphla,Soricidae,8.335,0.9209,4.8,N,NA,NA,NA,NA,NA,Y,carnivore,carnivore_invertebrate,100.0,70.0,0.0,0.0,N
Sorex bedfordiae,Sorex_bedfordiae,Eulipotyphla,Soricidae,10.4,1.017,4.99,N,NA,NA,NA,NA,NA,Y,carnivore,carnivore_invertebrate,100.0,70.0,0.0,0.0,N
Sorex bendirii,Sorex_bendirii,Eulipotyphla,Soricidae,15.82,1.1992,5.0,N,NA,NA,NA,NA,NA,Y,carnivore,carnivore_invertebrate,100.0,70.0,0.0,0.0,N
Sorex caecutiens,Sorex_caecutiens,Eulipotyphla,Soricidae,5.85,0.7672,6.82,Y,NA,NA,NA,NA,NA,Y,carnivore,carnivore_invertebrate,100.0,70.0,0.0,0.0,N
Sorex camtschatica,Sorex_camtschatica,Eulipotyphla,Soricidae,5.1,0.7076,6.5,N,NA,NA,NA,NA,NA,Y,carnivore,carnivore_invertebrate,100.0,70.0,0.0,0.0,N
Sorex cansulus,Sorex_cansulus,Eulipotyphla,Soricidae,6.3,0.7993,6.4,Y,NA,NA,NA,NA,NA,Y,carnivore,carnivore_invertebrate,100.0,70.0,0.0,0.0,N
Sorex cinereus,Sorex_cinereus,Eulipotyphla,Soricidae,5.1,0.7076,6.5,Y,0.28,1.82,0.3569,-0.5528,-0.4475,Y,carnivore,carnivore_invertebrate,100.0,70.0,0.0,0.0,N
Sorex coronatus,Sorex_coronatus,Eulipotyphla,Soricidae,8.4,0.9243,6.03,Y,0.59,3.558,0.4235,-0.2291,-0.3731,Y,carnivore,carnivore_invertebrate,100.0,70.0,0.0,0.0,N
Sorex cylindricauda,Sorex_cylindricauda,Eulipotyphla,Soricidae,6.1,0.7853,4.99,Y,NA,NA,NA,NA,NA,Y,carnivore,carnivore_invertebrate,100.0,70.0,0.0,0.0,N
Sorex daphaenodon,Sorex_daphaenodon,Eulipotyphla,Soricidae,8.1,0.9085,5.99,Y,NA,NA,NA,NA,NA,Y,carnivore,carnivore_invertebrate,100.0,70.0,0.0,0.0,N
Sorex dispar,Sorex_dispar,Eulipotyphla,Soricidae,4.923,0.6922,4.01,Y,NA,NA,NA,NA,NA,Y,carnivore,carnivore_invertebrate,100.0,70.0,0.0,0.0,N
Sorex excelsus,Sorex_excelsus,Eulipotyphla,Soricidae,8.2,0.9138,6.56,N,NA,NA,NA,NA,NA,Y,carnivore,carnivore_invertebrate,100.0,70.0,0.0,0.0,N
Sorex fumeus,Sorex_fumeus,Eulipotyphla,Soricidae,8.015,0.9039,5.245,Y,NA,NA,NA,NA,NA,Y,carnivore,carnivore_invertebrate,100.0,70.0,0.0,0.0,N
Sorex gracillimus,Sorex_gracillimus,Eulipotyphla,Soricidae,4.26,0.6294,5.77,Y,NA,NA,NA,NA,NA,Y,carnivore,carnivore_invertebrate,100.0,70.0,0.0,0.0,N
Sorex granarius,Sorex_granarius,Eulipotyphla,Soricidae,6.3,0.7993,6.4,Y,NA,NA,NA,NA,NA,Y,carnivore,carnivore_invertebrate,100.0,70.0,0.0,0.0,N
Sorex haydeni,Sorex_haydeni,Eulipotyphla,Soricidae,5.0,0.699,6.57,Y,NA,NA,NA,NA,NA,Y,carnivore,carnivore_invertebrate,100.0,70.0,0.0,0.0,N
Sorex hoyi,Sorex_hoyi,Eulipotyphla,Soricidae,3.87,0.5877,5.56,Y,NA,NA,NA,NA,NA,Y,carnivore,carnivore_invertebrate,100.0,70.0,0.0,0.0,N
Sorex isodon,Sorex_isodon,Eulipotyphla,Soricidae,12.23,1.0874,7.09,Y,0.9,6.381,0.5217,-0.0458,-0.2825,Y,carnivore,carnivore_invertebrate,100.0,70.0,0.0,0.0,N
Sorex jacksoni,Sorex_jacksoni,Eulipotyphla,Soricidae,5.2,0.716,6.5,N,NA,NA,NA,NA,NA,Y,carnivore,carnivore_invertebrate,100.0,70.0,0.0,0.0,N
Sorex leucogaster,Sorex_leucogaster,Eulipotyphla,Soricidae,4.36,0.6395,6.355,N,NA,NA,NA,NA,NA,Y,carnivore,carnivore_invertebrate,100.0,70.0,0.0,0.0,N
Sorex longirostris,Sorex_longirostris,Eulipotyphla,Soricidae,3.485,0.5422,4.87,Y,NA,NA,NA,NA,NA,Y,omnivore,omnivore,100.0,70.0,0.0,0.0,N
Sorex maritimensis,Sorex_maritimensis,Eulipotyphla,Soricidae,8.195,0.9135,6.63,N,NA,NA,NA,NA,NA,Y,carnivore,carnivore_invertebrate,100.0,70.0,0.0,0.0,Y
Sorex merriami,Sorex_merriami,Eulipotyphla,Soricidae,4.995,0.6985,6.0,Y,NA,NA,NA,NA,NA,Y,carnivore,carnivore_invertebrate,100.0,70.0,0.0,0.0,N
Sorex minutissimus,Sorex_minutissimus,Eulipotyphla,Soricidae,2.46,0.3909,8.99,Y,NA,NA,NA,NA,NA,Y,carnivore,carnivore_invertebrate,100.0,70.0,0.0,0.0,N
Sorex minutus,Sorex_minutus,Eulipotyphla,Soricidae,4.2,0.6232,5.905,Y,0.22,1.299,0.3093,-0.6576,-0.5096,Y,carnivore,carnivore_invertebrate,100.0,70.0,0.0,0.0,N
Sorex monticolus,Sorex_monticolus,Eulipotyphla,Soricidae,5.99,0.7774,5.71,Y,NA,NA,NA,NA,NA,Y,carnivore,carnivore_invertebrate,100.0,70.0,0.0,0.0,N
Sorex nanus,Sorex_nanus,Eulipotyphla,Soricidae,2.57,0.4099,6.495,Y,NA,NA,NA,NA,NA,Y,omnivore,omnivore,100.0,70.0,0.0,0.0,N
Sorex neomexicanus,Sorex_neomexicanus,Eulipotyphla,Soricidae,5.99,0.7774,5.71,N,NA,NA,NA,NA,NA,Y,carnivore,carnivore_invertebrate,100.0,70.0,0.0,0.0,Y
Sorex orizabae,Sorex_orizabae,Eulipotyphla,Soricidae,5.785,0.7623,5.545,N,NA,NA,NA,NA,NA,Y,carnivore,carnivore_invertebrate,100.0,70.0,0.0,0.0,Y
Sorex ornatus,Sorex_ornatus,Eulipotyphla,Soricidae,5.57,0.7459,4.995,Y,0.5,2.498,0.4484,-0.301,-0.3483,Y,carnivore,carnivore_invertebrate,100.0,70.0,0.0,0.0,N
Sorex pacificus,Sorex_pacificus,Eulipotyphla,Soricidae,5.99,0.7774,4.745,Y,NA,NA,NA,NA,NA,Y,omnivore,omnivore,100.0,70.0,0.0,0.0,N
Sorex palustris,Sorex_palustris,Eulipotyphla,Soricidae,12.77,1.1062,5.58,Y,NA,NA,NA,NA,NA,Y,carnivore,carnivore_invertebrate,100.0,70.0,0.0,0.0,N
Sorex planiceps,Sorex_planiceps,Eulipotyphla,Soricidae,4.2,0.6232,5.905,N,NA,NA,NA,NA,NA,Y,carnivore,carnivore_invertebrate,100.0,70.0,0.0,0.0,N
Sorex portenkoi,Sorex_portenkoi,Eulipotyphla,Soricidae,5.2,0.716,6.5,N,NA,NA,NA,NA,NA,Y,carnivore,carnivore_invertebrate,100.0,70.0,0.0,0.0,N
Sorex raddei,Sorex_raddei,Eulipotyphla,Soricidae,10.0,1.0,2.69,Y,NA,NA,NA,NA,NA,Y,carnivore,carnivore_invertebrate,100.0,70.0,0.0,0.0,N
Sorex roboratus,Sorex_roboratus,Eulipotyphla,Soricidae,8.2,0.9138,6.565,Y,NA,NA,NA,NA,NA,Y,carnivore,carnivore_invertebrate,100.0,70.0,0.0,0.0,N
Sorex rohweri,Sorex_rohweri,Eulipotyphla,Soricidae,5.1,0.7076,6.5,N,NA,NA,NA,NA,NA,Y,carnivore,carnivore_unknown,NA,NA,NA,NA,NA
Sorex samniticus,Sorex_samniticus,Eulipotyphla,Soricidae,8.2,0.9138,6.56,N,NA,NA,NA,NA,NA,Y,carnivore,carnivore_invertebrate,100.0,70.0,0.0,0.0,N
Sorex satunini,Sorex_satunini,Eulipotyphla,Soricidae,8.195,0.9135,6.295,N,NA,NA,NA,NA,NA,Y,carnivore,carnivore_invertebrate,100.0,70.0,0.0,0.0,N
Sorex shinto,Sorex_shinto,Eulipotyphla,Soricidae,6.3,0.7993,6.82,N,NA,NA,NA,NA,NA,Y,carnivore,carnivore_invertebrate,100.0,70.0,0.0,0.0,N
Sorex sinalis,Sorex_sinalis,Eulipotyphla,Soricidae,8.2,0.9138,6.56,N,NA,NA,NA,NA,NA,Y,carnivore,carnivore_invertebrate,100.0,70.0,0.0,0.0,N
Sorex sonomae,Sorex_sonomae,Eulipotyphla,Soricidae,6.35,0.8028,4.745,N,NA,NA,NA,NA,NA,Y,carnivore,carnivore_invertebrate,100.0,70.0,0.0,0.0,N
Sorex thibetanus,Sorex_thibetanus,Eulipotyphla,Soricidae,4.2,0.6232,5.905,N,NA,NA,NA,NA,NA,Y,carnivore,carnivore_invertebrate,100.0,70.0,0.0,0.0,N
Sorex trowbridgii,Sorex_trowbridgii,Eulipotyphla,Soricidae,4.73,0.6749,4.155,Y,NA,NA,NA,NA,NA,Y,omnivore,omnivore,100.0,70.0,0.0,0.0,N
Sorex tundrensis,Sorex_tundrensis,Eulipotyphla,Soricidae,8.19,0.9133,6.69,Y,NA,NA,NA,NA,NA,Y,omnivore,omnivore,100.0,70.0,0.0,0.0,N
Sorex ugyunak,Sorex_ugyunak,Eulipotyphla,Soricidae,5.1,0.7076,6.5,N,NA,NA,NA,NA,NA,Y,carnivore,carnivore_invertebrate,100.0,70.0,0.0,0.0,N
Sorex unguiculatus,Sorex_unguiculatus,Eulipotyphla,Soricidae,14.11,1.1495,5.24,Y,NA,NA,NA,NA,NA,Y,carnivore,carnivore_invertebrate,100.0,70.0,0.0,0.0,N
Sorex vagrans,Sorex_vagrans,Eulipotyphla,Soricidae,5.58,0.7466,5.545,Y,0.41,2.273,0.4074,-0.3872,-0.3899,Y,carnivore,carnivore_invertebrate,100.0,70.0,0.0,0.0,N
Sorex volnuchini,Sorex_volnuchini,Eulipotyphla,Soricidae,4.2,0.6232,5.905,N,NA,NA,NA,NA,NA,Y,carnivore,carnivore_invertebrate,100.0,70.0,0.0,0.0,N
Soriculus nigrescens,Soriculus_nigrescens,Eulipotyphla,Soricidae,14.58,1.1638,4.89,Y,NA,NA,NA,NA,NA,Y,omnivore,omnivore,100.0,70.0,0.0,0.0,N
Suncus aequatorius,Suncus_aequatorius,Eulipotyphla,Soricidae,8.0,0.9031,2.99,N,NA,NA,NA,NA,NA,Y,carnivore,carnivore_invertebrate,100.0,80.0,10.0,0.0,Y
Suncus etruscus,Suncus_etruscus,Eulipotyphla,Soricidae,2.365,0.3738,3.955,Y,0.2,0.791,0.3345,-0.699,-0.4757,Y,carnivore,carnivore_invertebrate,100.0,80.0,10.0,0.0,N
Suncus fellowesgordoni,Suncus_fellowesgordoni,Eulipotyphla,Soricidae,2.33,0.3674,3.955,N,NA,NA,NA,NA,NA,Y,carnivore,carnivore_invertebrate,100.0,80.0,10.0,0.0,N
Suncus hosei,Suncus_hosei,Eulipotyphla,Soricidae,2.33,0.3674,3.955,N,NA,NA,NA,NA,NA,Y,carnivore,carnivore_invertebrate,100.0,80.0,10.0,0.0,N
Suncus lixus,Suncus_lixus,Eulipotyphla,Soricidae,8.0,0.9031,2.99,Y,NA,NA,NA,NA,NA,Y,carnivore,carnivore_invertebrate,100.0,80.0,10.0,0.0,N
Suncus malayanus,Suncus_malayanus,Eulipotyphla,Soricidae,2.4,0.3802,3.955,N,NA,NA,NA,NA,NA,Y,carnivore,carnivore_invertebrate,100.0,80.0,10.0,0.0,N
Suncus megalura,Suncus_megalura,Eulipotyphla,Soricidae,5.38,0.7308,1.89,Y,NA,NA,NA,NA,NA,Y,carnivore,carnivore_invertebrate,100.0,80.0,10.0,0.0,N
Suncus montanus,Suncus_montanus,Eulipotyphla,Soricidae,45.87,1.6615,3.05,N,NA,NA,NA,NA,NA,Y,carnivore,carnivore_invertebrate,100.0,80.0,10.0,0.0,N
Suncus murinus,Suncus_murinus,Eulipotyphla,Soricidae,45.87,1.6615,3.05,Y,2.44,7.442,0.1622,0.3874,-0.7898,Y,carnivore,carnivore_invertebrate,100.0,80.0,10.0,0.0,N
Suncus varilla,Suncus_varilla,Eulipotyphla,Soricidae,4.99,0.6981,3.395,Y,NA,NA,NA,NA,NA,Y,carnivore,carnivore_invertebrate,100.0,80.0,10.0,0.0,N
Suncus zeylanicus,Suncus_zeylanicus,Eulipotyphla,Soricidae,45.87,1.6615,3.05,N,NA,NA,NA,NA,NA,Y,carnivore,carnivore_invertebrate,100.0,80.0,10.0,0.0,N
Surdisorex norae,Surdisorex_norae,Eulipotyphla,Soricidae,23.57,1.3724,1.205,Y,NA,NA,NA,NA,NA,Y,carnivore,carnivore_invertebrate,100.0,100.0,0.0,0.0,N
Surdisorex polulus,Surdisorex_polulus,Eulipotyphla,Soricidae,16.28,1.2117,1.45,Y,NA,NA,NA,NA,NA,Y,carnivore,carnivore_invertebrate,100.0,100.0,0.0,0.0,N
Sylvisorex camerunensis,Sylvisorex_camerunensis,Eulipotyphla,Soricidae,5.5,0.7404,1.89,N,NA,NA,NA,NA,NA,Y,omnivore,omnivore,100.0,60.0,20.0,0.0,Y
Sylvisorex granti,Sylvisorex_granti,Eulipotyphla,Soricidae,4.0,0.6021,1.89,Y,NA,NA,NA,NA,NA,Y,omnivore,omnivore,100.0,80.0,10.0,0.0,N
Sylvisorex lunaris,Sylvisorex_lunaris,Eulipotyphla,Soricidae,18.78,1.2737,2.69,Y,NA,NA,NA,NA,NA,Y,omnivore,omnivore,100.0,80.0,10.0,0.0,N
Sylvisorex morio,Sylvisorex_morio,Eulipotyphla,Soricidae,13.781,1.1393,1.99,Y,NA,NA,NA,NA,NA,Y,omnivore,omnivore,100.0,80.0,10.0,0.0,N
Sylvisorex oriundus,Sylvisorex_oriundus,Eulipotyphla,Soricidae,18.78,1.2737,2.69,N,NA,NA,NA,NA,NA,Y,omnivore,omnivore,100.0,80.0,10.0,0.0,N
Condylura cristata,Condylura_cristata,Eulipotyphla,Talpidae,52.15,1.7173,4.42,Y,1.5,6.63,0.1271,0.1761,-0.8957,Y,carnivore,carnivore_invertebrate,100.0,80.0,20.0,0.0,N
Desmana moschata,Desmana_moschata,Eulipotyphla,Talpidae,983.805,2.9929,5.07,Y,NA,NA,NA,NA,NA,Y,carnivore,carnivore_invertebrate,100.0,60.0,40.0,0.0,N
Dymecodon pilirostris,Dymecodon_pilirostris,Eulipotyphla,Talpidae,15.46,1.1892,3.0,Y,NA,NA,NA,NA,NA,Y,carnivore,carnivore_invertebrate,100.0,100.0,0.0,0.0,N
Euroscaptor klossi,Euroscaptor_klossi,Eulipotyphla,Talpidae,60.46,1.7815,4.5,Y,NA,NA,NA,NA,NA,Y,carnivore,carnivore_invertebrate,100.0,100.0,0.0,0.0,N
Euroscaptor mizura,Euroscaptor_mizura,Eulipotyphla,Talpidae,25.05,1.3988,3.0,Y,NA,NA,NA,NA,NA,Y,carnivore,carnivore_invertebrate,100.0,100.0,0.0,0.0,N
Galemys pyrenaicus,Galemys_pyrenaicus,Eulipotyphla,Talpidae,60.735,1.7834,3.645,Y,NA,NA,NA,NA,NA,Y,carnivore,carnivore_invertebrate,100.0,90.0,10.0,0.0,N
Mogera etigo,Mogera_etigo,Eulipotyphla,Talpidae,140.0,2.1461,3.52,N,NA,NA,NA,NA,NA,Y,carnivore,carnivore_unknown,NA,NA,NA,NA,NA
Mogera imaizumii,Mogera_imaizumii,Eulipotyphla,Talpidae,81.205,1.9096,3.515,Y,NA,NA,NA,NA,NA,Y,carnivore,carnivore_invertebrate,100.0,100.0,0.0,0.0,N
Mogera robusta,Mogera_robusta,Eulipotyphla,Talpidae,72.0,1.8573,3.78,N,NA,NA,NA,NA,NA,Y,carnivore,carnivore_unknown,NA,NA,NA,NA,NA
Mogera tokudae,Mogera_tokudae,Eulipotyphla,Talpidae,115.18,2.0614,3.52,Y,NA,NA,NA,NA,NA,Y,carnivore,carnivore_invertebrate,100.0,100.0,0.0,0.0,N
Mogera wogura,Mogera_wogura,Eulipotyphla,Talpidae,96.88,1.9862,3.78,Y,NA,NA,NA,NA,NA,Y,carnivore,carnivore_invertebrate,100.0,100.0,0.0,0.0,N
Neurotrichus gibbsii,Neurotrichus_gibbsii,Eulipotyphla,Talpidae,10.0,1.0,2.81,Y,0.6,1.686,0.1686,-0.2218,-0.7731,Y,omnivore,omnivore,90.0,90.0,0.0,0.0,N
Parascalops breweri,Parascalops_breweri,Eulipotyphla,Talpidae,50.645,1.7045,4.435,Y,6.69,29.67,0.5858,0.8254,-0.2322,Y,carnivore,carnivore_invertebrate,100.0,100.0,0.0,0.0,N
Scalopus aquaticus,Scalopus_aquaticus,Eulipotyphla,Talpidae,74.6,1.8727,3.75,Y,5.35,20.062,0.2689,0.7284,-0.5704,Y,omnivore,omnivore,100.0,100.0,0.0,0.0,N
Scapanus latimanus,Scapanus_latimanus,Eulipotyphla,Talpidae,61.0,1.7853,3.535,Y,NA,NA,NA,NA,NA,Y,omnivore,omnivore,100.0,100.0,0.0,0.0,N
Scapanus orarius,Scapanus_orarius,Eulipotyphla,Talpidae,62.13,1.7933,3.245,Y,NA,NA,NA,NA,NA,Y,carnivore,carnivore_invertebrate,100.0,100.0,0.0,0.0,N
Scapanus townsendii,Scapanus_townsendii,Eulipotyphla,Talpidae,124.45,2.095,2.86,N,NA,NA,NA,NA,NA,Y,carnivore,carnivore_invertebrate,100.0,100.0,0.0,0.0,N
Talpa altaica,Talpa_altaica,Eulipotyphla,Talpidae,113.69,2.0557,4.47,Y,NA,NA,NA,NA,NA,Y,carnivore,carnivore_invertebrate,100.0,100.0,0.0,0.0,N
Talpa caucasica,Talpa_caucasica,Eulipotyphla,Talpidae,90.015,1.9543,3.99,N,NA,NA,NA,NA,NA,Y,carnivore,carnivore_invertebrate,100.0,100.0,0.0,0.0,N
Talpa davidiana,Talpa_davidiana,Eulipotyphla,Talpidae,81.98,1.9137,3.49,Y,NA,NA,NA,NA,NA,Y,carnivore,carnivore_invertebrate,100.0,100.0,0.0,0.0,N
Talpa europaea,Talpa_europaea,Eulipotyphla,Talpidae,110.415,2.043,3.99,Y,3.24,12.928,0.1171,0.5105,-0.9315,Y,carnivore,carnivore_invertebrate,100.0,100.0,0.0,0.0,N
Talpa occidentalis,Talpa_occidentalis,Eulipotyphla,Talpidae,87.53,1.9422,3.99,N,NA,NA,NA,NA,NA,Y,carnivore,carnivore_invertebrate,100.0,100.0,0.0,0.0,N
Talpa romana,Talpa_romana,Eulipotyphla,Talpidae,92.5,1.9661,3.99,N,NA,NA,NA,NA,NA,Y,carnivore,carnivore_invertebrate,100.0,100.0,0.0,0.0,N
Talpa stankovici,Talpa_stankovici,Eulipotyphla,Talpidae,90.015,1.9543,3.99,N,NA,NA,NA,NA,NA,Y,carnivore,carnivore_invertebrate,100.0,100.0,0.0,0.0,N
Urotrichus talpoides,Urotrichus_talpoides,Eulipotyphla,Talpidae,18.85,1.2753,3.51,Y,NA,NA,NA,NA,NA,Y,carnivore,carnivore_invertebrate,100.0,100.0,0.0,0.0,N
Dendrohyrax arboreus,Dendrohyrax_arboreus,Hyracoidea,Procaviidae,2981.11,3.4744,1.755,Y,NA,NA,NA,NA,NA,Y,herbivore,herbivore,0.0,0.0,0.0,30.0,N
Dendrohyrax dorsalis,Dendrohyrax_dorsalis,Hyracoidea,Procaviidae,2663.335,3.4254,1.36,Y,200.0,272.0,0.1021,2.301,-0.9909,Y,herbivore,herbivore,0.0,0.0,0.0,30.0,N
Dendrohyrax validus,Dendrohyrax_validus,Hyracoidea,Procaviidae,2430.0,3.3856,1.755,N,NA,NA,NA,NA,NA,Y,herbivore,herbivore,NA,NA,NA,NA,NA
Heterohyrax brucei,Heterohyrax_brucei,Hyracoidea,Procaviidae,2000.0,3.301,1.89,Y,225.0,425.25,0.2126,2.3522,-0.6724,Y,herbivore,herbivore,0.0,0.0,0.0,0.0,N
Procavia capensis,Procavia_capensis,Hyracoidea,Procaviidae,2750.0,3.4393,2.44,Y,203.49,496.516,0.1806,2.3085,-0.7434,Y,herbivore,herbivore,0.0,0.0,0.0,0.0,N
Brachylagus idahoensis,Brachylagus_idahoensis,Lagomorpha,Leporidae,431.19,2.6347,5.905,Y,NA,NA,NA,NA,NA,Y,herbivore,herbivore,0.0,0.0,0.0,0.0,N
Bunolagus monticularis,Bunolagus_monticularis,Lagomorpha,Leporidae,1500.005,3.1761,1.11,Y,42.42,47.086,0.0314,1.6276,-1.5032,Y,herbivore,herbivore,0.0,0.0,0.0,0.0,N
Caprolagus hispidus,Caprolagus_hispidus,Lagomorpha,Leporidae,2498.495,3.3977,3.46,Y,NA,NA,NA,NA,NA,Y,herbivore,herbivore,0.0,0.0,0.0,0.0,N
Lepus alleni,Lepus_alleni,Lagomorpha,Leporidae,3306.0,3.5193,2.085,Y,182.0,379.47,0.1148,2.2601,-0.9401,Y,herbivore,herbivore,0.0,0.0,0.0,0.0,N
Lepus americanus,Lepus_americanus,Lagomorpha,Leporidae,1565.61,3.1947,3.41,Y,67.84,231.334,0.1478,1.8315,-0.8304,Y,herbivore,herbivore,0.0,0.0,0.0,0.0,N
Lepus arcticus,Lepus_arcticus,Lagomorpha,Leporidae,3030.43,3.4815,3.96,Y,NA,NA,NA,NA,NA,Y,omnivore,omnivore,30.0,0.0,0.0,0.0,N
Lepus brachyurus,Lepus_brachyurus,Lagomorpha,Leporidae,2519.45,3.4013,2.13,Y,NA,NA,NA,NA,NA,Y,herbivore,herbivore,0.0,0.0,0.0,0.0,N
Lepus californicus,Lepus_californicus,Lagomorpha,Leporidae,2317.0,3.3649,2.68,Y,84.93,227.612,0.0982,1.9291,-1.0077,Y,herbivore,herbivore,0.0,0.0,0.0,0.0,N
Lepus callotis,Lepus_callotis,Lagomorpha,Leporidae,2214.08,3.3452,2.34,Y,NA,NA,NA,NA,NA,Y,herbivore,herbivore,0.0,0.0,0.0,0.0,N
Lepus capensis,Lepus_capensis,Lagomorpha,Leporidae,2202.555,3.3429,2.51,Y,114.09,286.366,0.13,2.0572,-0.886,Y,herbivore,herbivore,0.0,0.0,0.0,0.0,N
Lepus castroviejoi,Lepus_castroviejoi,Lagomorpha,Leporidae,2822.41,3.4506,1.95,Y,NA,NA,NA,NA,NA,Y,herbivore,herbivore,0.0,0.0,0.0,0.0,N
Lepus comus,Lepus_comus,Lagomorpha,Leporidae,2242.055,3.3506,2.75,Y,NA,NA,NA,NA,NA,Y,herbivore,herbivore,0.0,0.0,0.0,0.0,N
Lepus corsicanus,Lepus_corsicanus,Lagomorpha,Leporidae,3673.33,3.5651,2.44,N,NA,NA,NA,NA,NA,Y,herbivore,herbivore,0.0,0.0,0.0,0.0,N
Lepus europaeus,Lepus_europaeus,Lagomorpha,Leporidae,3673.33,3.5651,2.44,Y,123.0,300.12,0.0817,2.0899,-1.0878,Y,herbivore,herbivore,0.0,0.0,0.0,0.0,N
Lepus flavigularis,Lepus_flavigularis,Lagomorpha,Leporidae,2608.16,3.4163,2.34,N,NA,NA,NA,NA,NA,Y,herbivore,herbivore,0.0,0.0,0.0,0.0,N
Lepus granatensis,Lepus_granatensis,Lagomorpha,Leporidae,2323.94,3.3662,2.44,Y,NA,NA,NA,NA,NA,Y,herbivore,herbivore,0.0,0.0,0.0,0.0,N
Lepus habessinicus,Lepus_habessinicus,Lagomorpha,Leporidae,2047.11,3.3111,2.51,N,NA,NA,NA,NA,NA,Y,herbivore,herbivore,0.0,0.0,0.0,0.0,Y
Lepus insularis,Lepus_insularis,Lagomorpha,Leporidae,1900.0,3.2788,3.5,N,NA,NA,NA,NA,NA,Y,herbivore,herbivore,0.0,0.0,0.0,0.0,N
Lepus mandshuricus,Lepus_mandshuricus,Lagomorpha,Leporidae,2176.75,3.3378,2.26,Y,NA,NA,NA,NA,NA,Y,herbivore,herbivore,0.0,0.0,0.0,0.0,N
Lepus nigricollis,Lepus_nigricollis,Lagomorpha,Leporidae,2196.875,3.3418,1.59,Y,NA,NA,NA,NA,NA,Y,herbivore,herbivore,0.0,0.0,0.0,0.0,N
Lepus oiostolus,Lepus_oiostolus,Lagomorpha,Leporidae,2468.55,3.3924,3.06,Y,NA,NA,NA,NA,NA,Y,herbivore,herbivore,0.0,0.0,0.0,0.0,N
Lepus othus,Lepus_othus,Lagomorpha,Leporidae,3067.925,3.4868,3.96,Y,102.46,405.742,0.1323,2.0106,-0.8786,Y,herbivore,herbivore,0.0,0.0,0.0,0.0,N
Lepus saxatilis,Lepus_saxatilis,Lagomorpha,Leporidae,2686.0,3.4291,2.14,Y,98.0,209.72,0.0781,1.9912,-1.1075,Y,herbivore,herbivore,0.0,0.0,0.0,0.0,N
Lepus starcki,Lepus_starcki,Lagomorpha,Leporidae,2358.0,3.3725,2.51,N,NA,NA,NA,NA,NA,Y,herbivore,herbivore,0.0,0.0,0.0,0.0,N
Lepus tibetanus,Lepus_tibetanus,Lagomorpha,Leporidae,2078.555,3.3178,2.755,N,NA,NA,NA,NA,NA,Y,herbivore,herbivore,0.0,0.0,0.0,0.0,Y
Lepus timidus,Lepus_timidus,Lagomorpha,Leporidae,3027.715,3.4811,3.16,Y,113.49,358.628,0.1184,2.055,-0.9265,Y,herbivore,herbivore,0.0,0.0,0.0,0.0,N
Lepus tolai,Lepus_tolai,Lagomorpha,Leporidae,2078.555,3.3178,2.755,Y,NA,NA,NA,NA,NA,Y,herbivore,herbivore,0.0,0.0,0.0,0.0,N
Lepus townsendii,Lepus_townsendii,Lagomorpha,Leporidae,2620.0,3.4183,4.405,Y,89.99,396.406,0.1513,1.9542,-0.8202,Y,herbivore,herbivore,0.0,0.0,0.0,0.0,N
Lepus victoriae,Lepus_victoriae,Lagomorpha,Leporidae,1763.61,3.2464,1.56,Y,NA,NA,NA,NA,NA,Y,herbivore,herbivore,0.0,0.0,0.0,0.0,N
Lepus yarkandensis,Lepus_yarkandensis,Lagomorpha,Leporidae,1460.41,3.1645,3.9,Y,NA,NA,NA,NA,NA,Y,herbivore,herbivore,0.0,0.0,0.0,0.0,N
Oryctolagus cuniculus,Oryctolagus_cuniculus,Lagomorpha,Leporidae,1900.0,3.2788,5.24,Y,39.11,204.936,0.1079,1.5923,-0.9671,Y,herbivore,herbivore,0.0,0.0,0.0,0.0,N
Pentalagus furnessi,Pentalagus_furnessi,Lagomorpha,Leporidae,2295.21,3.3608,2.44,Y,NA,NA,NA,NA,NA,Y,herbivore,herbivore,0.0,0.0,0.0,0.0,N
Poelagus marjorita,Poelagus_marjorita,Lagomorpha,Leporidae,2504.85,3.3988,1.345,Y,NA,NA,NA,NA,NA,Y,herbivore,herbivore,0.0,0.0,0.0,0.0,N
Pronolagus crassicaudatus,Pronolagus_crassicaudatus,Lagomorpha,Leporidae,2180.135,3.3385,1.5,Y,NA,NA,NA,NA,NA,Y,herbivore,herbivore,0.0,0.0,0.0,0.0,N
Pronolagus randensis,Pronolagus_randensis,Lagomorpha,Leporidae,2395.87,3.3795,1.3,Y,NA,NA,NA,NA,NA,Y,herbivore,herbivore,0.0,0.0,0.0,0.0,N
Pronolagus rupestris,Pronolagus_rupestris,Lagomorpha,Leporidae,2097.495,3.3217,1.75,Y,NA,NA,NA,NA,NA,Y,herbivore,herbivore,0.0,0.0,0.0,0.0,N
Pronolagus saundersiae,Pronolagus_saundersiae,Lagomorpha,Leporidae,1620.0,3.2095,1.75,N,NA,NA,NA,NA,NA,Y,herbivore,herbivore,NA,NA,NA,NA,NA
Romerolagus diazi,Romerolagus_diazi,Lagomorpha,Leporidae,480.04,2.6813,2.14,Y,25.86,55.34,0.1153,1.4126,-0.9382,Y,herbivore,herbivore,0.0,0.0,0.0,0.0,N
Sylvilagus aquaticus,Sylvilagus_aquaticus,Lagomorpha,Leporidae,2127.005,3.3278,3.07,Y,55.7,170.999,0.0804,1.7459,-1.0948,Y,herbivore,herbivore,0.0,0.0,0.0,0.0,N
Sylvilagus audubonii,Sylvilagus_audubonii,Lagomorpha,Leporidae,791.29,2.8983,3.0,Y,34.36,103.08,0.1303,1.5361,-0.8852,Y,herbivore,herbivore,0.0,0.0,0.0,0.0,N
Sylvilagus bachmani,Sylvilagus_bachmani,Lagomorpha,Leporidae,711.1,2.8519,3.495,Y,27.25,95.239,0.1339,1.4354,-0.8731,Y,herbivore,herbivore,0.0,0.0,0.0,0.0,N
Sylvilagus brasiliensis,Sylvilagus_brasiliensis,Lagomorpha,Leporidae,968.37,2.986,2.55,Y,NA,NA,NA,NA,NA,Y,herbivore,herbivore,0.0,0.0,0.0,0.0,N
Sylvilagus cognatus,Sylvilagus_cognatus,Lagomorpha,Leporidae,1207.19,3.0818,5.0,N,NA,NA,NA,NA,NA,Y,herbivore,herbivore,0.0,0.0,0.0,0.0,Y
Sylvilagus cunicularius,Sylvilagus_cunicularius,Lagomorpha,Leporidae,2489.54,3.3961,3.71,Y,NA,NA,NA,NA,NA,Y,herbivore,herbivore,0.0,0.0,0.0,0.0,N
Sylvilagus dicei,Sylvilagus_dicei,Lagomorpha,Leporidae,986.74,2.9942,3.2,Y,NA,NA,NA,NA,NA,Y,herbivore,herbivore,0.0,0.0,0.0,0.0,N
Sylvilagus floridanus,Sylvilagus_floridanus,Lagomorpha,Leporidae,1178.595,3.0714,5.0,Y,34.15,170.75,0.1449,1.5334,-0.839,Y,herbivore,herbivore,0.0,0.0,0.0,0.0,N
Sylvilagus mansuetus,Sylvilagus_mansuetus,Lagomorpha,Leporidae,707.67,2.8498,3.495,N,NA,NA,NA,NA,NA,Y,herbivore,herbivore,0.0,0.0,0.0,0.0,N
Sylvilagus nuttallii,Sylvilagus_nuttallii,Lagomorpha,Leporidae,760.0,2.8808,3.63,Y,NA,NA,NA,NA,NA,Y,herbivore,herbivore,0.0,0.0,0.0,0.0,N
Sylvilagus palustris,Sylvilagus_palustris,Lagomorpha,Leporidae,1233.0,3.091,2.34,Y,NA,NA,NA,NA,NA,Y,herbivore,herbivore,0.0,0.0,0.0,0.0,N
Sylvilagus robustus,Sylvilagus_robustus,Lagomorpha,Leporidae,1207.19,3.0818,5.0,N,NA,NA,NA,NA,NA,Y,herbivore,herbivore,0.0,0.0,0.0,0.0,Y
Sylvilagus transitionalis,Sylvilagus_transitionalis,Lagomorpha,Leporidae,1150.0,3.0607,4.775,Y,NA,NA,NA,NA,NA,Y,herbivore,herbivore,0.0,0.0,0.0,0.0,N
Ochotona alpina,Ochotona_alpina,Lagomorpha,Ochotonidae,150.0,2.1761,3.425,Y,8.19,28.051,0.187,0.9133,-0.7281,Y,herbivore,herbivore,0.0,0.0,0.0,0.0,N
Ochotona argentata,Ochotona_argentata,Lagomorpha,Ochotonidae,150.0,2.1761,4.69,N,NA,NA,NA,NA,NA,Y,herbivore,herbivore,0.0,0.0,0.0,0.0,Y
Ochotona cansus,Ochotona_cansus,Lagomorpha,Ochotonidae,68.75,1.8373,3.29,Y,NA,NA,NA,NA,NA,Y,herbivore,herbivore,0.0,0.0,0.0,0.0,N
Ochotona collaris,Ochotona_collaris,Lagomorpha,Ochotonidae,129.0,2.1106,3.565,Y,NA,NA,NA,NA,NA,Y,herbivore,herbivore,0.0,0.0,0.0,0.0,N
Ochotona coreana,Ochotona_coreana,Lagomorpha,Ochotonidae,135.0,2.1303,3.07,N,NA,NA,NA,NA,NA,Y,herbivore,herbivore,NA,NA,NA,NA,NA
Ochotona curzoniae,Ochotona_curzoniae,Lagomorpha,Ochotonidae,129.505,2.1123,5.15,Y,11.2,57.68,0.4454,1.0492,-0.3513,Y,herbivore,herbivore,0.0,0.0,0.0,0.0,N
Ochotona dauurica,Ochotona_dauurica,Lagomorpha,Ochotonidae,128.0,2.1072,6.205,Y,NA,NA,NA,NA,NA,Y,herbivore,herbivore,0.0,0.0,0.0,0.0,N
Ochotona erythrotis,Ochotona_erythrotis,Lagomorpha,Ochotonidae,336.26,2.5267,4.1,N,NA,NA,NA,NA,NA,Y,herbivore,herbivore,0.0,0.0,0.0,0.0,N
Ochotona forresti,Ochotona_forresti,Lagomorpha,Ochotonidae,139.545,2.1447,5.705,N,NA,NA,NA,NA,NA,Y,herbivore,herbivore,0.0,0.0,0.0,0.0,N
Ochotona gloveri,Ochotona_gloveri,Lagomorpha,Ochotonidae,336.26,2.5267,4.1,N,NA,NA,NA,NA,NA,Y,herbivore,herbivore,0.0,0.0,0.0,0.0,N
Ochotona hoffmanni,Ochotona_hoffmanni,Lagomorpha,Ochotonidae,150.0,2.1761,3.425,N,NA,NA,NA,NA,NA,Y,herbivore,herbivore,0.0,0.0,0.0,0.0,Y
Ochotona hyperborea,Ochotona_hyperborea,Lagomorpha,Ochotonidae,135.0,2.1303,3.07,Y,9.59,29.441,0.2181,0.9818,-0.6614,Y,herbivore,herbivore,0.0,0.0,0.0,0.0,N
Ochotona koslowi,Ochotona_koslowi,Lagomorpha,Ochotonidae,388.57,2.5895,1.0,Y,NA,NA,NA,NA,NA,Y,herbivore,herbivore,0.0,0.0,0.0,0.0,N
Ochotona macrotis,Ochotona_macrotis,Lagomorpha,Ochotonidae,185.875,2.2692,3.26,Y,NA,NA,NA,NA,NA,Y,herbivore,herbivore,0.0,0.0,0.0,0.0,N
Ochotona mantchurica,Ochotona_mantchurica,Lagomorpha,Ochotonidae,135.0,2.1303,3.07,N,NA,NA,NA,NA,NA,Y,herbivore,herbivore,NA,NA,NA,NA,NA
Ochotona nubrica,Ochotona_nubrica,Lagomorpha,Ochotonidae,121.275,2.0838,8.41,N,NA,NA,NA,NA,NA,Y,herbivore,herbivore,0.0,0.0,0.0,0.0,N
Ochotona opaca,Ochotona_opaca,Lagomorpha,Ochotonidae,190.0,2.2788,6.525,N,NA,NA,NA,NA,NA,Y,herbivore,herbivore,NA,NA,NA,NA,NA
Ochotona pallasii,Ochotona_pallasii,Lagomorpha,Ochotonidae,190.0,2.2788,6.525,Y,7.0,45.675,0.2404,0.8451,-0.6191,Y,herbivore,herbivore,0.0,0.0,0.0,0.0,N
Ochotona princeps,Ochotona_princeps,Lagomorpha,Ochotonidae,140.2,2.1467,3.0,Y,11.0,33.0,0.2354,1.0414,-0.6282,Y,herbivore,herbivore,0.0,0.0,0.0,0.0,N
Ochotona pusilla,Ochotona_pusilla,Lagomorpha,Ochotonidae,142.5,2.1538,8.5,Y,6.74,57.29,0.402,0.8287,-0.3957,Y,herbivore,herbivore,0.0,0.0,0.0,0.0,N
Ochotona roylei,Ochotona_roylei,Lagomorpha,Ochotonidae,160.2,2.2047,3.21,Y,7.0,22.47,0.1403,0.8451,-0.8531,Y,herbivore,herbivore,0.0,0.0,0.0,0.0,N
Ochotona rufescens,Ochotona_rufescens,Lagomorpha,Ochotonidae,250.0,2.3979,5.9,Y,11.4,67.26,0.269,1.0569,-0.5702,Y,herbivore,herbivore,0.0,0.0,0.0,0.0,N
Ochotona rutila,Ochotona_rutila,Lagomorpha,Ochotonidae,260.07,2.4151,4.1,Y,NA,NA,NA,NA,NA,Y,herbivore,herbivore,0.0,0.0,0.0,0.0,N
Ochotona syrinx,Ochotona_syrinx,Lagomorpha,Ochotonidae,105.33,2.0226,2.93,N,NA,NA,NA,NA,NA,Y,herbivore,herbivore,NA,NA,NA,NA,NA
Ochotona thibetana,Ochotona_thibetana,Lagomorpha,Ochotonidae,83.1,1.9196,2.93,Y,NA,NA,NA,NA,NA,Y,herbivore,herbivore,0.0,0.0,0.0,0.0,N
Ochotona turuchanensis,Ochotona_turuchanensis,Lagomorpha,Ochotonidae,135.0,2.1303,3.07,N,NA,NA,NA,NA,NA,Y,herbivore,herbivore,0.0,0.0,0.0,0.0,Y
Elephantulus brachyrhynchus,Elephantulus_brachyrhynchus,Macroscelidea,Macroscelididae,45.11,1.6543,1.645,Y,NA,NA,NA,NA,NA,Y,omnivore,omnivore,100.0,100.0,0.0,0.0,N
Elephantulus edwardii,Elephantulus_edwardii,Macroscelidea,Macroscelididae,49.85,1.6977,1.8,Y,11.9,21.42,0.4297,1.0755,-0.3668,Y,omnivore,omnivore,100.0,100.0,0.0,0.0,N
Elephantulus fuscipes,Elephantulus_fuscipes,Macroscelidea,Macroscelididae,57.0,1.7559,0.96,Y,NA,NA,NA,NA,NA,Y,omnivore,omnivore,100.0,100.0,0.0,0.0,N
Elephantulus fuscus,Elephantulus_fuscus,Macroscelidea,Macroscelididae,52.56,1.7207,1.195,Y,NA,NA,NA,NA,NA,Y,omnivore,omnivore,100.0,100.0,0.0,0.0,N
Elephantulus intufi,Elephantulus_intufi,Macroscelidea,Macroscelididae,48.9,1.6893,1.6,Y,10.0,16.0,0.3272,1.0,-0.4852,Y,omnivore,omnivore,100.0,100.0,0.0,0.0,N
Elephantulus myurus,Elephantulus_myurus,Macroscelidea,Macroscelididae,61.985,1.7923,1.84,Y,8.1,14.904,0.2404,0.9085,-0.619,Y,omnivore,omnivore,100.0,100.0,0.0,0.0,N
Elephantulus rozeti,Elephantulus_rozeti,Macroscelidea,Macroscelididae,48.0,1.6812,2.5,Y,NA,NA,NA,NA,NA,Y,omnivore,omnivore,100.0,100.0,0.0,0.0,N
Elephantulus rufescens,Elephantulus_rufescens,Macroscelidea,Macroscelididae,55.5,1.7443,1.41,Y,10.29,14.509,0.2614,1.0124,-0.5827,Y,omnivore,omnivore,100.0,100.0,0.0,0.0,N
Elephantulus rupestris,Elephantulus_rupestris,Macroscelidea,Macroscelididae,62.78,1.7978,1.84,Y,NA,NA,NA,NA,NA,Y,omnivore,omnivore,100.0,100.0,0.0,0.0,N
Macroscelides flavicaudatus,Macroscelides_flavicaudatus,Macroscelidea,Macroscelididae,39.5,1.5966,1.6,N,NA,NA,NA,NA,NA,Y,omnivore,omnivore,NA,NA,NA,NA,NA
Macroscelides proboscideus,Macroscelides_proboscideus,Macroscelidea,Macroscelididae,39.5,1.5966,1.6,Y,NA,NA,NA,NA,NA,Y,omnivore,omnivore,80.0,80.0,0.0,10.0,N
Petrodromus tetradactylus,Petrodromus_tetradactylus,Macroscelidea,Macroscelididae,208.0,2.3181,1.17,Y,30.95,36.211,0.1741,1.4907,-0.7592,Y,carnivore,carnivore_invertebrate,100.0,100.0,0.0,0.0,N
Rhynchocyon chrysopygus,Rhynchocyon_chrysopygus,Macroscelidea,Macroscelididae,537.6,2.7305,1.0,Y,80.0,80.0,0.1488,1.9031,-0.8274,Y,carnivore,carnivore_invertebrate,100.0,100.0,0.0,0.0,N
Rhynchocyon cirnei,Rhynchocyon_cirnei,Macroscelidea,Macroscelididae,424.92,2.6283,1.93,Y,NA,NA,NA,NA,NA,Y,carnivore,carnivore_invertebrate,100.0,100.0,0.0,0.0,N
Rhynchocyon petersi,Rhynchocyon_petersi,Macroscelidea,Macroscelididae,423.99,2.6274,1.93,Y,NA,NA,NA,NA,NA,Y,carnivore,carnivore_invertebrate,100.0,100.0,0.0,0.0,N
Dromiciops gliroides,Dromiciops_gliroides,Microbiotheria,Microbiotheriidae,27.5,1.4393,3.0,Y,NA,NA,NA,NA,NA,N,carnivore,carnivore_invertebrate,100.0,100.0,0.0,0.0,N
Ornithorhynchus anatinus,Ornithorhynchus_anatinus,Monotremata,Ornithorhynchidae,1225.0,3.0881,2.0,Y,NA,NA,NA,NA,NA,N,carnivore,carnivore_invertebrate,100.0,80.0,20.0,0.0,N
Tachyglossus aculeatus,Tachyglossus_aculeatus,Monotremata,Tachyglossidae,3169.5,3.501,1.0,Y,0.37,0.37,0.0001,-0.4318,-3.9328,N,carnivore,carnivore_invertebrate,100.0,100.0,0.0,0.0,N
Zaglossus bartoni,Zaglossus_bartoni,Monotremata,Tachyglossidae,8951.71,3.9519,1.0,N,NA,NA,NA,NA,NA,N,carnivore,carnivore_invertebrate,100.0,100.0,0.0,0.0,Y
Zaglossus bruijnii,Zaglossus_bruijnii,Monotremata,Tachyglossidae,10000.0,4.0,1.0,Y,NA,NA,NA,NA,NA,N,carnivore,carnivore_invertebrate,100.0,100.0,0.0,0.0,N
Notoryctes caurinus,Notoryctes_caurinus,Notoryctemorphia,Notoryctidae,34.0,1.5315,1.5,N,NA,NA,NA,NA,NA,N,omnivore,omnivore,90.0,90.0,0.0,0.0,N
Notoryctes typhlops,Notoryctes_typhlops,Notoryctemorphia,Notoryctidae,55.0,1.7404,1.5,Y,NA,NA,NA,NA,NA,N,carnivore,carnivore_invertebrate,90.0,90.0,0.0,0.0,N
Caenolestes caniventer,Caenolestes_caniventer,Paucituberculata,Caenolestidae,40.0,1.6021,2.0,Y,NA,NA,NA,NA,NA,N,omnivore,omnivore,80.0,70.0,10.0,10.0,N
Caenolestes fuliginosus,Caenolestes_fuliginosus,Paucituberculata,Caenolestidae,31.32,1.4958,3.81,Y,NA,NA,NA,NA,NA,N,carnivore,carnivore_invertebrate,80.0,70.0,10.0,10.0,N
Rhyncholestes raphanurus,Rhyncholestes_raphanurus,Paucituberculata,Caenolestidae,21.22,1.3267,6.0,N,NA,NA,NA,NA,NA,N,omnivore,omnivore,80.0,80.0,0.0,0.0,N
Chaeropus ecaudatus,Chaeropus_ecaudatus,Peramelemorphia,Chaeropodidae,209.755,2.3217,1.41,Y,NA,NA,NA,NA,NA,N,omnivore,omnivore,NA,NA,NA,NA,NA
Echymipera clara,Echymipera_clara,Peramelemorphia,Peramelidae,1204.61,3.0808,2.2,Y,NA,NA,NA,NA,NA,N,herbivore,herbivore,60.0,60.0,0.0,40.0,N
Echymipera kalubu,Echymipera_kalubu,Peramelemorphia,Peramelidae,737.58,2.8678,2.085,Y,NA,NA,NA,NA,NA,N,omnivore,omnivore,60.0,60.0,0.0,40.0,N
Echymipera rufescens,Echymipera_rufescens,Peramelemorphia,Peramelidae,1150.74,3.061,2.2,Y,NA,NA,NA,NA,NA,N,omnivore,omnivore,60.0,60.0,0.0,40.0,N
Isoodon auratus,Isoodon_auratus,Peramelemorphia,Peramelidae,467.5,2.6698,2.6,Y,NA,NA,NA,NA,NA,N,carnivore,carnivore_invertebrate,100.0,100.0,0.0,0.0,N
Isoodon macrourus,Isoodon_macrourus,Peramelemorphia,Peramelidae,1551.0,3.1906,3.565,Y,0.17,0.606,0.0004,-0.7696,-3.4081,N,omnivore,omnivore,100.0,100.0,0.0,0.0,N
Isoodon obesulus,Isoodon_obesulus,Peramelemorphia,Peramelidae,717.0,2.8555,2.53,Y,0.34,0.86,0.0012,-0.4685,-2.9209,N,carnivore,carnivore_invertebrate,100.0,100.0,0.0,0.0,N
Microperoryctes longicauda,Microperoryctes_longicauda,Peramelemorphia,Peramelidae,542.07,2.7341,3.0,Y,NA,NA,NA,NA,NA,N,omnivore,omnivore,70.0,60.0,10.0,0.0,N
Microperoryctes papuensis,Microperoryctes_papuensis,Peramelemorphia,Peramelidae,158.0,2.1987,1.01,Y,NA,NA,NA,NA,NA,N,omnivore,omnivore,70.0,60.0,10.0,0.0,N
Perameles bougainville,Perameles_bougainville,Peramelemorphia,Peramelidae,226.0,2.3541,1.8,Y,NA,NA,NA,NA,NA,N,omnivore,omnivore,90.0,70.0,20.0,0.0,N
Perameles eremiana,Perameles_eremiana,Peramelemorphia,Peramelidae,499.99,2.699,2.0,Y,NA,NA,NA,NA,NA,N,omnivore,omnivore,90.0,70.0,20.0,0.0,N
Perameles gunnii,Perameles_gunnii,Peramelemorphia,Peramelidae,801.5,2.9039,2.155,Y,0.22,0.474,0.0006,-0.6576,-3.228,N,omnivore,omnivore,90.0,70.0,20.0,0.0,N
Perameles nasuta,Perameles_nasuta,Peramelemorphia,Peramelidae,720.26,2.8575,2.565,Y,0.23,0.59,0.0008,-0.6383,-3.0867,N,omnivore,omnivore,90.0,70.0,20.0,0.0,N
Peroryctes broadbenti,Peroryctes_broadbenti,Peramelemorphia,Peramelidae,4800.0,3.6812,1.76,Y,NA,NA,NA,NA,NA,N,herbivore,herbivore,60.0,60.0,0.0,40.0,N
Peroryctes raffrayana,Peroryctes_raffrayana,Peramelemorphia,Peramelidae,790.315,2.8978,1.635,Y,NA,NA,NA,NA,NA,N,herbivore,herbivore,60.0,60.0,0.0,40.0,N
Macrotis lagotis,Macrotis_lagotis,Peramelemorphia,Thylacomyidae,1269.75,3.1037,1.75,Y,NA,NA,NA,NA,NA,N,herbivore,herbivore,90.0,70.0,20.0,0.0,N
Macrotis leucura,Macrotis_leucura,Peramelemorphia,Thylacomyidae,359.085,2.5552,2.0,Y,NA,NA,NA,NA,NA,N,omnivore,omnivore,90.0,70.0,20.0,0.0,N
Equus africanus,Equus_africanus,Perissodactyla,Equidae,171249.245,5.2336,1.0,Y,29249.99,29249.99,0.1708,4.4661,-0.7675,Y,herbivore,herbivore,0.0,0.0,0.0,0.0,N
Equus ferus,Equus_ferus,Perissodactyla,Equidae,250000.0,5.3979,1.0,Y,37899.99,37899.99,0.1516,4.5786,-0.8193,Y,herbivore,herbivore,0.0,0.0,0.0,0.0,N
Equus grevyi,Equus_grevyi,Perissodactyla,Equidae,384000.0,5.5843,1.0,Y,39999.99,39999.99,0.1042,4.6021,-0.9823,Y,herbivore,herbivore,0.0,0.0,0.0,0.0,N
Equus hemionus,Equus_hemionus,Perissodactyla,Equidae,230000.0,5.3617,1.0,Y,NA,NA,NA,NA,NA,Y,herbivore,herbivore,0.0,0.0,0.0,0.0,N
Equus kiang,Equus_kiang,Perissodactyla,Equidae,262500.0,5.4191,1.0,N,NA,NA,NA,NA,NA,Y,herbivore,herbivore,0.0,0.0,0.0,0.0,N
Equus quagga,Equus_quagga,Perissodactyla,Equidae,290000.0,5.4624,1.0,N,NA,NA,NA,NA,NA,Y,herbivore,herbivore,0.0,0.0,0.0,0.0,N
Equus zebra,Equus_zebra,Perissodactyla,Equidae,296000.0,5.4713,1.0,Y,29496.68,29496.68,0.0997,4.4698,-1.0015,Y,herbivore,herbivore,0.0,0.0,0.0,0.0,N
Ceratotherium simum,Ceratotherium_simum,Perissodactyla,Rhinocerotidae,2230000.0,6.3483,1.0,Y,48500.0,48500.0,0.0217,4.6857,-1.6626,Y,herbivore,herbivore,0.0,0.0,0.0,0.0,N
Dicerorhinus sumatrensis,Dicerorhinus_sumatrensis,Perissodactyla,Rhinocerotidae,1260000.0,6.1004,1.0,Y,22849.5,22849.5,0.0181,4.3589,-1.7415,Y,herbivore,herbivore,0.0,0.0,0.0,50.0,N
Diceros bicornis,Diceros_bicornis,Perissodactyla,Rhinocerotidae,995940.54,5.9982,1.0,Y,34999.99,34999.99,0.0351,4.5441,-1.4542,Y,herbivore,herbivore,0.0,0.0,0.0,0.0,N
Rhinoceros sondaicus,Rhinoceros_sondaicus,Perissodactyla,Rhinocerotidae,1750000.0,6.243,1.0,Y,NA,NA,NA,NA,NA,Y,herbivore,herbivore,0.0,0.0,0.0,30.0,N
Rhinoceros unicornis,Rhinoceros_unicornis,Perissodactyla,Rhinocerotidae,1600000.0,6.2041,1.0,Y,61326.59,61326.59,0.0383,4.7876,-1.4165,Y,herbivore,herbivore,0.0,0.0,0.0,20.0,N
Tapirus bairdii,Tapirus_bairdii,Perissodactyla,Tapiridae,300000.0,5.4771,1.0,Y,NA,NA,NA,NA,NA,Y,herbivore,herbivore,0.0,0.0,0.0,0.0,N
Tapirus indicus,Tapirus_indicus,Perissodactyla,Tapiridae,296250.0,5.4717,1.0,Y,6848.35,6848.35,0.0231,3.8356,-1.6361,Y,herbivore,herbivore,0.0,0.0,0.0,0.0,N
Tapirus pinchaque,Tapirus_pinchaque,Perissodactyla,Tapiridae,148950.0,5.173,1.0,Y,4720.0,4720.0,0.0317,3.6739,-1.4991,Y,herbivore,herbivore,0.0,0.0,0.0,0.0,N
Tapirus terrestris,Tapirus_terrestris,Perissodactyla,Tapiridae,225000.0,5.3522,1.0,Y,4507.91,4507.91,0.02,3.654,-1.6982,Y,herbivore,herbivore,0.0,0.0,0.0,0.0,N
Manis crassicaudata,Manis_crassicaudata,Pholidota,Manidae,11963.78,4.0779,1.0,Y,311.12,311.12,0.026,2.4929,-1.5849,Y,carnivore,carnivore_invertebrate,100.0,100.0,0.0,0.0,N
Manis culionensis,Manis_culionensis,Pholidota,Manidae,4540.855,3.6571,1.0,N,NA,NA,NA,NA,NA,Y,carnivore,carnivore_invertebrate,100.0,100.0,0.0,0.0,Y
Manis javanica,Manis_javanica,Pholidota,Manidae,4540.855,3.6571,1.0,Y,NA,NA,NA,NA,NA,Y,carnivore,carnivore_invertebrate,100.0,100.0,0.0,0.0,N
Manis pentadactyla,Manis_pentadactyla,Pholidota,Manidae,3637.5,3.5608,1.0,Y,88.67,88.67,0.0244,1.9478,-1.613,Y,carnivore,carnivore_invertebrate,100.0,100.0,0.0,0.0,N
Phataginus tetradactyla,Phataginus_tetradactyla,Pholidota,Manidae,2089.99,3.3201,1.05,Y,NA,NA,NA,NA,NA,Y,carnivore,carnivore_invertebrate,100.0,100.0,0.0,0.0,N
Phataginus tricuspis,Phataginus_tricuspis,Pholidota,Manidae,1539.31,3.1873,1.0,Y,109.54,109.54,0.0712,2.0396,-1.1478,Y,carnivore,carnivore_invertebrate,100.0,100.0,0.0,0.0,N
Smutsia temminckii,Smutsia_temminckii,Pholidota,Manidae,9586.87,3.9817,1.0,Y,344.96,344.96,0.036,2.5378,-1.4439,Y,carnivore,carnivore_invertebrate,100.0,100.0,0.0,0.0,N
Bradypus torquatus,Bradypus_torquatus,Pilosa,Bradypodidae,4184.21,3.6216,1.0,Y,NA,NA,NA,NA,NA,Y,herbivore,herbivore,0.0,0.0,0.0,0.0,N
Bradypus tridactylus,Bradypus_tridactylus,Pilosa,Bradypodidae,4072.9,3.6099,1.0,Y,178.66,178.66,0.0439,2.252,-1.3579,Y,herbivore,herbivore,0.0,0.0,0.0,0.0,N
Bradypus variegatus,Bradypus_variegatus,Pilosa,Bradypodidae,3963.18,3.598,1.0,Y,271.81,271.81,0.0686,2.4343,-1.1638,Y,herbivore,herbivore,0.0,0.0,0.0,0.0,N
Cyclopes didactylus,Cyclopes_didactylus,Pilosa,Cyclopedidae,251.975,2.4014,1.0,Y,NA,NA,NA,NA,NA,Y,carnivore,carnivore_invertebrate,100.0,100.0,0.0,0.0,N
Choloepus didactylus,Choloepus_didactylus,Pilosa,Megalonychidae,6250.0,3.7959,1.0,Y,364.0,364.0,0.0582,2.5611,-1.2348,Y,herbivore,herbivore,0.0,0.0,0.0,30.0,N
Choloepus hoffmanni,Choloepus_hoffmanni,Pilosa,Megalonychidae,4250.0,3.6284,1.0,Y,373.0,373.0,0.0878,2.5717,-1.0567,Y,herbivore,herbivore,0.0,0.0,0.0,30.0,N
Myrmecophaga tridactyla,Myrmecophaga_tridactyla,Pilosa,Myrmecophagidae,29531.83,4.4703,1.0,Y,1500.0,1500.0,0.0508,3.1761,-1.2942,Y,carnivore,carnivore_invertebrate,100.0,100.0,0.0,0.0,N
Tamandua mexicana,Tamandua_mexicana,Pilosa,Myrmecophagidae,4194.255,3.6227,1.0,N,NA,NA,NA,NA,NA,Y,carnivore,carnivore_invertebrate,100.0,100.0,0.0,0.0,N
Tamandua tetradactyla,Tamandua_tetradactyla,Pilosa,Myrmecophagidae,4500.0,3.6532,1.0,Y,NA,NA,NA,NA,NA,Y,carnivore,carnivore_invertebrate,100.0,100.0,0.0,0.0,N
Aotus azarae,Aotus_azarae,Primates,Aotidae,1230.0,3.0899,1.0,Y,NA,NA,NA,NA,NA,Y,omnivore,omnivore,30.0,20.0,10.0,20.0,N
Aotus brumbacki,Aotus_brumbacki,Primates,Aotidae,800.0,2.9031,1.0,N,NA,NA,NA,NA,NA,Y,omnivore,omnivore,NA,NA,NA,NA,NA
Aotus griseimembra,Aotus_griseimembra,Primates,Aotidae,966.0,2.985,1.0,N,NA,NA,NA,NA,NA,Y,omnivore,omnivore,NA,NA,NA,NA,NA
Aotus lemurinus,Aotus_lemurinus,Primates,Aotidae,837.0,2.9227,1.0,Y,97.47,97.47,0.1165,1.9889,-0.9339,Y,omnivore,omnivore,30.0,20.0,10.0,20.0,N
Aotus nancymaae,Aotus_nancymaae,Primates,Aotidae,791.03,2.8982,1.02,Y,NA,NA,NA,NA,NA,Y,omnivore,omnivore,30.0,20.0,10.0,20.0,N
Aotus trivirgatus,Aotus_trivirgatus,Primates,Aotidae,872.98,2.941,1.06,Y,96.49,102.279,0.1172,1.9845,-0.9312,Y,omnivore,omnivore,30.0,20.0,10.0,20.0,N
Aotus vociferans,Aotus_vociferans,Primates,Aotidae,872.995,2.941,1.02,Y,NA,NA,NA,NA,NA,Y,omnivore,omnivore,30.0,20.0,10.0,20.0,N
Aotus zonalis,Aotus_zonalis,Primates,Aotidae,902.5,2.9554,1.0,N,NA,NA,NA,NA,NA,Y,omnivore,omnivore,NA,NA,NA,NA,NA
Alouatta arctoidea,Alouatta_arctoidea,Primates,Atelidae,5390.0,3.7316,1.2,N,NA,NA,NA,NA,NA,Y,herbivore,herbivore,NA,NA,NA,NA,NA
Alouatta caraya,Alouatta_caraya,Primates,Atelidae,5462.5,3.7374,1.0,Y,260.6,260.6,0.0477,2.416,-1.3214,Y,herbivore,herbivore,0.0,0.0,0.0,40.0,N
Alouatta macconnelli,Alouatta_macconnelli,Primates,Atelidae,6398.31,3.8061,1.2,N,NA,NA,NA,NA,NA,Y,herbivore,herbivore,0.0,0.0,0.0,40.0,Y
Alouatta palliata,Alouatta_palliata,Primates,Atelidae,5659.14,3.7528,1.0,Y,318.29,318.29,0.0562,2.5028,-1.2499,Y,herbivore,herbivore,0.0,0.0,0.0,40.0,N
Alouatta pigra,Alouatta_pigra,Primates,Atelidae,9386.03,3.9725,1.005,Y,480.0,482.4,0.0514,2.6812,-1.2891,Y,herbivore,herbivore,0.0,0.0,0.0,40.0,N
Alouatta sara,Alouatta_sara,Primates,Atelidae,6470.755,3.811,1.2,N,NA,NA,NA,NA,NA,Y,herbivore,herbivore,0.0,0.0,0.0,40.0,N
Alouatta seniculus,Alouatta_seniculus,Primates,Atelidae,6398.31,3.8061,1.2,Y,293.42,352.104,0.055,2.4675,-1.2594,Y,herbivore,herbivore,0.0,0.0,0.0,40.0,N
Ateles belzebuth,Ateles_belzebuth,Primates,Atelidae,6692.42,3.8256,1.0,Y,NA,NA,NA,NA,NA,Y,herbivore,herbivore,20.0,10.0,10.0,60.0,N
Ateles chamek,Ateles_chamek,Primates,Atelidae,7294.46,3.863,1.0,N,NA,NA,NA,NA,NA,Y,herbivore,herbivore,20.0,10.0,10.0,60.0,N
Ateles fusciceps,Ateles_fusciceps,Primates,Atelidae,7267.5,3.8614,1.0,Y,499.99,499.99,0.0688,2.699,-1.1624,Y,herbivore,herbivore,20.0,10.0,10.0,60.0,N
Ateles geoffroyi,Ateles_geoffroyi,Primates,Atelidae,7267.5,3.8614,1.0,Y,425.85,425.85,0.0586,2.6293,-1.2321,Y,herbivore,herbivore,20.0,10.0,10.0,60.0,N
Ateles hybridus,Ateles_hybridus,Primates,Atelidae,6692.42,3.8256,1.0,N,NA,NA,NA,NA,NA,Y,herbivore,herbivore,20.0,10.0,10.0,60.0,Y
Ateles marginatus,Ateles_marginatus,Primates,Atelidae,6229.28,3.7944,1.0,N,NA,NA,NA,NA,NA,Y,herbivore,herbivore,20.0,10.0,10.0,60.0,N
Ateles paniscus,Ateles_paniscus,Primates,Atelidae,7887.5,3.8969,1.0,Y,478.64,478.64,0.0607,2.68,-1.2169,Y,herbivore,herbivore,20.0,10.0,10.0,60.0,N
Brachyteles arachnoides,Brachyteles_arachnoides,Primates,Atelidae,10839.905,4.035,1.01,Y,NA,NA,NA,NA,NA,Y,herbivore,herbivore,0.0,0.0,0.0,20.0,N
Brachyteles hypoxanthus,Brachyteles_hypoxanthus,Primates,Atelidae,10839.905,4.035,1.01,N,NA,NA,NA,NA,NA,Y,herbivore,herbivore,0.0,0.0,0.0,20.0,N
Callimico goeldii,Callimico_goeldii,Primates,Callitrichidae,556.5,2.7455,1.0,Y,50.5,50.5,0.0907,1.7033,-1.0422,Y,omnivore,omnivore,50.0,40.0,10.0,50.0,N
Callithrix aurita,Callithrix_aurita,Primates,Callitrichidae,272.705,2.4357,2.24,Y,NA,NA,NA,NA,NA,Y,omnivore,omnivore,30.0,20.0,10.0,30.0,N
Callithrix flaviceps,Callithrix_flaviceps,Primates,Callitrichidae,290.21,2.4627,2.12,Y,NA,NA,NA,NA,NA,Y,omnivore,omnivore,30.0,20.0,10.0,30.0,N
Callithrix geoffroyi,Callithrix_geoffroyi,Primates,Callitrichidae,299.605,2.4765,2.24,N,NA,NA,NA,NA,NA,Y,omnivore,omnivore,30.0,20.0,10.0,30.0,N
Callithrix jacchus,Callithrix_jacchus,Primates,Callitrichidae,255.2,2.4069,2.24,Y,27.74,62.138,0.2435,1.4431,-0.6135,Y,omnivore,omnivore,30.0,20.0,10.0,30.0,N
Callithrix kuhlii,Callithrix_kuhlii,Primates,Callitrichidae,307.0,2.4871,2.0,N,NA,NA,NA,NA,NA,Y,omnivore,omnivore,30.0,20.0,10.0,30.0,N
Callithrix penicillata,Callithrix_penicillata,Primates,Callitrichidae,307.0,2.4871,2.0,Y,NA,NA,NA,NA,NA,Y,omnivore,omnivore,30.0,20.0,10.0,30.0,N
Cebuella pygmaea,Cebuella_pygmaea,Primates,Callitrichidae,116.83,2.0676,1.98,Y,14.5,28.71,0.2457,1.1614,-0.6095,Y,omnivore,omnivore,40.0,20.0,20.0,0.0,N
Leontopithecus caissara,Leontopithecus_caissara,Primates,Callitrichidae,629.255,2.7988,1.95,N,NA,NA,NA,NA,NA,Y,omnivore,omnivore,50.0,50.0,0.0,50.0,N
Leontopithecus chrysomelas,Leontopithecus_chrysomelas,Primates,Callitrichidae,582.66,2.7654,1.95,Y,NA,NA,NA,NA,NA,Y,omnivore,omnivore,50.0,50.0,0.0,50.0,N
Leontopithecus chrysopygus,Leontopithecus_chrysopygus,Primates,Callitrichidae,654.5,2.8159,1.95,N,NA,NA,NA,NA,NA,Y,omnivore,omnivore,50.0,50.0,0.0,50.0,N
Leontopithecus rosalia,Leontopithecus_rosalia,Primates,Callitrichidae,623.51,2.7948,1.95,Y,51.89,101.186,0.1623,1.7151,-0.7897,Y,omnivore,omnivore,50.0,50.0,0.0,50.0,N
Mico argentatus,Mico_argentatus,Primates,Callitrichidae,357.25,2.553,1.87,Y,35.8,66.946,0.1874,1.5539,-0.7272,Y,herbivore,herbivore,40.0,20.0,20.0,60.0,N
Mico emiliae,Mico_emiliae,Primates,Callitrichidae,350.225,2.5443,1.87,N,NA,NA,NA,NA,NA,Y,omnivore,omnivore,30.0,20.0,10.0,30.0,Y
Mico humeralifer,Mico_humeralifer,Primates,Callitrichidae,299.605,2.4765,2.24,N,34.5,77.28,0.2579,1.5378,-0.5885,Y,herbivore,herbivore,40.0,20.0,20.0,60.0,N
Mico intermedius,Mico_intermedius,Primates,Callitrichidae,343.2,2.5355,2.0,Y,NA,NA,NA,NA,NA,Y,omnivore,omnivore,50.0,50.0,0.0,30.0,N
Mico leucippe,Mico_leucippe,Primates,Callitrichidae,357.25,2.553,1.87,N,NA,NA,NA,NA,NA,Y,omnivore,omnivore,20.0,20.0,0.0,40.0,N
Mico marcai,Mico_marcai,Primates,Callitrichidae,357.25,2.553,1.87,N,NA,NA,NA,NA,NA,Y,omnivore,omnivore,30.0,20.0,10.0,30.0,Y
Mico melanurus,Mico_melanurus,Primates,Callitrichidae,357.25,2.553,1.87,N,NA,NA,NA,NA,NA,Y,omnivore,omnivore,20.0,20.0,0.0,40.0,N
Mico nigriceps,Mico_nigriceps,Primates,Callitrichidae,401.12,2.6033,2.0,Y,NA,NA,NA,NA,NA,Y,omnivore,omnivore,20.0,20.0,0.0,0.0,N
Saguinus bicolor,Saguinus_bicolor,Primates,Callitrichidae,465.0,2.6675,1.63,Y,NA,NA,NA,NA,NA,Y,omnivore,omnivore,40.0,40.0,0.0,30.0,N
Saguinus geoffroyi,Saguinus_geoffroyi,Primates,Callitrichidae,453.77,2.6568,1.945,Y,47.84,93.049,0.2051,1.6798,-0.6881,Y,omnivore,omnivore,40.0,40.0,0.0,30.0,N
Saguinus imperator,Saguinus_imperator,Primates,Callitrichidae,482.15,2.6832,2.0,N,46.55,93.1,0.1931,1.6679,-0.7142,Y,omnivore,omnivore,40.0,40.0,0.0,30.0,N
Saguinus labiatus,Saguinus_labiatus,Primates,Callitrichidae,501.33,2.7001,1.9,Y,40.67,77.273,0.1541,1.6093,-0.8121,Y,omnivore,omnivore,40.0,40.0,0.0,30.0,N
Saguinus leucopus,Saguinus_leucopus,Primates,Callitrichidae,490.0,2.6902,2.0,Y,43.76,87.52,0.1786,1.6411,-0.7481,Y,omnivore,omnivore,40.0,40.0,0.0,30.0,N
Saguinus martinsi,Saguinus_martinsi,Primates,Callitrichidae,465.0,2.6675,1.63,N,NA,NA,NA,NA,NA,Y,omnivore,omnivore,30.0,10.0,20.0,30.0,N
Saguinus midas,Saguinus_midas,Primates,Callitrichidae,547.18,2.7381,2.0,Y,39.78,79.56,0.1454,1.5997,-0.8374,Y,omnivore,omnivore,40.0,40.0,0.0,30.0,N
Saguinus mystax,Saguinus_mystax,Primates,Callitrichidae,543.5,2.7352,1.93,Y,46.65,90.034,0.1657,1.6689,-0.7808,Y,omnivore,omnivore,40.0,40.0,0.0,30.0,N
Saguinus niger,Saguinus_niger,Primates,Callitrichidae,547.18,2.7381,2.0,N,NA,NA,NA,NA,NA,Y,omnivore,omnivore,30.0,10.0,20.0,30.0,N
Saguinus oedipus,Saguinus_oedipus,Primates,Callitrichidae,445.5,2.6488,1.9,Y,41.0,77.9,0.1749,1.6128,-0.7573,Y,omnivore,omnivore,40.0,40.0,0.0,30.0,N
Cebus aequatorialis,Cebus_aequatorialis,Primates,Cebidae,2175.0,3.3375,1.0,N,NA,NA,NA,NA,NA,Y,omnivore,omnivore,NA,NA,NA,NA,NA
Cebus albifrons,Cebus_albifrons,Primates,Cebidae,2488.59,3.396,1.0,Y,231.92,231.92,0.0932,2.3653,-1.0306,Y,omnivore,omnivore,30.0,20.0,10.0,20.0,N
Cebus brunneus,Cebus_brunneus,Primates,Cebidae,2552.5,3.407,1.0,N,NA,NA,NA,NA,NA,Y,omnivore,omnivore,NA,NA,NA,NA,NA
Cebus capucinus,Cebus_capucinus,Primates,Cebidae,2655.0,3.4241,1.0,Y,238.36,238.36,0.0898,2.3772,-1.0468,Y,omnivore,omnivore,30.0,20.0,10.0,20.0,N
Cebus cesarae,Cebus_cesarae,Primates,Cebidae,2488.59,3.396,1.0,N,NA,NA,NA,NA,NA,Y,omnivore,omnivore,NA,NA,NA,NA,NA
Cebus cuscinus,Cebus_cuscinus,Primates,Cebidae,2900.0,3.4624,1.0,N,NA,NA,NA,NA,NA,Y,omnivore,omnivore,NA,NA,NA,NA,NA
Cebus kaapori,Cebus_kaapori,Primates,Cebidae,2670.07,3.4265,1.0,N,NA,NA,NA,NA,NA,Y,omnivore,omnivore,10.0,10.0,0.0,70.0,N
Cebus malitiosus,Cebus_malitiosus,Primates,Cebidae,2488.59,3.396,1.0,N,NA,NA,NA,NA,NA,Y,omnivore,omnivore,NA,NA,NA,NA,NA
Cebus versicolor,Cebus_versicolor,Primates,Cebidae,2488.59,3.396,1.0,N,NA,NA,NA,NA,NA,Y,omnivore,omnivore,NA,NA,NA,NA,NA
Saimiri boliviensis,Saimiri_boliviensis,Primates,Cebidae,799.725,2.9029,1.0,Y,NA,NA,NA,NA,NA,Y,omnivore,omnivore,40.0,20.0,20.0,20.0,N
Saimiri oerstedii,Saimiri_oerstedii,Primates,Cebidae,647.09,2.811,1.005,Y,NA,NA,NA,NA,NA,Y,omnivore,omnivore,40.0,20.0,20.0,20.0,N
Saimiri sciureus,Saimiri_sciureus,Primates,Cebidae,836.7,2.9226,1.0,Y,107.5,107.5,0.1285,2.0314,-0.8912,Y,omnivore,omnivore,40.0,20.0,20.0,20.0,N
Saimiri ustus,Saimiri_ustus,Primates,Cebidae,886.47,2.9477,1.02,Y,NA,NA,NA,NA,NA,Y,omnivore,omnivore,40.0,20.0,20.0,20.0,N
Saimiri vanzolinii,Saimiri_vanzolinii,Primates,Cebidae,799.45,2.9028,1.0,Y,NA,NA,NA,NA,NA,Y,omnivore,omnivore,40.0,20.0,20.0,20.0,N
Sapajus apella,Sapajus_apella,Primates,Cebidae,2642.5,3.422,1.05,Y,231.38,242.949,0.0919,2.3643,-1.0365,Y,omnivore,omnivore,30.0,20.0,10.0,20.0,N
Sapajus cay,Sapajus_cay,Primates,Cebidae,2725.0,3.4354,1.05,N,NA,NA,NA,NA,NA,Y,omnivore,omnivore,NA,NA,NA,NA,NA
Sapajus libidinosus,Sapajus_libidinosus,Primates,Cebidae,2642.5,3.422,1.05,N,NA,NA,NA,NA,NA,Y,omnivore,omnivore,30.0,20.0,10.0,40.0,N
Sapajus nigritus,Sapajus_nigritus,Primates,Cebidae,2642.5,3.422,1.025,Y,NA,NA,NA,NA,NA,Y,omnivore,omnivore,30.0,20.0,10.0,40.0,N
Sapajus robustus,Sapajus_robustus,Primates,Cebidae,3200.0,3.5051,1.025,N,NA,NA,NA,NA,NA,Y,omnivore,omnivore,NA,NA,NA,NA,NA
Sapajus xanthosternos,Sapajus_xanthosternos,Primates,Cebidae,2642.5,3.422,1.05,N,NA,NA,NA,NA,NA,Y,omnivore,omnivore,30.0,20.0,10.0,40.0,N
Allenopithecus nigroviridis,Allenopithecus_nigroviridis,Primates,Cercopithecidae,4690.0,3.6712,1.0,Y,240.71,240.71,0.0513,2.3815,-1.2897,Y,herbivore,herbivore,50.0,50.0,0.0,50.0,N
Allochrocebus lhoesti,Allochrocebus_lhoesti,Primates,Cercopithecidae,4700.0,3.6721,1.0,Y,NA,NA,NA,NA,NA,Y,omnivore,omnivore,10.0,0.0,10.0,50.0,N
Allochrocebus preussi,Allochrocebus_preussi,Primates,Cercopithecidae,4916.285,3.6916,1.0,Y,NA,NA,NA,NA,NA,Y,omnivore,omnivore,10.0,0.0,10.0,50.0,N
Allochrocebus solatus,Allochrocebus_solatus,Primates,Cercopithecidae,4588.455,3.6617,1.005,Y,NA,NA,NA,NA,NA,Y,herbivore,herbivore,10.0,0.0,10.0,50.0,N
Cercocebus agilis,Cercocebus_agilis,Primates,Cercopithecidae,7775.0,3.8907,1.0,N,NA,NA,NA,NA,NA,Y,herbivore,herbivore,30.0,20.0,10.0,70.0,N
Cercocebus atys,Cercocebus_atys,Primates,Cercopithecidae,8778.0,3.9434,1.005,Y,527.17,529.806,0.0604,2.722,-1.2193,Y,omnivore,omnivore,10.0,10.0,0.0,40.0,N
Cercocebus chrysogaster,Cercocebus_chrysogaster,Primates,Cercopithecidae,7775.0,3.8907,1.0,N,NA,NA,NA,NA,NA,Y,omnivore,omnivore,30.0,20.0,10.0,70.0,Y
Cercocebus galeritus,Cercocebus_galeritus,Primates,Cercopithecidae,7066.5,3.8492,1.005,Y,NA,NA,NA,NA,NA,Y,omnivore,omnivore,30.0,20.0,10.0,70.0,N
Cercocebus lunulatus,Cercocebus_lunulatus,Primates,Cercopithecidae,7275.0,3.8618,1.005,N,NA,NA,NA,NA,NA,Y,omnivore,omnivore,NA,NA,NA,NA,NA
Cercocebus sanjei,Cercocebus_sanjei,Primates,Cercopithecidae,7066.5,3.8492,1.005,N,NA,NA,NA,NA,NA,Y,herbivore,herbivore,0.0,0.0,0.0,70.0,N
Cercocebus torquatus,Cercocebus_torquatus,Primates,Cercopithecidae,8789.0,3.9439,1.0,Y,NA,NA,NA,NA,NA,Y,omnivore,omnivore,30.0,20.0,10.0,70.0,N
Cercopithecus ascanius,Cercopithecus_ascanius,Primates,Cercopithecidae,3705.0,3.5688,1.0,Y,371.0,371.0,0.1001,2.5694,-0.9994,Y,omnivore,omnivore,30.0,20.0,10.0,50.0,N
Cercopithecus campbelli,Cercopithecus_campbelli,Primates,Cercopithecidae,3800.0,3.5798,1.0,Y,NA,NA,NA,NA,NA,Y,omnivore,omnivore,30.0,20.0,10.0,50.0,N
Cercopithecus cephus,Cercopithecus_cephus,Primates,Cercopithecidae,3399.94,3.5315,1.0,Y,337.19,337.19,0.0992,2.5279,-1.0036,Y,omnivore,omnivore,30.0,20.0,10.0,50.0,N
Cercopithecus denti,Cercopithecus_denti,Primates,Cercopithecidae,3550.0,3.5502,1.0,Y,NA,NA,NA,NA,NA,Y,omnivore,omnivore,30.0,20.0,10.0,50.0,Y
Cercopithecus diana,Cercopithecus_diana,Primates,Cercopithecidae,4550.0,3.658,1.0,Y,466.9,466.9,0.1026,2.6692,-0.9888,Y,omnivore,omnivore,40.0,30.0,10.0,50.0,N
Cercopithecus dryas,Cercopithecus_dryas,Primates,Cercopithecidae,4454.455,3.6488,1.005,Y,NA,NA,NA,NA,NA,Y,herbivore,herbivore,30.0,20.0,10.0,50.0,N
Cercopithecus erythrogaster,Cercopithecus_erythrogaster,Primates,Cercopithecidae,5256.91,3.7207,1.0,Y,NA,NA,NA,NA,NA,Y,omnivore,omnivore,30.0,20.0,10.0,50.0,N
Cercopithecus erythrotis,Cercopithecus_erythrotis,Primates,Cercopithecidae,3355.0,3.5257,1.0,Y,NA,NA,NA,NA,NA,Y,omnivore,omnivore,30.0,20.0,10.0,50.0,N
Cercopithecus lowei,Cercopithecus_lowei,Primates,Cercopithecidae,3800.0,3.5798,1.0,N,NA,NA,NA,NA,NA,Y,omnivore,omnivore,30.0,20.0,10.0,50.0,Y
Cercopithecus mitis,Cercopithecus_mitis,Primates,Cercopithecidae,6116.5,3.7865,1.0,Y,402.0,402.0,0.0657,2.6042,-1.1823,Y,omnivore,omnivore,10.0,0.0,10.0,50.0,N
Cercopithecus mona,Cercopithecus_mona,Primates,Cercopithecidae,4240.085,3.6274,1.0,Y,280.49,280.49,0.0662,2.4479,-1.1795,Y,omnivore,omnivore,30.0,20.0,10.0,50.0,N
Cercopithecus neglectus,Cercopithecus_neglectus,Primates,Cercopithecidae,5701.0,3.756,1.0,Y,259.95,259.95,0.0456,2.4149,-1.3411,Y,omnivore,omnivore,30.0,20.0,10.0,50.0,N
Cercopithecus nictitans,Cercopithecus_nictitans,Primates,Cercopithecidae,5465.0,3.7376,1.0,Y,403.83,403.83,0.0739,2.6062,-1.1314,Y,omnivore,omnivore,30.0,20.0,10.0,50.0,N
Cercopithecus petaurista,Cercopithecus_petaurista,Primates,Cercopithecidae,3650.0,3.5623,1.02,Y,NA,NA,NA,NA,NA,Y,omnivore,omnivore,20.0,20.0,0.0,30.0,N
Cercopithecus roloway,Cercopithecus_roloway,Primates,Cercopithecidae,4550.0,3.658,1.0,N,NA,NA,NA,NA,NA,Y,omnivore,omnivore,40.0,40.0,0.0,50.0,N
Cercopithecus sclateri,Cercopithecus_sclateri,Primates,Cercopithecidae,3304.99,3.5192,1.005,Y,NA,NA,NA,NA,NA,Y,omnivore,omnivore,30.0,20.0,10.0,50.0,N
Chlorocebus aethiops,Chlorocebus_aethiops,Primates,Cercopithecidae,5104.25,3.7079,1.0,N,NA,NA,NA,NA,NA,Y,herbivore,herbivore,40.0,20.0,20.0,40.0,N
Chlorocebus cynosuros,Chlorocebus_cynosuros,Primates,Cercopithecidae,5104.25,3.7079,1.0,N,NA,NA,NA,NA,NA,Y,omnivore,omnivore,30.0,10.0,20.0,40.0,N
Chlorocebus djamdjamensis,Chlorocebus_djamdjamensis,Primates,Cercopithecidae,5104.25,3.7079,1.0,N,NA,NA,NA,NA,NA,Y,omnivore,omnivore,10.0,10.0,0.0,10.0,N
Chlorocebus pygerythrus,Chlorocebus_pygerythrus,Primates,Cercopithecidae,5104.25,3.7079,1.0,N,NA,NA,NA,NA,NA,Y,omnivore,omnivore,40.0,20.0,20.0,40.0,Y
Chlorocebus sabaeus,Chlorocebus_sabaeus,Primates,Cercopithecidae,5104.25,3.7079,1.0,N,NA,NA,NA,NA,NA,Y,omnivore,omnivore,40.0,20.0,20.0,40.0,N
Chlorocebus tantalus,Chlorocebus_tantalus,Primates,Cercopithecidae,4961.5,3.6956,1.0,N,NA,NA,NA,NA,NA,Y,omnivore,omnivore,20.0,20.0,0.0,50.0,N
Colobus angolensis,Colobus_angolensis,Primates,Cercopithecidae,8937.5,3.9512,1.0,Y,NA,NA,NA,NA,NA,Y,herbivore,herbivore,0.0,0.0,0.0,30.0,N
Colobus guereza,Colobus_guereza,Primates,Cercopithecidae,9058.41,3.9571,1.0,Y,444.92,444.92,0.0491,2.6483,-1.3088,Y,omnivore,omnivore,0.0,0.0,0.0,30.0,N
Colobus polykomos,Colobus_polykomos,Primates,Cercopithecidae,8653.145,3.9372,1.0,Y,489.89,489.89,0.0566,2.6901,-1.2471,Y,herbivore,herbivore,0.0,0.0,0.0,30.0,N
Colobus satanas,Colobus_satanas,Primates,Cercopithecidae,8653.145,3.9372,1.0,Y,NA,NA,NA,NA,NA,Y,herbivore,herbivore,0.0,0.0,0.0,30.0,N
Colobus vellerosus,Colobus_vellerosus,Primates,Cercopithecidae,8509.0,3.9299,1.0,Y,NA,NA,NA,NA,NA,Y,herbivore,herbivore,0.0,0.0,0.0,30.0,N
Erythrocebus patas,Erythrocebus_patas,Primates,Cercopithecidae,7660.5,3.8843,1.0,Y,621.67,621.67,0.0812,2.7936,-1.0907,Y,herbivore,herbivore,0.0,0.0,0.0,40.0,N
Lophocebus albigena,Lophocebus_albigena,Primates,Cercopithecidae,7000.0,3.8451,1.0,Y,498.58,498.58,0.0712,2.6977,-1.1474,Y,herbivore,herbivore,0.0,0.0,0.0,50.0,N
Lophocebus aterrimus,Lophocebus_aterrimus,Primates,Cercopithecidae,6768.75,3.8305,1.0,N,NA,NA,NA,NA,NA,Y,herbivore,herbivore,0.0,0.0,0.0,40.0,N
Macaca arctoides,Macaca_arctoides,Primates,Cercopithecidae,9353.0,3.971,1.0,Y,488.99,488.99,0.0523,2.6893,-1.2817,Y,omnivore,omnivore,10.0,10.0,0.0,30.0,N
Macaca cyclopis,Macaca_cyclopis,Primates,Cercopithecidae,6032.805,3.7805,1.0,Y,399.86,399.86,0.0663,2.6019,-1.1786,Y,omnivore,omnivore,10.0,10.0,0.0,30.0,N
Macaca fascicularis,Macaca_fascicularis,Primates,Cercopithecidae,4569.32,3.6599,1.0,Y,328.76,328.76,0.0719,2.5169,-1.143,Y,carnivore,carnivore_invertebrate,50.0,50.0,0.0,40.0,N
Macaca fuscata,Macaca_fuscata,Primates,Cercopithecidae,8882.5,3.9485,1.415,Y,501.57,709.722,0.0799,2.7003,-1.0974,Y,omnivore,omnivore,10.0,10.0,0.0,30.0,N
Macaca hecki,Macaca_hecki,Primates,Cercopithecidae,7386.0,3.8684,1.0,N,NA,NA,NA,NA,NA,Y,herbivore,herbivore,10.0,10.0,0.0,60.0,Y
Macaca leonina,Macaca_leonina,Primates,Cercopithecidae,7603.39,3.881,1.0,N,NA,NA,NA,NA,NA,Y,herbivore,herbivore,10.0,10.0,0.0,80.0,N
Macaca maura,Macaca_maura,Primates,Cercopithecidae,7359.39,3.8668,1.0,Y,388.46,388.46,0.0528,2.5893,-1.2775,Y,omnivore,omnivore,10.0,10.0,0.0,30.0,N
Macaca mulatta,Macaca_mulatta,Primates,Cercopithecidae,6614.0,3.8205,1.0,Y,471.47,471.47,0.0713,2.6735,-1.147,Y,omnivore,omnivore,10.0,10.0,0.0,30.0,N
Macaca nemestrina,Macaca_nemestrina,Primates,Cercopithecidae,7603.39,3.881,1.0,Y,472.92,472.92,0.0622,2.6748,-1.2062,Y,herbivore,herbivore,10.0,10.0,0.0,70.0,N
Macaca nigra,Macaca_nigra,Primates,Cercopithecidae,7662.195,3.8844,1.0,Y,457.77,457.77,0.0597,2.6606,-1.2237,Y,omnivore,omnivore,10.0,10.0,0.0,70.0,N
Macaca nigrescens,Macaca_nigrescens,Primates,Cercopithecidae,7662.195,3.8844,1.0,N,NA,NA,NA,NA,NA,Y,omnivore,omnivore,10.0,10.0,0.0,80.0,N
Macaca ochreata,Macaca_ochreata,Primates,Cercopithecidae,7290.3,3.8627,1.0,N,NA,NA,NA,NA,NA,Y,omnivore,omnivore,10.0,10.0,0.0,30.0,N
Macaca pagensis,Macaca_pagensis,Primates,Cercopithecidae,7151.5,3.8544,1.0,Y,NA,NA,NA,NA,NA,Y,herbivore,herbivore,10.0,10.0,0.0,60.0,Y
Macaca radiata,Macaca_radiata,Primates,Cercopithecidae,5132.245,3.7103,1.0,Y,367.52,367.52,0.0716,2.5653,-1.145,Y,omnivore,omnivore,10.0,10.0,0.0,30.0,N
Macaca siberu,Macaca_siberu,Primates,Cercopithecidae,7151.5,3.8544,1.0,N,NA,NA,NA,NA,NA,Y,herbivore,herbivore,10.0,10.0,0.0,60.0,Y
Macaca silenus,Macaca_silenus,Primates,Cercopithecidae,6570.0,3.8176,1.0,Y,416.11,416.11,0.0633,2.6192,-1.1984,Y,omnivore,omnivore,10.0,10.0,0.0,30.0,N
Macaca sinica,Macaca_sinica,Primates,Cercopithecidae,4295.5,3.633,1.0,Y,NA,NA,NA,NA,NA,Y,omnivore,omnivore,10.0,10.0,0.0,30.0,N
Macaca sylvanus,Macaca_sylvanus,Primates,Cercopithecidae,10875.0,4.0364,1.5,Y,449.85,674.775,0.062,2.6531,-1.2073,Y,herbivore,herbivore,10.0,10.0,0.0,30.0,N
Macaca thibetana,Macaca_thibetana,Primates,Cercopithecidae,10036.67,4.0016,1.0,Y,499.99,499.99,0.0498,2.699,-1.3026,Y,omnivore,omnivore,10.0,10.0,0.0,30.0,N
Mandrillus leucophaeus,Mandrillus_leucophaeus,Primates,Cercopithecidae,16251.65,4.2109,1.0,Y,718.15,718.15,0.0442,2.8562,-1.3547,Y,omnivore,omnivore,20.0,10.0,10.0,40.0,N
Mandrillus sphinx,Mandrillus_sphinx,Primates,Cercopithecidae,23000.0,4.3617,1.045,Y,612.89,640.47,0.0278,2.7874,-1.5552,Y,omnivore,omnivore,20.0,10.0,10.0,40.0,N
Miopithecus talapoin,Miopithecus_talapoin,Primates,Cercopithecidae,1362.5,3.1343,1.0,Y,179.04,179.04,0.1314,2.253,-0.8814,Y,omnivore,omnivore,50.0,50.0,0.0,50.0,N
Nasalis larvatus,Nasalis_larvatus,Primates,Cercopithecidae,13441.575,4.1285,1.01,Y,450.0,454.5,0.0338,2.6532,-1.4709,Y,herbivore,herbivore,0.0,0.0,0.0,20.0,N
Papio anubis,Papio_anubis,Primates,Cercopithecidae,17728.56,4.2487,1.005,Y,947.31,952.047,0.0537,2.9765,-1.27,Y,omnivore,omnivore,50.0,10.0,40.0,20.0,N
Papio cynocephalus,Papio_cynocephalus,Primates,Cercopithecidae,17851.25,4.2517,1.0,Y,709.88,709.88,0.0398,2.8512,-1.4005,Y,carnivore,carnivore_invertebrate,20.0,10.0,10.0,20.0,N
Papio hamadryas,Papio_hamadryas,Primates,Cercopithecidae,18000.0,4.2553,1.0,Y,890.0,890.0,0.0494,2.9494,-1.3059,Y,omnivore,omnivore,20.0,10.0,10.0,0.0,N
Papio kindae,Papio_kindae,Primates,Cercopithecidae,13000.0,4.1139,1.0,N,NA,NA,NA,NA,NA,Y,carnivore,carnivore_unknown,NA,NA,NA,NA,NA
Papio papio,Papio_papio,Primates,Cercopithecidae,18000.0,4.2553,1.005,Y,600.38,603.382,0.0335,2.7784,-1.4747,Y,omnivore,omnivore,30.0,10.0,20.0,20.0,N
Papio ursinus,Papio_ursinus,Primates,Cercopithecidae,17729.44,4.2487,1.005,Y,599.99,602.99,0.034,2.7781,-1.4684,Y,carnivore,carnivore_invertebrate,30.0,20.0,10.0,40.0,N
Piliocolobus badius,Piliocolobus_badius,Primates,Cercopithecidae,8070.5,3.9069,1.0,Y,NA,NA,NA,NA,NA,Y,herbivore,herbivore,0.0,0.0,0.0,20.0,N
Piliocolobus bouvieri,Piliocolobus_bouvieri,Primates,Cercopithecidae,8092.75,3.9081,1.0,N,NA,NA,NA,NA,NA,Y,herbivore,herbivore,NA,NA,NA,NA,NA
Piliocolobus epieni,Piliocolobus_epieni,Primates,Cercopithecidae,8092.75,3.9081,1.0,N,NA,NA,NA,NA,NA,Y,herbivore,herbivore,NA,NA,NA,NA,NA
Piliocolobus gordonorum,Piliocolobus_gordonorum,Primates,Cercopithecidae,8005.25,3.9034,1.0,N,NA,NA,NA,NA,NA,Y,herbivore,herbivore,0.0,0.0,0.0,20.0,N
Piliocolobus kirkii,Piliocolobus_kirkii,Primates,Cercopithecidae,7158.29,3.8548,1.005,Y,NA,NA,NA,NA,NA,Y,herbivore,herbivore,0.0,0.0,0.0,20.0,N
Piliocolobus oustaleti,Piliocolobus_oustaleti,Primates,Cercopithecidae,10350.0,4.0149,1.005,N,NA,NA,NA,NA,NA,Y,herbivore,herbivore,0.0,0.0,0.0,20.0,Y
Piliocolobus pennantii,Piliocolobus_pennantii,Primates,Cercopithecidae,8092.75,3.9081,1.0,Y,NA,NA,NA,NA,NA,Y,herbivore,herbivore,0.0,0.0,0.0,20.0,Y
Piliocolobus preussi,Piliocolobus_preussi,Primates,Cercopithecidae,8070.5,3.9069,1.005,Y,NA,NA,NA,NA,NA,Y,herbivore,herbivore,0.0,0.0,0.0,20.0,Y
Piliocolobus rufomitratus,Piliocolobus_rufomitratus,Primates,Cercopithecidae,8030.75,3.9048,1.005,Y,NA,NA,NA,NA,NA,Y,herbivore,herbivore,0.0,0.0,0.0,20.0,N
Piliocolobus tephrosceles,Piliocolobus_tephrosceles,Primates,Cercopithecidae,8005.25,3.9034,1.0,N,NA,NA,NA,NA,NA,Y,herbivore,herbivore,0.0,0.0,0.0,20.0,N
Piliocolobus tholloni,Piliocolobus_tholloni,Primates,Cercopithecidae,7940.0,3.8998,1.0,N,NA,NA,NA,NA,NA,Y,herbivore,herbivore,0.0,0.0,0.0,20.0,N
Presbytis chrysomelas,Presbytis_chrysomelas,Primates,Cercopithecidae,6466.75,3.8107,1.0,N,NA,NA,NA,NA,NA,Y,herbivore,herbivore,0.0,0.0,0.0,40.0,Y
Presbytis comata,Presbytis_comata,Primates,Cercopithecidae,6550.07,3.8162,1.005,Y,NA,NA,NA,NA,NA,Y,herbivore,herbivore,0.0,0.0,0.0,40.0,N
Presbytis femoralis,Presbytis_femoralis,Primates,Cercopithecidae,6466.75,3.8107,1.0,N,NA,NA,NA,NA,NA,Y,herbivore,herbivore,0.0,0.0,0.0,40.0,N
Presbytis melalophos,Presbytis_melalophos,Primates,Cercopithecidae,6466.75,3.8107,1.0,Y,NA,NA,NA,NA,NA,Y,herbivore,herbivore,0.0,0.0,0.0,40.0,N
Presbytis natunae,Presbytis_natunae,Primates,Cercopithecidae,6460.0,3.8102,1.0,N,NA,NA,NA,NA,NA,Y,herbivore,herbivore,0.0,0.0,0.0,40.0,Y
Presbytis potenziani,Presbytis_potenziani,Primates,Cercopithecidae,6400.0,3.8062,1.01,Y,NA,NA,NA,NA,NA,Y,herbivore,herbivore,0.0,0.0,0.0,40.0,N
Presbytis rubicunda,Presbytis_rubicunda,Primates,Cercopithecidae,6324.265,3.801,1.005,Y,NA,NA,NA,NA,NA,Y,herbivore,herbivore,0.0,0.0,0.0,40.0,N
Presbytis siamensis,Presbytis_siamensis,Primates,Cercopithecidae,6460.0,3.8102,1.0,N,NA,NA,NA,NA,NA,Y,herbivore,herbivore,0.0,0.0,0.0,50.0,N
Presbytis thomasi,Presbytis_thomasi,Primates,Cercopithecidae,6689.99,3.8254,1.005,N,NA,NA,NA,NA,NA,Y,herbivore,herbivore,0.0,0.0,0.0,40.0,N
Procolobus verus,Procolobus_verus,Primates,Cercopithecidae,3977.86,3.5996,1.01,Y,NA,NA,NA,NA,NA,Y,herbivore,herbivore,0.0,0.0,0.0,10.0,N
Pygathrix cinerea,Pygathrix_cinerea,Primates,Cercopithecidae,9875.0,3.9945,1.0,N,NA,NA,NA,NA,NA,Y,herbivore,herbivore,0.0,0.0,0.0,20.0,N
Pygathrix nemaeus,Pygathrix_nemaeus,Primates,Cercopithecidae,9875.0,3.9945,1.0,Y,191.94,191.94,0.0194,2.2832,-1.7114,Y,herbivore,herbivore,0.0,0.0,0.0,20.0,N
Pygathrix nigripes,Pygathrix_nigripes,Primates,Cercopithecidae,10104.16,4.0045,1.0,Y,NA,NA,NA,NA,NA,Y,herbivore,herbivore,0.0,0.0,0.0,30.0,N
Rhinopithecus avunculus,Rhinopithecus_avunculus,Primates,Cercopithecidae,9043.095,3.9563,1.0,Y,NA,NA,NA,NA,NA,Y,herbivore,herbivore,0.0,0.0,0.0,20.0,N
Rhinopithecus brelichi,Rhinopithecus_brelichi,Primates,Cercopithecidae,14500.0,4.1614,1.0,Y,NA,NA,NA,NA,NA,Y,omnivore,omnivore,0.0,0.0,0.0,20.0,N
Rhinopithecus roxellana,Rhinopithecus_roxellana,Primates,Cercopithecidae,14750.0,4.1688,1.0,Y,NA,NA,NA,NA,NA,Y,omnivore,omnivore,0.0,0.0,0.0,10.0,N
Semnopithecus ajax,Semnopithecus_ajax,Primates,Cercopithecidae,12679.29,4.1031,1.02,N,NA,NA,NA,NA,NA,Y,herbivore,herbivore,0.0,0.0,0.0,20.0,Y
Semnopithecus dussumieri,Semnopithecus_dussumieri,Primates,Cercopithecidae,12679.29,4.1031,1.02,N,NA,NA,NA,NA,NA,Y,herbivore,herbivore,0.0,0.0,0.0,10.0,N
Semnopithecus entellus,Semnopithecus_entellus,Primates,Cercopithecidae,12679.29,4.1031,1.02,Y,499.83,509.827,0.0402,2.6988,-1.3957,Y,herbivore,herbivore,0.0,0.0,0.0,10.0,N
Semnopithecus hector,Semnopithecus_hector,Primates,Cercopithecidae,12679.29,4.1031,1.02,N,NA,NA,NA,NA,NA,Y,herbivore,herbivore,0.0,0.0,0.0,20.0,N
Semnopithecus hypoleucos,Semnopithecus_hypoleucos,Primates,Cercopithecidae,12236.395,4.0877,1.02,N,NA,NA,NA,NA,NA,Y,herbivore,herbivore,0.0,0.0,0.0,20.0,Y
Semnopithecus priam,Semnopithecus_priam,Primates,Cercopithecidae,12679.29,4.1031,1.02,N,NA,NA,NA,NA,NA,Y,herbivore,herbivore,0.0,0.0,0.0,40.0,N
Semnopithecus schistaceus,Semnopithecus_schistaceus,Primates,Cercopithecidae,12679.29,4.1031,1.02,N,NA,NA,NA,NA,NA,Y,herbivore,herbivore,0.0,0.0,0.0,10.0,N
Simias concolor,Simias_concolor,Primates,Cercopithecidae,7723.0,3.8878,1.02,Y,NA,NA,NA,NA,NA,Y,herbivore,herbivore,0.0,0.0,0.0,10.0,N
Theropithecus gelada,Theropithecus_gelada,Primates,Cercopithecidae,15964.11,4.2031,1.0,Y,464.92,464.92,0.0291,2.6674,-1.5358,Y,herbivore,herbivore,0.0,0.0,0.0,0.0,N
Trachypithecus barbei,Trachypithecus_barbei,Primates,Cercopithecidae,7071.5,3.8495,1.0,N,NA,NA,NA,NA,NA,Y,herbivore,herbivore,0.0,0.0,0.0,30.0,Y
Trachypithecus cristatus,Trachypithecus_cristatus,Primates,Cercopithecidae,7071.5,3.8495,1.0,Y,NA,NA,NA,NA,NA,Y,herbivore,herbivore,0.0,0.0,0.0,30.0,N
Trachypithecus delacouri,Trachypithecus_delacouri,Primates,Cercopithecidae,7325.0,3.8648,1.5,Y,NA,NA,NA,NA,NA,Y,herbivore,herbivore,0.0,0.0,0.0,30.0,Y
Trachypithecus geei,Trachypithecus_geei,Primates,Cercopithecidae,9825.0,3.9923,1.01,Y,NA,NA,NA,NA,NA,Y,herbivore,herbivore,0.0,0.0,0.0,30.0,N
Trachypithecus germaini,Trachypithecus_germaini,Primates,Cercopithecidae,7071.5,3.8495,1.0,N,NA,NA,NA,NA,NA,Y,herbivore,herbivore,0.0,0.0,0.0,30.0,Y
Trachypithecus johnii,Trachypithecus_johnii,Primates,Cercopithecidae,11725.25,4.0691,1.0,Y,NA,NA,NA,NA,NA,Y,omnivore,omnivore,0.0,0.0,0.0,30.0,N
Trachypithecus obscurus,Trachypithecus_obscurus,Primates,Cercopithecidae,7163.94,3.8552,1.0,Y,339.18,339.18,0.0473,2.5304,-1.3247,Y,herbivore,herbivore,0.0,0.0,0.0,30.0,N
Trachypithecus phayrei,Trachypithecus_phayrei,Primates,Cercopithecidae,7247.88,3.8602,1.0,Y,NA,NA,NA,NA,NA,Y,herbivore,herbivore,0.0,0.0,0.0,30.0,N
Trachypithecus vetulus,Trachypithecus_vetulus,Primates,Cercopithecidae,7081.8,3.8501,1.0,Y,359.99,359.99,0.0508,2.5563,-1.2939,Y,herbivore,herbivore,0.0,0.0,0.0,30.0,N
Allocebus trichotis,Allocebus_trichotis,Primates,Cheirogaleidae,78.09,1.8926,1.0,Y,NA,NA,NA,NA,NA,Y,omnivore,omnivore,0.0,0.0,0.0,50.0,N
Cheirogaleus crossleyi,Cheirogaleus_crossleyi,Primates,Cheirogaleidae,420.11,2.6234,2.255,N,NA,NA,NA,NA,NA,Y,omnivore,omnivore,10.0,10.0,0.0,50.0,N
Cheirogaleus major,Cheirogaleus_major,Primates,Cheirogaleidae,420.11,2.6234,2.255,Y,18.08,40.77,0.097,1.2572,-1.013,Y,omnivore,omnivore,20.0,20.0,0.0,30.0,N
Cheirogaleus medius,Cheirogaleus_medius,Primates,Cheirogaleidae,294.19,2.4686,2.195,Y,14.65,32.157,0.1093,1.1658,-0.9614,Y,omnivore,omnivore,20.0,20.0,0.0,30.0,N
Cheirogaleus sibreei,Cheirogaleus_sibreei,Primates,Cheirogaleidae,420.11,2.6234,2.255,N,NA,NA,NA,NA,NA,Y,omnivore,omnivore,10.0,10.0,0.0,50.0,N
Microcebus griseorufus,Microcebus_griseorufus,Primates,Cheirogaleidae,69.0,1.8388,2.41,N,NA,NA,NA,NA,NA,Y,omnivore,omnivore,40.0,20.0,20.0,30.0,Y
Microcebus murinus,Microcebus_murinus,Primates,Cheirogaleidae,66.9,1.8254,2.41,Y,4.78,11.52,0.1722,0.6794,-0.764,Y,omnivore,omnivore,40.0,20.0,20.0,30.0,N
Microcebus myoxinus,Microcebus_myoxinus,Primates,Cheirogaleidae,64.8,1.8116,2.205,Y,NA,NA,NA,NA,NA,Y,omnivore,omnivore,40.0,20.0,20.0,30.0,Y
Microcebus rufus,Microcebus_rufus,Primates,Cheirogaleidae,66.9,1.8254,2.41,Y,6.5,15.665,0.2342,0.8129,-0.6305,Y,omnivore,omnivore,40.0,20.0,20.0,30.0,N
Mirza coquereli,Mirza_coquereli,Primates,Cheirogaleidae,311.2,2.493,1.71,Y,12.92,22.093,0.071,1.1113,-1.1488,Y,omnivore,omnivore,70.0,60.0,10.0,10.0,N
Mirza zaza,Mirza_zaza,Primates,Cheirogaleidae,290.0,2.4624,1.71,N,NA,NA,NA,NA,NA,Y,carnivore,carnivore_unknown,NA,NA,NA,NA,NA
Phaner electromontis,Phaner_electromontis,Primates,Cheirogaleidae,400.0,2.6021,1.0,N,NA,NA,NA,NA,NA,Y,omnivore,omnivore,0.0,0.0,0.0,0.0,N
Phaner furcifer,Phaner_furcifer,Primates,Cheirogaleidae,400.0,2.6021,1.0,Y,NA,NA,NA,NA,NA,Y,omnivore,omnivore,0.0,0.0,0.0,0.0,N
Phaner pallescens,Phaner_pallescens,Primates,Cheirogaleidae,400.0,2.6021,1.0,N,NA,NA,NA,NA,NA,Y,omnivore,omnivore,0.0,0.0,0.0,0.0,N
Phaner parienti,Phaner_parienti,Primates,Cheirogaleidae,400.0,2.6021,1.0,N,NA,NA,NA,NA,NA,Y,omnivore,omnivore,0.0,0.0,0.0,0.0,N
Daubentonia madagascariensis,Daubentonia_madagascariensis,Primates,Daubentoniidae,2610.33,3.4167,1.0,Y,121.79,121.79,0.0467,2.0856,-1.3311,Y,omnivore,omnivore,40.0,40.0,0.0,0.0,N
Euoticus elegantulus,Euoticus_elegantulus,Primates,Galagidae,280.0,2.4472,0.99,Y,NA,NA,NA,NA,NA,Y,omnivore,omnivore,20.0,20.0,0.0,20.0,N
Galago gallarum,Galago_gallarum,Primates,Galagidae,192.2,2.2838,1.5,N,NA,NA,NA,NA,NA,Y,omnivore,omnivore,40.0,40.0,0.0,0.0,N
Galago matschiei,Galago_matschiei,Primates,Galagidae,192.2,2.2838,1.5,Y,NA,NA,NA,NA,NA,Y,omnivore,omnivore,40.0,40.0,0.0,0.0,N
Galago moholi,Galago_moholi,Primates,Galagidae,180.0,2.2553,1.545,Y,11.73,18.123,0.1007,1.0693,-0.997,Y,omnivore,omnivore,40.0,40.0,0.0,0.0,N
Galago senegalensis,Galago_senegalensis,Primates,Galagidae,192.2,2.2838,1.5,Y,11.5,17.25,0.0898,1.0607,-1.047,Y,omnivore,omnivore,40.0,40.0,0.0,0.0,N
Galagoides demidoff,Galagoides_demidoff,Primates,Galagidae,63.1,1.8,1.29,Y,9.89,12.758,0.2022,0.9952,-0.6942,Y,omnivore,omnivore,80.0,80.0,0.0,10.0,N
Galagoides thomasi,Galagoides_thomasi,Primates,Galagidae,63.8,1.8048,1.29,N,NA,NA,NA,NA,NA,Y,omnivore,omnivore,80.0,80.0,0.0,20.0,N
Otolemur crassicaudatus,Otolemur_crassicaudatus,Primates,Galagidae,1080.625,3.0337,1.518,Y,46.57,70.693,0.0654,1.6681,-1.1843,Y,omnivore,omnivore,20.0,20.0,0.0,20.0,N
Otolemur garnettii,Otolemur_garnettii,Primates,Galagidae,473.265,2.6751,1.26,Y,49.21,62.005,0.131,1.6921,-0.8827,Y,omnivore,omnivore,20.0,20.0,0.0,20.0,N
Sciurocheirus alleni,Sciurocheirus_alleni,Primates,Galagidae,277.615,2.4434,1.22,Y,23.93,29.195,0.1052,1.3789,-0.9781,Y,omnivore,omnivore,40.0,40.0,0.0,0.0,N
Sciurocheirus gabonensis,Sciurocheirus_gabonensis,Primates,Galagidae,277.615,2.4434,1.22,N,NA,NA,NA,NA,NA,Y,omnivore,omnivore,20.0,20.0,0.0,80.0,N
Gorilla beringei,Gorilla_beringei,Primates,Hominidae,139842.0,5.1456,1.0,N,NA,NA,NA,NA,NA,Y,herbivore,herbivore,0.0,0.0,0.0,10.0,N
Gorilla gorilla,Gorilla_gorilla,Primates,Hominidae,126215.495,5.1011,1.005,Y,2095.89,2106.369,0.0167,3.3214,-1.7776,Y,herbivore,herbivore,0.0,0.0,0.0,10.0,N
Pan paniscus,Pan_paniscus,Primates,Hominidae,35119.95,4.5456,1.0,Y,1399.53,1399.53,0.0398,3.146,-1.3996,Y,herbivore,herbivore,10.0,10.0,0.0,60.0,N
Pan troglodytes,Pan_troglodytes,Primates,Hominidae,44983.5,4.6531,1.075,Y,1745.02,1875.896,0.0417,3.2418,-1.3798,Y,herbivore,herbivore,10.0,10.0,0.0,60.0,N
Pongo abelii,Pongo_abelii,Primates,Hominidae,53408.29,4.7276,1.14,N,NA,NA,NA,NA,NA,Y,omnivore,omnivore,20.0,10.0,10.0,80.0,N
Pongo pygmaeus,Pongo_pygmaeus,Primates,Hominidae,58941.645,4.7704,1.14,Y,1644.2,1874.388,0.0318,3.216,-1.4976,Y,omnivore,omnivore,20.0,10.0,10.0,80.0,N
Hoolock hoolock,Hoolock_hoolock,Primates,Hylobatidae,6699.0,3.826,1.0,Y,NA,NA,NA,NA,NA,Y,herbivore,herbivore,10.0,10.0,0.0,70.0,N
Hoolock leuconedys,Hoolock_leuconedys,Primates,Hylobatidae,7200.0,3.8573,1.0,N,NA,NA,NA,NA,NA,Y,omnivore,omnivore,NA,NA,NA,NA,NA
Hylobates agilis,Hylobates_agilis,Primates,Hylobatidae,5829.08,3.7656,1.0,Y,NA,NA,NA,NA,NA,Y,omnivore,omnivore,10.0,10.0,0.0,70.0,N
Hylobates albibarbis,Hylobates_albibarbis,Primates,Hylobatidae,5829.08,3.7656,1.0,N,NA,NA,NA,NA,NA,Y,omnivore,omnivore,0.0,0.0,0.0,70.0,N
Hylobates klossii,Hylobates_klossii,Primates,Hylobatidae,5900.0,3.7709,1.0,Y,NA,NA,NA,NA,NA,Y,omnivore,omnivore,10.0,10.0,0.0,70.0,N
Hylobates lar,Hylobates_lar,Primates,Hylobatidae,6194.305,3.792,1.0,Y,398.86,398.86,0.0644,2.6008,-1.1912,Y,herbivore,herbivore,10.0,10.0,0.0,70.0,N
Hylobates moloch,Hylobates_moloch,Primates,Hylobatidae,6048.4,3.7816,1.0,Y,NA,NA,NA,NA,NA,Y,herbivore,herbivore,10.0,10.0,0.0,70.0,N
Hylobates muelleri,Hylobates_muelleri,Primates,Hylobatidae,5909.81,3.7716,1.0,Y,NA,NA,NA,NA,NA,Y,omnivore,omnivore,10.0,10.0,0.0,70.0,N
Hylobates pileatus,Hylobates_pileatus,Primates,Hylobatidae,5656.805,3.7526,1.0,Y,NA,NA,NA,NA,NA,Y,omnivore,omnivore,10.0,10.0,0.0,70.0,N
Nomascus concolor,Nomascus_concolor,Primates,Hylobatidae,6410.47,3.8069,1.0,Y,NA,NA,NA,NA,NA,Y,herbivore,herbivore,10.0,10.0,0.0,80.0,N
Nomascus gabriellae,Nomascus_gabriellae,Primates,Hylobatidae,6621.085,3.8209,1.0,N,NA,NA,NA,NA,NA,Y,herbivore,herbivore,10.0,10.0,0.0,80.0,Y
Nomascus leucogenys,Nomascus_leucogenys,Primates,Hylobatidae,6621.085,3.8209,1.0,N,497.33,497.33,0.0751,2.6966,-1.1243,Y,herbivore,herbivore,10.0,10.0,0.0,80.0,N
Nomascus nasutus,Nomascus_nasutus,Primates,Hylobatidae,8000.0,3.9031,1.0,N,NA,NA,NA,NA,NA,Y,herbivore,herbivore,NA,NA,NA,NA,NA
Nomascus siki,Nomascus_siki,Primates,Hylobatidae,6621.085,3.8209,1.0,N,NA,NA,NA,NA,NA,Y,herbivore,herbivore,10.0,10.0,0.0,80.0,N
Symphalangus syndactylus,Symphalangus_syndactylus,Primates,Hylobatidae,10869.5,4.0362,1.02,Y,517.0,527.34,0.0485,2.7135,-1.3141,Y,omnivore,omnivore,10.0,10.0,0.0,80.0,N
Avahi laniger,Avahi_laniger,Primates,Indriidae,1093.355,3.0388,1.005,Y,NA,NA,NA,NA,NA,Y,herbivore,herbivore,0.0,0.0,0.0,20.0,N
Avahi occidentalis,Avahi_occidentalis,Primates,Indriidae,1092.28,3.0383,1.01,Y,NA,NA,NA,NA,NA,Y,herbivore,herbivore,0.0,0.0,0.0,0.0,N
Indri indri,Indri_indri,Primates,Indriidae,8241.74,3.916,1.005,Y,NA,NA,NA,NA,NA,Y,herbivore,herbivore,0.0,0.0,0.0,30.0,N
Propithecus candidus,Propithecus_candidus,Primates,Indriidae,5750.0,3.7597,1.01,N,NA,NA,NA,NA,NA,Y,herbivore,herbivore,NA,NA,NA,NA,NA
Propithecus coquereli,Propithecus_coquereli,Primates,Indriidae,3622.695,3.559,1.01,Y,102.45,103.474,0.0286,2.0105,-1.5442,Y,herbivore,herbivore,0.0,0.0,0.0,30.0,N
Propithecus coronatus,Propithecus_coronatus,Primates,Indriidae,3900.0,3.5911,1.02,N,NA,NA,NA,NA,NA,Y,herbivore,herbivore,NA,NA,NA,NA,NA
Propithecus deckenii,Propithecus_deckenii,Primates,Indriidae,3588.26,3.5549,1.02,N,NA,NA,NA,NA,NA,Y,herbivore,herbivore,0.0,0.0,0.0,30.0,N
Propithecus diadema,Propithecus_diadema,Primates,Indriidae,6414.495,3.8072,1.01,Y,134.99,136.34,0.0213,2.1303,-1.6725,Y,herbivore,herbivore,0.0,0.0,0.0,30.0,N
Propithecus edwardsi,Propithecus_edwardsi,Primates,Indriidae,6568.99,3.8175,1.01,N,NA,NA,NA,NA,NA,Y,herbivore,herbivore,0.0,0.0,0.0,40.0,N
Propithecus perrieri,Propithecus_perrieri,Primates,Indriidae,6414.495,3.8072,1.01,N,NA,NA,NA,NA,NA,Y,herbivore,herbivore,0.0,0.0,0.0,30.0,N
Propithecus verreauxi,Propithecus_verreauxi,Primates,Indriidae,3588.26,3.5549,1.02,Y,102.65,104.703,0.0292,2.0114,-1.5349,Y,herbivore,herbivore,0.0,0.0,0.0,30.0,N
Eulemur albifrons,Eulemur_albifrons,Primates,Lemuridae,2426.29,3.3849,1.07,N,NA,NA,NA,NA,NA,Y,omnivore,omnivore,20.0,20.0,0.0,40.0,N
Eulemur cinereiceps,Eulemur_cinereiceps,Primates,Lemuridae,2413.593,3.3827,1.1,N,NA,NA,NA,NA,NA,Y,herbivore,herbivore,0.0,0.0,0.0,80.0,N
Eulemur collaris,Eulemur_collaris,Primates,Lemuridae,2419.0,3.3836,1.1,N,NA,NA,NA,NA,NA,Y,herbivore,herbivore,0.0,0.0,0.0,100.0,N
Eulemur coronatus,Eulemur_coronatus,Primates,Lemuridae,1699.85,3.2304,1.5,Y,57.81,86.715,0.051,1.762,-1.2923,Y,herbivore,herbivore,0.0,0.0,0.0,30.0,N
Eulemur flavifrons,Eulemur_flavifrons,Primates,Lemuridae,1850.0,3.2672,1.04,N,NA,NA,NA,NA,NA,Y,herbivore,herbivore,NA,NA,NA,NA,NA
Eulemur fulvus,Eulemur_fulvus,Primates,Lemuridae,2419.0,3.3836,1.1,Y,74.99,82.489,0.0341,1.875,-1.4672,Y,omnivore,omnivore,0.0,0.0,0.0,30.0,N
Eulemur macaco,Eulemur_macaco,Primates,Lemuridae,2485.215,3.3954,1.04,Y,60.5,62.92,0.0253,1.7818,-1.5966,Y,herbivore,herbivore,0.0,0.0,0.0,30.0,N
Eulemur mongoz,Eulemur_mongoz,Primates,Lemuridae,1915.565,3.2823,1.11,Y,59.48,66.023,0.0345,1.7744,-1.4626,Y,herbivore,herbivore,0.0,0.0,0.0,20.0,N
Eulemur rubriventer,Eulemur_rubriventer,Primates,Lemuridae,1765.33,3.2468,1.0,Y,84.97,84.97,0.0481,1.9293,-1.3176,Y,herbivore,herbivore,0.0,0.0,0.0,30.0,N
Eulemur rufifrons,Eulemur_rufifrons,Primates,Lemuridae,2250.0,3.3522,1.1,N,NA,NA,NA,NA,NA,Y,herbivore,herbivore,NA,NA,NA,NA,NA
Eulemur rufus,Eulemur_rufus,Primates,Lemuridae,2406.81,3.3814,1.1,N,NA,NA,NA,NA,NA,Y,herbivore,herbivore,0.0,0.0,0.0,30.0,N
Eulemur sanfordi,Eulemur_sanfordi,Primates,Lemuridae,2406.515,3.3814,1.1,N,NA,NA,NA,NA,NA,Y,herbivore,herbivore,0.0,0.0,0.0,80.0,N
Hapalemur alaotrensis,Hapalemur_alaotrensis,Primates,Lemuridae,1275.105,3.1055,1.2,N,NA,NA,NA,NA,NA,Y,herbivore,herbivore,0.0,0.0,0.0,0.0,N
Hapalemur aureus,Hapalemur_aureus,Primates,Lemuridae,1476.205,3.1691,1.01,Y,NA,NA,NA,NA,NA,Y,herbivore,herbivore,0.0,0.0,0.0,0.0,N
Hapalemur griseus,Hapalemur_griseus,Primates,Lemuridae,1202.71,3.0802,1.2,Y,45.2,54.24,0.0451,1.6551,-1.3458,Y,herbivore,herbivore,0.0,0.0,0.0,0.0,N
Hapalemur meridionalis,Hapalemur_meridionalis,Primates,Lemuridae,935.0,2.9708,1.2,N,NA,NA,NA,NA,NA,Y,herbivore,herbivore,NA,NA,NA,NA,NA
Hapalemur occidentalis,Hapalemur_occidentalis,Primates,Lemuridae,1202.71,3.0802,1.2,N,NA,NA,NA,NA,NA,Y,herbivore,herbivore,0.0,0.0,0.0,0.0,N
Lemur catta,Lemur_catta,Primates,Lemuridae,2555.0,3.4074,1.105,Y,75.8,83.759,0.0328,1.8797,-1.4844,Y,herbivore,herbivore,0.0,0.0,0.0,80.0,N
Prolemur simus,Prolemur_simus,Primates,Lemuridae,1883.955,3.2751,1.0,Y,NA,NA,NA,NA,NA,Y,herbivore,herbivore,0.0,0.0,0.0,10.0,N
Varecia rubra,Varecia_rubra,Primates,Lemuridae,3670.0,3.5647,2.2,N,NA,NA,NA,NA,NA,Y,herbivore,herbivore,0.0,0.0,0.0,90.0,N
Varecia variegata,Varecia_variegata,Primates,Lemuridae,3670.0,3.5647,2.2,Y,93.69,206.118,0.0562,1.9717,-1.2506,Y,herbivore,herbivore,0.0,0.0,0.0,100.0,N
Lepilemur ankaranensis,Lepilemur_ankaranensis,Primates,Lepilemuridae,713.0,2.8531,1.0,N,NA,NA,NA,NA,NA,Y,herbivore,herbivore,0.0,0.0,0.0,0.0,N
Lepilemur dorsalis,Lepilemur_dorsalis,Primates,Lepilemuridae,669.03,2.8254,1.0,Y,NA,NA,NA,NA,NA,Y,herbivore,herbivore,0.0,0.0,0.0,0.0,N
Lepilemur edwardsi,Lepilemur_edwardsi,Primates,Lepilemuridae,713.0,2.8531,1.0,N,NA,NA,NA,NA,NA,Y,herbivore,herbivore,0.0,0.0,0.0,0.0,N
Lepilemur leucopus,Lepilemur_leucopus,Primates,Lepilemuridae,684.515,2.8354,1.0,Y,NA,NA,NA,NA,NA,Y,herbivore,herbivore,0.0,0.0,0.0,0.0,N
Lepilemur microdon,Lepilemur_microdon,Primates,Lepilemuridae,713.0,2.8531,1.0,N,NA,NA,NA,NA,NA,Y,herbivore,herbivore,0.0,0.0,0.0,0.0,N
Lepilemur mustelinus,Lepilemur_mustelinus,Primates,Lepilemuridae,691.015,2.8395,1.0,Y,27.0,27.0,0.0391,1.4314,-1.4081,Y,herbivore,herbivore,0.0,0.0,0.0,0.0,N
Lepilemur ruficaudatus,Lepilemur_ruficaudatus,Primates,Lepilemuridae,738.18,2.8682,1.0,Y,NA,NA,NA,NA,NA,Y,herbivore,herbivore,0.0,0.0,0.0,0.0,N
Lepilemur septentrionalis,Lepilemur_septentrionalis,Primates,Lepilemuridae,713.0,2.8531,1.0,Y,NA,NA,NA,NA,NA,Y,herbivore,herbivore,0.0,0.0,0.0,0.0,N
Arctocebus aureus,Arctocebus_aureus,Primates,Lorisidae,257.5,2.4108,1.0,N,NA,NA,NA,NA,NA,Y,omnivore,omnivore,70.0,70.0,0.0,30.0,N
Arctocebus calabarensis,Arctocebus_calabarensis,Primates,Lorisidae,257.755,2.4112,1.0,Y,31.82,31.82,0.1235,1.5027,-0.9085,Y,omnivore,omnivore,70.0,70.0,0.0,30.0,N
Loris lydekkerianus,Loris_lydekkerianus,Primates,Lorisidae,249.22,2.3966,1.37,N,NA,NA,NA,NA,NA,Y,omnivore,omnivore,100.0,100.0,0.0,0.0,N
Loris tardigradus,Loris_tardigradus,Primates,Lorisidae,243.71,2.3869,1.37,Y,11.0,15.07,0.0618,1.0414,-1.2088,Y,carnivore,carnivore_invertebrate,80.0,70.0,10.0,10.0,N
Nycticebus bengalensis,Nycticebus_bengalensis,Primates,Lorisidae,959.75,2.9822,1.035,N,NA,NA,NA,NA,NA,Y,herbivore,herbivore,80.0,40.0,40.0,20.0,Y
Nycticebus coucang,Nycticebus_coucang,Primates,Lorisidae,953.3,2.9792,1.035,Y,50.47,52.236,0.0548,1.703,-1.2613,Y,omnivore,omnivore,80.0,40.0,40.0,20.0,N
Nycticebus javanicus,Nycticebus_javanicus,Primates,Lorisidae,626.0,2.7966,1.035,N,NA,NA,NA,NA,NA,Y,omnivore,omnivore,NA,NA,NA,NA,NA
Nycticebus menagensis,Nycticebus_menagensis,Primates,Lorisidae,282.0,2.4502,1.035,N,NA,NA,NA,NA,NA,Y,omnivore,omnivore,NA,NA,NA,NA,NA
Nycticebus pygmaeus,Nycticebus_pygmaeus,Primates,Lorisidae,907.525,2.9579,1.12,Y,19.89,22.277,0.0245,1.2986,-1.61,Y,omnivore,omnivore,80.0,40.0,40.0,20.0,N
Perodicticus edwardsi,Perodicticus_edwardsi,Primates,Lorisidae,1210.0,3.0828,1.03,N,NA,NA,NA,NA,NA,Y,omnivore,omnivore,10.0,10.0,0.0,80.0,Y
Perodicticus ibeanus,Perodicticus_ibeanus,Primates,Lorisidae,1014.0,3.006,1.03,N,NA,NA,NA,NA,NA,Y,omnivore,omnivore,NA,NA,NA,NA,NA
Perodicticus potto,Perodicticus_potto,Primates,Lorisidae,1011.0,3.0048,1.03,Y,37.16,38.275,0.0379,1.5701,-1.4218,Y,omnivore,omnivore,10.0,10.0,0.0,80.0,N
Cacajao calvus,Cacajao_calvus,Primates,Pitheciidae,3421.04,3.5342,1.0,Y,NA,NA,NA,NA,NA,Y,herbivore,herbivore,20.0,10.0,10.0,70.0,N
Cacajao hosomi,Cacajao_hosomi,Primates,Pitheciidae,3100.0,3.4914,1.0,N,NA,NA,NA,NA,NA,Y,omnivore,omnivore,20.0,10.0,10.0,70.0,N
Callicebus barbarabrownae,Callicebus_barbarabrownae,Primates,Pitheciidae,1390.8,3.1433,1.01,N,NA,NA,NA,NA,NA,Y,omnivore,omnivore,20.0,20.0,0.0,50.0,N
Callicebus coimbrai,Callicebus_coimbrai,Primates,Pitheciidae,1390.8,3.1433,1.01,N,NA,NA,NA,NA,NA,Y,omnivore,omnivore,20.0,20.0,0.0,50.0,N
Callicebus melanochir,Callicebus_melanochir,Primates,Pitheciidae,1390.8,3.1433,1.01,N,NA,NA,NA,NA,NA,Y,herbivore,herbivore,20.0,20.0,0.0,50.0,N
Callicebus nigrifrons,Callicebus_nigrifrons,Primates,Pitheciidae,1390.8,3.1433,1.01,N,NA,NA,NA,NA,NA,Y,herbivore,herbivore,20.0,20.0,0.0,50.0,N
Callicebus personatus,Callicebus_personatus,Primates,Pitheciidae,1390.8,3.1433,1.01,Y,NA,NA,NA,NA,NA,Y,omnivore,omnivore,20.0,20.0,0.0,50.0,N
Chiropotes albinasus,Chiropotes_albinasus,Primates,Pitheciidae,2900.0,3.4624,1.0,Y,NA,NA,NA,NA,NA,Y,herbivore,herbivore,10.0,10.0,0.0,40.0,N
Chiropotes chiropotes,Chiropotes_chiropotes,Primates,Pitheciidae,2942.5,3.4687,1.0,N,NA,NA,NA,NA,NA,Y,herbivore,herbivore,10.0,10.0,0.0,70.0,N
Chiropotes satanas,Chiropotes_satanas,Primates,Pitheciidae,2942.5,3.4687,1.0,Y,NA,NA,NA,NA,NA,Y,herbivore,herbivore,10.0,10.0,0.0,40.0,N
Chiropotes utahickae,Chiropotes_utahickae,Primates,Pitheciidae,2942.5,3.4687,1.0,N,NA,NA,NA,NA,NA,Y,herbivore,herbivore,0.0,0.0,0.0,30.0,N
Pithecia chrysocephala,Pithecia_chrysocephala,Primates,Pitheciidae,1900.0,3.2788,1.0,N,NA,NA,NA,NA,NA,Y,herbivore,herbivore,NA,NA,NA,NA,NA
Pithecia milleri,Pithecia_milleri,Primates,Pitheciidae,1537.5,3.1868,1.0,Y,119.85,119.85,0.078,2.0786,-1.1082,Y,omnivore,omnivore,30.0,0.0,30.0,30.0,N
Pithecia pithecia,Pithecia_pithecia,Primates,Pitheciidae,1480.0,3.1703,1.0,Y,NA,NA,NA,NA,NA,Y,herbivore,herbivore,30.0,0.0,30.0,30.0,N
Pithecia vanzolinii,Pithecia_vanzolinii,Primates,Pitheciidae,2241.0,3.3504,1.0,N,NA,NA,NA,NA,NA,Y,omnivore,omnivore,30.0,0.0,30.0,30.0,N
Tarsius dentatus,Tarsius_dentatus,Primates,Tarsiidae,141.71,2.1514,1.0,Y,NA,NA,NA,NA,NA,Y,carnivore,carnivore_invertebrate,100.0,100.0,0.0,0.0,N
Tarsius pelengensis,Tarsius_pelengensis,Primates,Tarsiidae,173.0,2.238,1.01,Y,NA,NA,NA,NA,NA,Y,carnivore,carnivore_invertebrate,100.0,100.0,0.0,0.0,N
Tarsius pumilus,Tarsius_pumilus,Primates,Tarsiidae,173.0,2.238,1.0,Y,NA,NA,NA,NA,NA,Y,carnivore,carnivore_invertebrate,100.0,100.0,0.0,0.0,N
Tarsius sangirensis,Tarsius_sangirensis,Primates,Tarsiidae,173.0,2.238,1.01,Y,NA,NA,NA,NA,NA,Y,carnivore,carnivore_invertebrate,100.0,100.0,0.0,0.0,N
Tarsius tarsier,Tarsius_tarsier,Primates,Tarsiidae,173.0,2.238,1.0,Y,23.99,23.99,0.1387,1.38,-0.858,Y,carnivore,carnivore_invertebrate,100.0,100.0,0.0,0.0,N
Tarsius tumpara,Tarsius_tumpara,Primates,Tarsiidae,104.0,2.017,1.01,N,NA,NA,NA,NA,NA,Y,carnivore,carnivore_unknown,NA,NA,NA,NA,NA
Elephas maximus,Elephas_maximus,Proboscidea,Elephantidae,3220000.0,6.5079,1.0,Y,97000.0,97000.0,0.0301,4.9868,-1.5211,Y,herbivore,herbivore,0.0,0.0,0.0,0.0,N
Loxodonta africana,Loxodonta_africana,Proboscidea,Elephantidae,4565000.0,6.6594,1.0,Y,105000.0,105000.0,0.023,5.0212,-1.6383,Y,herbivore,herbivore,0.0,0.0,0.0,0.0,N
Abrocoma bennettii,Abrocoma_bennettii,Rodentia,Abrocomidae,265.5,2.4241,3.0,Y,NA,NA,NA,NA,NA,Y,herbivore,herbivore,0.0,0.0,0.0,0.0,N
Abrocoma budini,Abrocoma_budini,Rodentia,Abrocomidae,221.82,2.346,1.995,N,NA,NA,NA,NA,NA,Y,herbivore,herbivore,0.0,0.0,0.0,0.0,Y
Abrocoma cinerea,Abrocoma_cinerea,Rodentia,Abrocomidae,221.82,2.346,1.995,Y,13.26,26.454,0.1193,1.1225,-0.9235,Y,herbivore,herbivore,0.0,0.0,0.0,0.0,N
Abrocoma famatina,Abrocoma_famatina,Rodentia,Abrocomidae,221.82,2.346,1.995,N,NA,NA,NA,NA,NA,Y,herbivore,herbivore,0.0,0.0,0.0,0.0,Y
Abrocoma shistacea,Abrocoma_shistacea,Rodentia,Abrocomidae,221.82,2.346,1.995,N,NA,NA,NA,NA,NA,Y,herbivore,herbivore,0.0,0.0,0.0,0.0,Y
Abrocoma vaccarum,Abrocoma_vaccarum,Rodentia,Abrocomidae,221.82,2.346,1.995,N,NA,NA,NA,NA,NA,Y,herbivore,herbivore,0.0,0.0,0.0,0.0,Y
Anomalurus beecrofti,Anomalurus_beecrofti,Rodentia,Anomaluridae,434.035,2.6375,0.99,Y,NA,NA,NA,NA,NA,Y,omnivore,omnivore,10.0,10.0,0.0,40.0,N
Anomalurus derbianus,Anomalurus_derbianus,Rodentia,Anomaluridae,770.0,2.8865,1.17,Y,NA,NA,NA,NA,NA,Y,omnivore,omnivore,10.0,10.0,0.0,40.0,N
Anomalurus pelii,Anomalurus_pelii,Rodentia,Anomaluridae,1650.0,3.2175,2.5,Y,NA,NA,NA,NA,NA,Y,omnivore,omnivore,10.0,10.0,0.0,40.0,N
Idiurus macrotis,Idiurus_macrotis,Rodentia,Anomaluridae,27.23,1.435,0.97,Y,NA,NA,NA,NA,NA,Y,herbivore,herbivore,0.0,0.0,0.0,100.0,N
Idiurus zenkeri,Idiurus_zenkeri,Rodentia,Anomaluridae,57.875,1.7625,1.0,Y,NA,NA,NA,NA,NA,Y,herbivore,herbivore,0.0,0.0,0.0,100.0,N
Aplodontia rufa,Aplodontia_rufa,Rodentia,Aplodontiidae,706.8,2.8493,2.8,Y,23.12,64.736,0.0916,1.364,-1.0382,Y,herbivore,herbivore,0.0,0.0,0.0,0.0,N
Bathyergus janetta,Bathyergus_janetta,Rodentia,Bathyergidae,627.5,2.7976,3.3,Y,15.39,50.787,0.0809,1.1872,-1.0919,Y,herbivore,herbivore,0.0,0.0,0.0,0.0,N
Bathyergus suillus,Bathyergus_suillus,Rodentia,Bathyergidae,664.4,2.8224,3.13,Y,33.99,106.389,0.1601,1.5314,-0.7955,Y,herbivore,herbivore,0.0,0.0,0.0,0.0,N
Cryptomys hottentotus,Cryptomys_hottentotus,Rodentia,Bathyergidae,78.425,1.8945,2.86,Y,8.24,23.566,0.3005,0.9159,-0.5222,Y,herbivore,herbivore,0.0,0.0,0.0,0.0,N
Fukomys bocagei,Fukomys_bocagei,Rodentia,Bathyergidae,79.5,1.9004,2.86,N,NA,NA,NA,NA,NA,Y,herbivore,herbivore,0.0,0.0,0.0,0.0,N
Fukomys damarensis,Fukomys_damarensis,Rodentia,Bathyergidae,134.65,2.1292,2.5,Y,8.49,21.225,0.1576,0.9289,-0.8024,Y,herbivore,herbivore,0.0,0.0,0.0,0.0,N
Fukomys darlingi,Fukomys_darlingi,Rodentia,Bathyergidae,77.95,1.8918,2.67,Y,7.54,20.132,0.2583,0.8774,-0.5879,Y,herbivore,herbivore,0.0,0.0,0.0,0.0,Y
Fukomys mechowi,Fukomys_mechowi,Rodentia,Bathyergidae,270.52,2.4322,2.6,Y,18.77,48.802,0.1804,1.2735,-0.7438,Y,herbivore,herbivore,0.0,0.0,0.0,0.0,N
Fukomys ochraceocinereus,Fukomys_ochraceocinereus,Rodentia,Bathyergidae,200.0,2.301,3.0,Y,NA,NA,NA,NA,NA,Y,herbivore,herbivore,0.0,0.0,0.0,0.0,N
Georychus capensis,Georychus_capensis,Rodentia,Bathyergidae,189.68,2.278,5.94,Y,8.12,48.233,0.2543,0.9096,-0.5947,Y,herbivore,herbivore,0.0,0.0,0.0,0.0,N
Heliophobius argenteocinereus,Heliophobius_argenteocinereus,Rodentia,Bathyergidae,89.0,1.9494,2.53,Y,7.0,17.71,0.199,0.8451,-0.7012,Y,herbivore,herbivore,0.0,0.0,0.0,0.0,N
Heterocephalus glaber,Heterocephalus_glaber,Rodentia,Bathyergidae,35.0,1.5441,8.95,Y,1.86,16.647,0.4756,0.2695,-0.3227,Y,herbivore,herbivore,0.0,0.0,0.0,0.0,N
Calomyscus bailwardi,Calomyscus_bailwardi,Rodentia,Calomyscidae,20.4,1.3096,3.33,Y,NA,NA,NA,NA,NA,Y,omnivore,omnivore,10.0,10.0,0.0,0.0,N
Calomyscus baluchi,Calomyscus_baluchi,Rodentia,Calomyscidae,20.4,1.3096,3.33,N,NA,NA,NA,NA,NA,Y,omnivore,omnivore,10.0,10.0,0.0,0.0,N
Calomyscus elburzensis,Calomyscus_elburzensis,Rodentia,Calomyscidae,20.4,1.3096,3.665,N,NA,NA,NA,NA,NA,Y,herbivore,herbivore,20.0,20.0,0.0,0.0,Y
Calomyscus grandis,Calomyscus_grandis,Rodentia,Calomyscidae,20.4,1.3096,3.33,N,NA,NA,NA,NA,NA,Y,omnivore,omnivore,20.0,20.0,0.0,0.0,Y
Calomyscus hotsoni,Calomyscus_hotsoni,Rodentia,Calomyscidae,20.4,1.3096,3.33,N,NA,NA,NA,NA,NA,Y,omnivore,omnivore,10.0,10.0,0.0,0.0,N
Calomyscus mystax,Calomyscus_mystax,Rodentia,Calomyscidae,20.4,1.3096,3.665,Y,NA,NA,NA,NA,NA,Y,herbivore,herbivore,10.0,10.0,0.0,0.0,N
Calomyscus urartensis,Calomyscus_urartensis,Rodentia,Calomyscidae,20.4,1.3096,3.33,N,NA,NA,NA,NA,NA,Y,herbivore,herbivore,10.0,10.0,0.0,0.0,N
Capromys pilorides,Capromys_pilorides,Rodentia,Capromyidae,4683.3,3.6706,2.0,Y,199.49,398.98,0.0852,2.2999,-1.0696,Y,omnivore,omnivore,0.0,0.0,0.0,30.0,Y
Geocapromys brownii,Geocapromys_brownii,Rodentia,Capromyidae,1500.0,3.1761,1.8,Y,NA,NA,NA,NA,NA,Y,herbivore,herbivore,0.0,0.0,0.0,30.0,Y
Geocapromys ingrahami,Geocapromys_ingrahami,Rodentia,Capromyidae,733.52,2.8654,1.02,Y,76.68,78.214,0.1066,1.8847,-0.9721,Y,herbivore,herbivore,0.0,0.0,0.0,30.0,Y
Geocapromys thoracatus,Geocapromys_thoracatus,Rodentia,Capromyidae,1500.0,3.1761,1.8,N,NA,NA,NA,NA,NA,Y,herbivore,herbivore,0.0,0.0,0.0,30.0,Y
Mesocapromys nanus,Mesocapromys_nanus,Rodentia,Capromyidae,1341.224,3.1275,1.0,Y,NA,NA,NA,NA,NA,Y,omnivore,omnivore,0.0,0.0,0.0,30.0,Y
Mysateles melanurus,Mysateles_melanurus,Rodentia,Capromyidae,1426.071,3.1541,1.75,Y,NA,NA,NA,NA,NA,Y,omnivore,omnivore,0.0,0.0,0.0,30.0,Y
Mysateles prehensilis,Mysateles_prehensilis,Rodentia,Capromyidae,1591.6,3.2018,2.0,Y,NA,NA,NA,NA,NA,Y,omnivore,omnivore,0.0,0.0,0.0,30.0,Y
Plagiodontia aedium,Plagiodontia_aedium,Rodentia,Capromyidae,1267.0,3.1028,1.14,Y,105.76,120.566,0.0952,2.0243,-1.0216,Y,herbivore,herbivore,0.0,0.0,0.0,30.0,N
Castor canadensis,Castor_canadensis,Rodentia,Castoridae,19928.335,4.2995,3.58,Y,415.17,1486.309,0.0746,2.6182,-1.1274,Y,herbivore,herbivore,0.0,0.0,0.0,0.0,N
Castor fiber,Castor_fiber,Rodentia,Castoridae,19000.0,4.2788,3.055,Y,550.27,1681.075,0.0885,2.7406,-1.0532,Y,herbivore,herbivore,0.0,0.0,0.0,0.0,N
Cavia aperea,Cavia_aperea,Rodentia,Caviidae,341.0,2.5328,2.48,Y,58.38,144.782,0.4246,1.7663,-0.372,Y,herbivore,herbivore,0.0,0.0,0.0,0.0,N
Cavia fulgida,Cavia_fulgida,Rodentia,Caviidae,282.5,2.451,1.34,Y,NA,NA,NA,NA,NA,Y,herbivore,herbivore,0.0,0.0,0.0,0.0,N
Cavia patzelti,Cavia_patzelti,Rodentia,Caviidae,341.0,2.5328,2.48,N,NA,NA,NA,NA,NA,Y,herbivore,herbivore,NA,NA,NA,NA,NA
Cavia tschudii,Cavia_tschudii,Rodentia,Caviidae,580.94,2.7641,2.02,Y,NA,NA,NA,NA,NA,Y,herbivore,herbivore,0.0,0.0,0.0,0.0,N
Dolichotis patagonum,Dolichotis_patagonum,Rodentia,Caviidae,12500.0,4.0969,1.875,Y,578.96,1085.55,0.0868,2.7626,-1.0613,Y,herbivore,herbivore,0.0,0.0,0.0,0.0,N
Dolichotis salinicola,Dolichotis_salinicola,Rodentia,Caviidae,1610.3,3.2069,1.595,Y,199.0,317.405,0.1971,2.2989,-0.7053,Y,herbivore,herbivore,0.0,0.0,0.0,0.0,N
Galea comes,Galea_comes,Rodentia,Caviidae,337.875,2.5288,2.63,N,NA,NA,NA,NA,NA,Y,herbivore,herbivore,NA,NA,NA,NA,NA
Galea leucoblephara,Galea_leucoblephara,Rodentia,Caviidae,337.875,2.5288,2.63,N,NA,NA,NA,NA,NA,Y,herbivore,herbivore,NA,NA,NA,NA,NA
Galea musteloides,Galea_musteloides,Rodentia,Caviidae,337.875,2.5288,2.63,Y,37.39,98.336,0.291,1.5728,-0.536,Y,herbivore,herbivore,0.0,0.0,0.0,0.0,N
Galea spixii,Galea_spixii,Rodentia,Caviidae,360.61,2.557,2.4,Y,33.62,80.688,0.2238,1.5266,-0.6502,Y,herbivore,herbivore,0.0,0.0,0.0,0.0,N
Hydrochoerus hydrochaeris,Hydrochoerus_hydrochaeris,Rodentia,Caviidae,51572.455,4.7124,3.485,Y,1500.0,5227.5,0.1014,3.1761,-0.9941,Y,herbivore,herbivore,0.0,0.0,0.0,10.0,N
Hydrochoerus isthmius,Hydrochoerus_isthmius,Rodentia,Caviidae,21267.32,4.3277,4.99,Y,NA,NA,NA,NA,NA,Y,herbivore,herbivore,0.0,0.0,0.0,10.0,Y
Kerodon rupestris,Kerodon_rupestris,Rodentia,Caviidae,875.5,2.9423,1.52,Y,82.44,125.309,0.1431,1.9161,-0.8443,Y,herbivore,herbivore,0.0,0.0,0.0,0.0,N
Microcavia australis,Microcavia_australis,Rodentia,Caviidae,305.745,2.4854,2.48,Y,30.39,75.367,0.2465,1.4827,-0.6082,Y,herbivore,herbivore,0.0,0.0,0.0,30.0,N
Microcavia niata,Microcavia_niata,Rodentia,Caviidae,254.835,2.4063,3.16,Y,NA,NA,NA,NA,NA,Y,herbivore,herbivore,0.0,0.0,0.0,30.0,N
Microcavia shiptoni,Microcavia_shiptoni,Rodentia,Caviidae,185.0,2.2672,3.16,Y,NA,NA,NA,NA,NA,Y,herbivore,herbivore,0.0,0.0,0.0,30.0,N
Chinchilla chinchilla,Chinchilla_chinchilla,Rodentia,Chinchillidae,492.495,2.6924,1.75,Y,NA,NA,NA,NA,NA,Y,herbivore,herbivore,0.0,0.0,0.0,0.0,Y
Chinchilla lanigera,Chinchilla_lanigera,Rodentia,Chinchillidae,485.0,2.6857,1.685,Y,39.59,66.709,0.1375,1.5976,-0.8616,Y,herbivore,herbivore,0.0,0.0,0.0,0.0,N
Lagidium viscacia,Lagidium_viscacia,Rodentia,Chinchillidae,1392.495,3.1438,1.25,Y,258.61,323.262,0.2321,2.4126,-0.6342,Y,herbivore,herbivore,0.0,0.0,0.0,0.0,N
Lagidium wolffsohni,Lagidium_wolffsohni,Rodentia,Chinchillidae,1539.995,3.1875,1.5,N,NA,NA,NA,NA,NA,Y,herbivore,herbivore,0.0,0.0,0.0,0.0,N
Lagostomus maximus,Lagostomus_maximus,Rodentia,Chinchillidae,6392.0,3.8056,2.0,Y,196.0,392.0,0.0613,2.2923,-1.2124,Y,herbivore,herbivore,0.0,0.0,0.0,0.0,N
Abrothrix longipilis,Abrothrix_longipilis,Rodentia,Cricetidae,185.0,2.2672,4.845,Y,3.29,15.94,0.0862,0.5172,-1.0647,Y,omnivore,omnivore,30.0,30.0,0.0,0.0,Y
Abrothrix olivaceus,Abrothrix_olivaceus,Rodentia,Cricetidae,27.0,1.4314,5.42,Y,NA,NA,NA,NA,NA,Y,omnivore,omnivore,30.0,30.0,0.0,0.0,Y
Akodon aerosus,Akodon_aerosus,Rodentia,Cricetidae,54.995,1.7403,5.0,N,NA,NA,NA,NA,NA,Y,omnivore,omnivore,80.0,80.0,0.0,0.0,N
Akodon azarae,Akodon_azarae,Rodentia,Cricetidae,24.0,1.3802,4.32,Y,NA,NA,NA,NA,NA,Y,omnivore,omnivore,80.0,80.0,0.0,0.0,N
Akodon boliviensis,Akodon_boliviensis,Rodentia,Cricetidae,26.725,1.4269,4.18,Y,NA,NA,NA,NA,NA,Y,omnivore,omnivore,80.0,80.0,0.0,0.0,N
Akodon cursor,Akodon_cursor,Rodentia,Cricetidae,39.77,1.5996,3.0,N,NA,NA,NA,NA,NA,Y,omnivore,omnivore,80.0,80.0,0.0,0.0,N
Akodon dayi,Akodon_dayi,Rodentia,Cricetidae,37.3,1.5717,3.0,N,NA,NA,NA,NA,NA,Y,omnivore,omnivore,80.0,80.0,0.0,0.0,N
Akodon dolores,Akodon_dolores,Rodentia,Cricetidae,42.5,1.6284,3.445,Y,2.94,10.128,0.2383,0.4683,-0.6229,Y,omnivore,omnivore,80.0,80.0,0.0,0.0,N
Akodon molinae,Akodon_molinae,Rodentia,Cricetidae,35.15,1.5459,3.77,Y,2.94,11.084,0.3153,0.4683,-0.5012,Y,omnivore,omnivore,80.0,80.0,0.0,0.0,N
Akodon montensis,Akodon_montensis,Rodentia,Cricetidae,39.7,1.5988,3.0,N,NA,NA,NA,NA,NA,Y,omnivore,omnivore,70.0,70.0,0.0,0.0,Y
Akodon pervalens,Akodon_pervalens,Rodentia,Cricetidae,38.99,1.591,3.0,N,NA,NA,NA,NA,NA,Y,omnivore,omnivore,70.0,70.0,0.0,0.0,Y
Akodon simulator,Akodon_simulator,Rodentia,Cricetidae,40.0,1.6021,3.0,N,NA,NA,NA,NA,NA,Y,omnivore,omnivore,80.0,80.0,0.0,0.0,N
Akodon spegazzinii,Akodon_spegazzinii,Rodentia,Cricetidae,33.075,1.5195,3.59,N,NA,NA,NA,NA,NA,Y,omnivore,omnivore,80.0,80.0,0.0,0.0,N
Akodon subfuscus,Akodon_subfuscus,Rodentia,Cricetidae,27.5,1.4393,4.18,N,NA,NA,NA,NA,NA,Y,omnivore,omnivore,80.0,80.0,0.0,0.0,N
Akodon sylvanus,Akodon_sylvanus,Rodentia,Cricetidae,38.99,1.591,3.0,N,NA,NA,NA,NA,NA,Y,omnivore,omnivore,80.0,80.0,0.0,0.0,N
Akodon toba,Akodon_toba,Rodentia,Cricetidae,40.0,1.6021,3.0,N,NA,NA,NA,NA,NA,Y,omnivore,omnivore,80.0,80.0,0.0,0.0,N
Akodon varius,Akodon_varius,Rodentia,Cricetidae,38.65,1.5871,3.0,N,NA,NA,NA,NA,NA,Y,omnivore,omnivore,80.0,80.0,0.0,0.0,N
Allocricetulus curtatus,Allocricetulus_curtatus,Rodentia,Cricetidae,30.7,1.4871,5.19,Y,NA,NA,NA,NA,NA,Y,herbivore,herbivore,20.0,20.0,0.0,10.0,Y
Allocricetulus eversmanni,Allocricetulus_eversmanni,Rodentia,Cricetidae,115.558,2.0628,4.99,Y,NA,NA,NA,NA,NA,Y,omnivore,omnivore,20.0,20.0,0.0,10.0,Y
Alticola argentatus,Alticola_argentatus,Rodentia,Cricetidae,37.69,1.5762,4.435,Y,NA,NA,NA,NA,NA,Y,herbivore,herbivore,0.0,0.0,0.0,0.0,N
Alticola montosa,Alticola_montosa,Rodentia,Cricetidae,36.0,1.5563,4.87,N,NA,NA,NA,NA,NA,Y,herbivore,herbivore,0.0,0.0,0.0,0.0,N
Alticola olchonensis,Alticola_olchonensis,Rodentia,Cricetidae,37.69,1.5762,4.435,N,NA,NA,NA,NA,NA,Y,herbivore,herbivore,0.0,0.0,0.0,0.0,Y
Alticola roylei,Alticola_roylei,Rodentia,Cricetidae,36.0,1.5563,4.87,Y,NA,NA,NA,NA,NA,Y,herbivore,herbivore,0.0,0.0,0.0,0.0,N
Alticola semicanus,Alticola_semicanus,Rodentia,Cricetidae,36.0,1.5563,4.87,N,NA,NA,NA,NA,NA,Y,herbivore,herbivore,0.0,0.0,0.0,0.0,N
Alticola stoliczkanus,Alticola_stoliczkanus,Rodentia,Cricetidae,30.14,1.4791,7.77,Y,NA,NA,NA,NA,NA,Y,herbivore,herbivore,0.0,0.0,0.0,0.0,N
Alticola strelzowi,Alticola_strelzowi,Rodentia,Cricetidae,49.995,1.6989,7.3,Y,3.0,21.9,0.438,0.4771,-0.3585,Y,herbivore,herbivore,0.0,0.0,0.0,0.0,N
Andinomys edax,Andinomys_edax,Rodentia,Cricetidae,69.75,1.8435,2.91,Y,NA,NA,NA,NA,NA,Y,herbivore,herbivore,0.0,0.0,0.0,0.0,N
Anotomys leander,Anotomys_leander,Rodentia,Cricetidae,66.39,1.8221,0.97,Y,NA,NA,NA,NA,NA,Y,carnivore,carnivore_invertebrate,20.0,20.0,0.0,10.0,Y
Arborimus albipes,Arborimus_albipes,Rodentia,Cricetidae,23.0,1.3617,2.765,Y,NA,NA,NA,NA,NA,Y,herbivore,herbivore,0.0,0.0,0.0,0.0,N
Arborimus longicaudus,Arborimus_longicaudus,Rodentia,Cricetidae,22.39,1.3501,2.74,Y,2.49,6.823,0.3047,0.3962,-0.5161,Y,herbivore,herbivore,0.0,0.0,0.0,0.0,N
Arborimus pomo,Arborimus_pomo,Rodentia,Cricetidae,34.245,1.5346,1.75,Y,2.39,4.182,0.1221,0.3784,-0.9132,Y,herbivore,herbivore,0.0,0.0,0.0,0.0,N
Arvicola amphibius,Arvicola_amphibius,Rodentia,Cricetidae,108.75,2.0364,5.08,Y,5.29,26.873,0.2471,0.7235,-0.6071,Y,omnivore,omnivore,0.0,0.0,0.0,20.0,N
Arvicola sapidus,Arvicola_sapidus,Rodentia,Cricetidae,120.0,2.0792,5.04,Y,NA,NA,NA,NA,NA,Y,herbivore,herbivore,0.0,0.0,0.0,20.0,N
Arvicola scherman,Arvicola_scherman,Rodentia,Cricetidae,97.5,1.989,5.09,N,NA,NA,NA,NA,NA,Y,herbivore,herbivore,0.0,0.0,0.0,20.0,Y
Auliscomys boliviensis,Auliscomys_boliviensis,Rodentia,Cricetidae,73.855,1.8684,3.4,Y,NA,NA,NA,NA,NA,Y,herbivore,herbivore,50.0,50.0,0.0,0.0,N
Baiomys musculus,Baiomys_musculus,Rodentia,Cricetidae,8.99,0.9538,2.62,Y,1.66,4.349,0.4838,0.2201,-0.3154,Y,omnivore,omnivore,10.0,10.0,0.0,0.0,N
Baiomys taylori,Baiomys_taylori,Rodentia,Cricetidae,7.43,0.871,2.67,Y,1.15,3.07,0.4133,0.0607,-0.3838,Y,herbivore,herbivore,10.0,10.0,0.0,0.0,N
Blanfordimys afghanus,Blanfordimys_afghanus,Rodentia,Cricetidae,56.99,1.7558,3.4,Y,NA,NA,NA,NA,NA,Y,herbivore,herbivore,20.0,20.0,0.0,10.0,Y
Blarinomys breviceps,Blarinomys_breviceps,Rodentia,Cricetidae,36.79,1.5657,1.21,Y,NA,NA,NA,NA,NA,Y,carnivore,carnivore_invertebrate,20.0,20.0,0.0,10.0,Y
Calomys boliviae,Calomys_boliviae,Rodentia,Cricetidae,48.0,1.6812,4.985,N,NA,NA,NA,NA,NA,Y,herbivore,herbivore,0.0,0.0,0.0,0.0,N
Calomys callidus,Calomys_callidus,Rodentia,Cricetidae,48.6,1.6866,4.985,N,NA,NA,NA,NA,NA,Y,herbivore,herbivore,0.0,0.0,0.0,0.0,N
Calomys callosus,Calomys_callosus,Rodentia,Cricetidae,48.6,1.6866,4.985,Y,2.4,11.964,0.2462,0.3802,-0.6088,Y,herbivore,herbivore,0.0,0.0,0.0,0.0,N
Calomys expulsus,Calomys_expulsus,Rodentia,Cricetidae,48.0,1.6812,4.985,N,NA,NA,NA,NA,NA,Y,herbivore,herbivore,0.0,0.0,0.0,0.0,Y
Calomys fecundus,Calomys_fecundus,Rodentia,Cricetidae,41.0,1.6128,4.985,N,NA,NA,NA,NA,NA,Y,herbivore,herbivore,NA,NA,NA,NA,NA
Calomys hummelincki,Calomys_hummelincki,Rodentia,Cricetidae,27.0,1.4314,5.0,N,NA,NA,NA,NA,NA,Y,herbivore,herbivore,0.0,0.0,0.0,0.0,N
Calomys laucha,Calomys_laucha,Rodentia,Cricetidae,24.0,1.3802,4.975,Y,NA,NA,NA,NA,NA,Y,herbivore,herbivore,0.0,0.0,0.0,0.0,N
Calomys lepidus,Calomys_lepidus,Rodentia,Cricetidae,20.59,1.3137,4.22,Y,2.0,8.44,0.4099,0.301,-0.3873,Y,herbivore,herbivore,0.0,0.0,0.0,0.0,N
Calomys musculinus,Calomys_musculinus,Rodentia,Cricetidae,17.6,1.2455,5.35,Y,NA,NA,NA,NA,NA,Y,herbivore,herbivore,0.0,0.0,0.0,0.0,N
Calomys sorellus,Calomys_sorellus,Rodentia,Cricetidae,20.295,1.3074,4.22,N,NA,NA,NA,NA,NA,Y,herbivore,herbivore,0.0,0.0,0.0,0.0,N
Calomys tener,Calomys_tener,Rodentia,Cricetidae,14.0,1.1461,4.975,N,NA,NA,NA,NA,NA,Y,herbivore,herbivore,0.0,0.0,0.0,0.0,N
Calomys venustus,Calomys_venustus,Rodentia,Cricetidae,49.2,1.692,4.985,N,NA,NA,NA,NA,NA,Y,herbivore,herbivore,0.0,0.0,0.0,0.0,Y
Cansumys canus,Cansumys_canus,Rodentia,Cricetidae,25.0,1.3979,4.24,N,NA,NA,NA,NA,NA,Y,herbivore,herbivore,20.0,20.0,0.0,10.0,Y
Caryomys inez,Caryomys_inez,Rodentia,Cricetidae,23.5,1.3711,1.94,Y,NA,NA,NA,NA,NA,Y,omnivore,omnivore,0.0,0.0,0.0,0.0,N
Cerradomys maracajuensis,Cerradomys_maracajuensis,Rodentia,Cricetidae,49.91,1.6982,4.585,N,NA,NA,NA,NA,NA,Y,omnivore,omnivore,20.0,20.0,0.0,20.0,Y
Cerradomys marinhus,Cerradomys_marinhus,Rodentia,Cricetidae,49.91,1.6982,4.585,N,NA,NA,NA,NA,NA,Y,omnivore,omnivore,20.0,20.0,0.0,20.0,Y
Cerradomys scotti,Cerradomys_scotti,Rodentia,Cricetidae,49.91,1.6982,4.585,N,NA,NA,NA,NA,NA,Y,omnivore,omnivore,20.0,20.0,0.0,20.0,Y
Cerradomys subflavus,Cerradomys_subflavus,Rodentia,Cricetidae,49.91,1.6982,4.585,Y,5.89,27.006,0.5411,0.7701,-0.2667,Y,omnivore,omnivore,20.0,20.0,0.0,20.0,N
Chelemys macronyx,Chelemys_macronyx,Rodentia,Cricetidae,60.895,1.7846,4.37,Y,NA,NA,NA,NA,NA,Y,omnivore,omnivore,30.0,30.0,0.0,0.0,N
Chibchanomys trichotis,Chibchanomys_trichotis,Rodentia,Cricetidae,49.99,1.6989,0.97,Y,NA,NA,NA,NA,NA,Y,carnivore,carnivore_invertebrate,20.0,20.0,0.0,10.0,Y
Chionomys gud,Chionomys_gud,Rodentia,Cricetidae,93.5,1.9708,5.83,Y,NA,NA,NA,NA,NA,Y,herbivore,herbivore,0.0,0.0,0.0,0.0,N
Chionomys nivalis,Chionomys_nivalis,Rodentia,Cricetidae,42.01,1.6234,3.045,Y,3.7,11.266,0.2682,0.5682,-0.5716,Y,herbivore,herbivore,0.0,0.0,0.0,0.0,N
Chionomys roberti,Chionomys_roberti,Rodentia,Cricetidae,93.5,1.9708,1.94,Y,NA,NA,NA,NA,NA,Y,herbivore,herbivore,0.0,0.0,0.0,0.0,N
Cricetulus barabensis,Cricetulus_barabensis,Rodentia,Cricetidae,22.85,1.3589,5.33,Y,2.0,10.66,0.4665,0.301,-0.3311,Y,herbivore,herbivore,0.0,0.0,0.0,0.0,N
Cricetulus longicaudatus,Cricetulus_longicaudatus,Rodentia,Cricetidae,22.1,1.3444,5.71,Y,NA,NA,NA,NA,NA,Y,herbivore,herbivore,0.0,0.0,0.0,0.0,N
Cricetulus migratorius,Cricetulus_migratorius,Rodentia,Cricetidae,30.7,1.4871,4.65,Y,NA,NA,NA,NA,NA,Y,carnivore,carnivore_invertebrate,0.0,0.0,0.0,0.0,N
Cricetus cricetus,Cricetus_cricetus,Rodentia,Cricetidae,400.0,2.6021,7.14,Y,4.71,33.629,0.0841,0.673,-1.0753,Y,omnivore,omnivore,20.0,10.0,10.0,0.0,N
Dicrostonyx groenlandicus,Dicrostonyx_groenlandicus,Rodentia,Cricetidae,58.44,1.7667,3.4,Y,4.42,15.028,0.2572,0.6454,-0.5898,Y,herbivore,herbivore,0.0,0.0,0.0,20.0,N
Dicrostonyx hudsonius,Dicrostonyx_hudsonius,Rodentia,Cricetidae,57.0,1.7559,3.49,Y,NA,NA,NA,NA,NA,Y,herbivore,herbivore,0.0,0.0,0.0,20.0,N
Dicrostonyx nelsoni,Dicrostonyx_nelsoni,Rodentia,Cricetidae,58.44,1.7667,3.4,N,NA,NA,NA,NA,NA,Y,herbivore,herbivore,0.0,0.0,0.0,20.0,N
Dicrostonyx nunatakensis,Dicrostonyx_nunatakensis,Rodentia,Cricetidae,58.44,1.7667,3.4,N,NA,NA,NA,NA,NA,Y,herbivore,herbivore,0.0,0.0,0.0,20.0,N
Dicrostonyx richardsoni,Dicrostonyx_richardsoni,Rodentia,Cricetidae,57.62,1.7606,3.45,N,NA,NA,NA,NA,NA,Y,herbivore,herbivore,0.0,0.0,0.0,20.0,N
Dicrostonyx torquatus,Dicrostonyx_torquatus,Rodentia,Cricetidae,67.885,1.8318,3.85,Y,3.05,11.742,0.173,0.4843,-0.762,Y,herbivore,herbivore,0.0,0.0,0.0,20.0,N
Dicrostonyx unalascensis,Dicrostonyx_unalascensis,Rodentia,Cricetidae,58.44,1.7667,3.27,Y,5.02,16.415,0.2809,0.7007,-0.5515,Y,herbivore,herbivore,0.0,0.0,0.0,20.0,N
Dicrostonyx vinogradovi,Dicrostonyx_vinogradovi,Rodentia,Cricetidae,67.885,1.8318,3.85,N,NA,NA,NA,NA,NA,Y,herbivore,herbivore,0.0,0.0,0.0,20.0,N
Dinaromys bogdanovi,Dinaromys_bogdanovi,Rodentia,Cricetidae,56.0,1.7482,2.5,Y,NA,NA,NA,NA,NA,Y,herbivore,herbivore,0.0,0.0,0.0,0.0,N
Eligmodontia puerulus,Eligmodontia_puerulus,Rodentia,Cricetidae,19.45,1.2889,5.12,N,NA,NA,NA,NA,NA,Y,omnivore,omnivore,10.0,10.0,0.0,0.0,N
Eligmodontia typus,Eligmodontia_typus,Rodentia,Cricetidae,17.5,1.243,5.12,Y,1.72,8.806,0.5032,0.2355,-0.2982,Y,omnivore,omnivore,10.0,10.0,0.0,0.0,N
Ellobius fuscocapillus,Ellobius_fuscocapillus,Rodentia,Cricetidae,80.0,1.9031,3.565,Y,NA,NA,NA,NA,NA,Y,herbivore,herbivore,0.0,0.0,0.0,0.0,N
Ellobius lutescens,Ellobius_lutescens,Rodentia,Cricetidae,80.0,1.9031,3.67,Y,NA,NA,NA,NA,NA,Y,herbivore,herbivore,0.0,0.0,0.0,0.0,N
Ellobius talpinus,Ellobius_talpinus,Rodentia,Cricetidae,39.0,1.5911,3.635,Y,NA,NA,NA,NA,NA,Y,herbivore,herbivore,0.0,0.0,0.0,0.0,N
Ellobius tancrei,Ellobius_tancrei,Rodentia,Cricetidae,39.0,1.5911,3.635,N,NA,NA,NA,NA,NA,Y,herbivore,herbivore,0.0,0.0,0.0,0.0,N
Eolagurus luteus,Eolagurus_luteus,Rodentia,Cricetidae,26.0,1.415,7.5,Y,NA,NA,NA,NA,NA,Y,herbivore,herbivore,0.0,0.0,0.0,0.0,N
Eothenomys cachinus,Eothenomys_cachinus,Rodentia,Cricetidae,19.59,1.292,1.8,N,NA,NA,NA,NA,NA,Y,omnivore,omnivore,0.0,0.0,0.0,0.0,Y
Eothenomys melanogaster,Eothenomys_melanogaster,Rodentia,Cricetidae,19.59,1.292,1.8,Y,NA,NA,NA,NA,NA,Y,omnivore,omnivore,0.0,0.0,0.0,0.0,N
Eothenomys miletus,Eothenomys_miletus,Rodentia,Cricetidae,19.59,1.292,1.8,N,NA,NA,NA,NA,NA,Y,omnivore,omnivore,0.0,0.0,0.0,0.0,Y
Euneomys fossor,Euneomys_fossor,Rodentia,Cricetidae,56.9,1.7551,3.4,N,NA,NA,NA,NA,NA,Y,herbivore,herbivore,0.0,0.0,0.0,0.0,N
Euryoryzomys emmonsae,Euryoryzomys_emmonsae,Rodentia,Cricetidae,22.65,1.3551,4.345,N,NA,NA,NA,NA,NA,Y,omnivore,omnivore,20.0,20.0,0.0,20.0,Y
Euryoryzomys nitidus,Euryoryzomys_nitidus,Rodentia,Cricetidae,51.63,1.7129,4.02,N,NA,NA,NA,NA,NA,Y,omnivore,omnivore,20.0,20.0,0.0,20.0,N
Geoxus valdivianus,Geoxus_valdivianus,Rodentia,Cricetidae,30.8,1.4886,3.4,Y,NA,NA,NA,NA,NA,Y,carnivore,carnivore_invertebrate,100.0,100.0,0.0,0.0,N
Graomys domorum,Graomys_domorum,Rodentia,Cricetidae,68.86,1.838,7.01,N,NA,NA,NA,NA,NA,Y,herbivore,herbivore,0.0,0.0,0.0,30.0,N
Graomys griseoflavus,Graomys_griseoflavus,Rodentia,Cricetidae,68.32,1.8345,7.01,Y,NA,NA,NA,NA,NA,Y,herbivore,herbivore,0.0,0.0,0.0,30.0,N
Habromys ixtlani,Habromys_ixtlani,Rodentia,Cricetidae,84.99,1.9294,1.9,N,NA,NA,NA,NA,NA,Y,omnivore,omnivore,60.0,50.0,0.0,20.0,Y
Habromys lepturus,Habromys_lepturus,Rodentia,Cricetidae,84.99,1.9294,1.9,Y,NA,NA,NA,NA,NA,Y,omnivore,omnivore,60.0,50.0,0.0,20.0,N
Handleyomys alfaroi,Handleyomys_alfaroi,Rodentia,Cricetidae,41.645,1.6196,3.735,Y,NA,NA,NA,NA,NA,Y,omnivore,omnivore,20.0,20.0,0.0,20.0,N
Handleyomys chapmani,Handleyomys_chapmani,Rodentia,Cricetidae,49.99,1.6989,3.735,N,NA,NA,NA,NA,NA,Y,omnivore,omnivore,20.0,20.0,0.0,20.0,N
Handleyomys melanotis,Handleyomys_melanotis,Rodentia,Cricetidae,49.99,1.6989,3.88,Y,NA,NA,NA,NA,NA,Y,omnivore,omnivore,20.0,20.0,0.0,20.0,N
Handleyomys rhabdops,Handleyomys_rhabdops,Rodentia,Cricetidae,41.645,1.6196,3.735,N,NA,NA,NA,NA,NA,Y,omnivore,omnivore,20.0,20.0,0.0,20.0,N
Handleyomys rostratus,Handleyomys_rostratus,Rodentia,Cricetidae,49.99,1.6989,3.88,N,NA,NA,NA,NA,NA,Y,omnivore,omnivore,20.0,20.0,0.0,20.0,N
Handleyomys saturatior,Handleyomys_saturatior,Rodentia,Cricetidae,41.645,1.6196,3.735,N,NA,NA,NA,NA,NA,Y,omnivore,omnivore,20.0,20.0,0.0,20.0,N
Hodomys alleni,Hodomys_alleni,Rodentia,Cricetidae,367.795,2.5656,1.695,Y,NA,NA,NA,NA,NA,Y,herbivore,herbivore,20.0,20.0,0.0,10.0,Y
Holochilus brasiliensis,Holochilus_brasiliensis,Rodentia,Cricetidae,155.0,2.1903,3.44,Y,4.99,17.166,0.1107,0.6981,-0.9557,Y,herbivore,herbivore,10.0,10.0,0.0,0.0,N
Holochilus chacarius,Holochilus_chacarius,Rodentia,Cricetidae,155.0,2.1903,3.44,N,NA,NA,NA,NA,NA,Y,omnivore,omnivore,10.0,10.0,0.0,0.0,N
Holochilus sciureus,Holochilus_sciureus,Rodentia,Cricetidae,120.42,2.0807,5.0,Y,NA,NA,NA,NA,NA,Y,omnivore,omnivore,10.0,10.0,0.0,0.0,N
Hylaeamys laticeps,Hylaeamys_laticeps,Rodentia,Cricetidae,50.825,1.7061,4.02,N,NA,NA,NA,NA,NA,Y,omnivore,omnivore,20.0,20.0,0.0,20.0,N
Hylaeamys megacephalus,Hylaeamys_megacephalus,Rodentia,Cricetidae,50.825,1.7061,4.02,Y,3.84,15.437,0.3037,0.5843,-0.5175,Y,omnivore,omnivore,20.0,20.0,0.0,20.0,N
Hylaeamys perenensis,Hylaeamys_perenensis,Rodentia,Cricetidae,50.825,1.7061,4.02,N,NA,NA,NA,NA,NA,Y,omnivore,omnivore,20.0,20.0,0.0,20.0,Y
Hyperacrius fertilis,Hyperacrius_fertilis,Rodentia,Cricetidae,22.25,1.3473,2.5,Y,NA,NA,NA,NA,NA,Y,herbivore,herbivore,0.0,0.0,0.0,0.0,N
Hyperacrius wynnei,Hyperacrius_wynnei,Rodentia,Cricetidae,52.6,1.721,2.085,Y,NA,NA,NA,NA,NA,Y,herbivore,herbivore,0.0,0.0,0.0,0.0,N
Ichthyomys tweedii,Ichthyomys_tweedii,Rodentia,Cricetidae,118.5,2.0737,1.94,Y,NA,NA,NA,NA,NA,Y,carnivore,carnivore_invertebrate,100.0,80.0,20.0,0.0,N
Irenomys tarsalis,Irenomys_tarsalis,Rodentia,Cricetidae,43.15,1.635,3.85,Y,NA,NA,NA,NA,NA,Y,herbivore,herbivore,0.0,0.0,0.0,40.0,N
Isthmomys pirrensis,Isthmomys_pirrensis,Rodentia,Cricetidae,137.71,2.139,2.915,Y,NA,NA,NA,NA,NA,Y,omnivore,omnivore,60.0,50.0,0.0,20.0,N
Lagurus lagurus,Lagurus_lagurus,Rodentia,Cricetidae,20.3,1.3075,4.5,Y,1.25,5.625,0.2771,0.0969,-0.5574,Y,herbivore,herbivore,0.0,0.0,0.0,0.0,N
Lasiopodomys brandtii,Lasiopodomys_brandtii,Rodentia,Cricetidae,40.1,1.6031,6.0,N,NA,NA,NA,NA,NA,Y,herbivore,herbivore,0.0,0.0,0.0,0.0,N
Lemmiscus curtatus,Lemmiscus_curtatus,Rodentia,Cricetidae,28.27,1.4513,5.61,Y,1.47,8.247,0.2917,0.1673,-0.535,Y,herbivore,herbivore,0.0,0.0,0.0,0.0,N
Lemmus amurensis,Lemmus_amurensis,Rodentia,Cricetidae,60.0,1.7782,5.769,N,NA,NA,NA,NA,NA,Y,herbivore,herbivore,0.0,0.0,0.0,10.0,N
Lemmus lemmus,Lemmus_lemmus,Rodentia,Cricetidae,68.81,1.8377,5.12,Y,3.89,19.917,0.2894,0.5899,-0.5384,Y,herbivore,herbivore,0.0,0.0,0.0,10.0,N
Lemmus portenkoi,Lemmus_portenkoi,Rodentia,Cricetidae,60.0,1.7782,5.769,N,NA,NA,NA,NA,NA,Y,herbivore,herbivore,0.0,0.0,0.0,10.0,Y
Lemmus sibiricus,Lemmus_sibiricus,Rodentia,Cricetidae,60.0,1.7782,5.769,Y,3.88,22.384,0.3731,0.5888,-0.4282,Y,herbivore,herbivore,0.0,0.0,0.0,10.0,N
Lemmus trimucronatus,Lemmus_trimucronatus,Rodentia,Cricetidae,60.8,1.7839,6.39,Y,NA,NA,NA,NA,NA,Y,herbivore,herbivore,0.0,0.0,0.0,10.0,Y
Lophiomys imhausi,Lophiomys_imhausi,Rodentia,Cricetidae,755.0,2.8779,1.75,Y,NA,NA,NA,NA,NA,Y,herbivore,herbivore,0.0,0.0,0.0,0.0,N
Loxodontomys micropus,Loxodontomys_micropus,Rodentia,Cricetidae,70.76,1.8498,4.16,Y,NA,NA,NA,NA,NA,Y,herbivore,herbivore,50.0,50.0,0.0,0.0,N
Lundomys molitor,Lundomys_molitor,Rodentia,Cricetidae,238.49,2.3775,2.91,Y,NA,NA,NA,NA,NA,Y,herbivore,herbivore,20.0,20.0,0.0,10.0,Y
Megadontomys thomasi,Megadontomys_thomasi,Rodentia,Cricetidae,110.8,2.0445,2.65,Y,4.5,11.925,0.1076,0.6532,-0.9681,Y,herbivore,herbivore,0.0,0.0,0.0,80.0,N
Melanomys caliginosus,Melanomys_caliginosus,Rodentia,Cricetidae,41.0,1.6128,1.45,Y,NA,NA,NA,NA,NA,Y,omnivore,omnivore,20.0,20.0,0.0,10.0,Y
Mesocricetus auratus,Mesocricetus_auratus,Rodentia,Cricetidae,105.0,2.0212,8.69,Y,2.35,20.422,0.1945,0.3711,-0.7111,Y,omnivore,omnivore,10.0,0.0,10.0,30.0,N
Mesocricetus brandti,Mesocricetus_brandti,Rodentia,Cricetidae,108.2,2.0342,8.59,Y,NA,NA,NA,NA,NA,Y,omnivore,omnivore,10.0,0.0,10.0,30.0,N
Mesocricetus newtoni,Mesocricetus_newtoni,Rodentia,Cricetidae,105.0,2.0212,8.69,N,NA,NA,NA,NA,NA,Y,omnivore,omnivore,10.0,0.0,10.0,30.0,N
Mesocricetus raddei,Mesocricetus_raddei,Rodentia,Cricetidae,105.0,2.0212,8.79,Y,NA,NA,NA,NA,NA,Y,herbivore,herbivore,10.0,0.0,10.0,30.0,N
Microtus abbreviatus,Microtus_abbreviatus,Rodentia,Cricetidae,58.03,1.7637,2.785,Y,3.37,9.385,0.1617,0.5276,-0.7912,Y,herbivore,herbivore,0.0,0.0,0.0,0.0,N
Microtus agrestis,Microtus_agrestis,Rodentia,Cricetidae,31.935,1.5043,4.42,Y,2.09,9.238,0.2893,0.3201,-0.5387,Y,herbivore,herbivore,0.0,0.0,0.0,0.0,N
Microtus arvalis,Microtus_arvalis,Rodentia,Cricetidae,25.4,1.4048,5.1,Y,1.93,9.843,0.3875,0.2856,-0.4117,Y,herbivore,herbivore,0.0,0.0,0.0,0.0,N
Microtus breweri,Microtus_breweri,Rodentia,Cricetidae,54.0,1.7324,4.25,Y,3.49,14.832,0.2747,0.5428,-0.5612,Y,herbivore,herbivore,0.0,0.0,0.0,0.0,N
Microtus californicus,Microtus_californicus,Rodentia,Cricetidae,53.5,1.7284,4.62,Y,3.28,15.154,0.2832,0.5159,-0.5478,Y,herbivore,herbivore,0.0,0.0,0.0,0.0,N
Microtus canicaudus,Microtus_canicaudus,Rodentia,Cricetidae,35.1,1.5453,4.72,Y,2.42,11.422,0.3254,0.3838,-0.4875,Y,herbivore,herbivore,0.0,0.0,0.0,0.0,N
Microtus chrotorrhinus,Microtus_chrotorrhinus,Rodentia,Cricetidae,38.995,1.591,3.57,Y,NA,NA,NA,NA,NA,Y,herbivore,herbivore,0.0,0.0,0.0,0.0,N
Microtus duodecimcostatus,Microtus_duodecimcostatus,Rodentia,Cricetidae,22.71,1.3562,2.52,Y,2.18,5.494,0.2419,0.3385,-0.6164,Y,herbivore,herbivore,0.0,0.0,0.0,0.0,N
Microtus fortis,Microtus_fortis,Rodentia,Cricetidae,63.0,1.7993,5.17,Y,NA,NA,NA,NA,NA,Y,herbivore,herbivore,0.0,0.0,0.0,0.0,N
Microtus gregalis,Microtus_gregalis,Rodentia,Cricetidae,47.5,1.6767,8.48,Y,NA,NA,NA,NA,NA,Y,herbivore,herbivore,0.0,0.0,0.0,0.0,N
Microtus guentheri,Microtus_guentheri,Rodentia,Cricetidae,48.995,1.6902,5.96,Y,3.0,17.88,0.3649,0.4771,-0.4378,Y,herbivore,herbivore,0.0,0.0,0.0,0.0,N
Microtus ilaeus,Microtus_ilaeus,Rodentia,Cricetidae,25.4,1.4048,4.99,N,NA,NA,NA,NA,NA,Y,herbivore,herbivore,0.0,0.0,0.0,0.0,N
Microtus irani,Microtus_irani,Rodentia,Cricetidae,48.0,1.6812,5.235,N,NA,NA,NA,NA,NA,Y,herbivore,herbivore,0.0,0.0,0.0,0.0,N
Microtus kermanensis,Microtus_kermanensis,Rodentia,Cricetidae,38.973,1.5908,2.1,N,NA,NA,NA,NA,NA,Y,herbivore,herbivore,NA,NA,NA,NA,NA
Microtus kikuchii,Microtus_kikuchii,Rodentia,Cricetidae,46.3,1.6656,1.97,Y,NA,NA,NA,NA,NA,Y,herbivore,herbivore,0.0,0.0,0.0,0.0,Y
Microtus levis,Microtus_levis,Rodentia,Cricetidae,26.9,1.4298,5.1,N,NA,NA,NA,NA,NA,Y,herbivore,herbivore,0.0,0.0,0.0,0.0,N
Microtus liechtensteini,Microtus_liechtensteini,Rodentia,Cricetidae,23.16,1.3647,3.0,N,NA,NA,NA,NA,NA,Y,herbivore,herbivore,0.0,0.0,0.0,0.0,Y
Microtus limnophilus,Microtus_limnophilus,Rodentia,Cricetidae,33.1,1.5198,5.76,N,NA,NA,NA,NA,NA,Y,herbivore,herbivore,0.0,0.0,0.0,0.0,N
Microtus longicaudus,Microtus_longicaudus,Rodentia,Cricetidae,32.5,1.5119,4.975,Y,NA,NA,NA,NA,NA,Y,herbivore,herbivore,0.0,0.0,0.0,0.0,N
Microtus lusitanicus,Microtus_lusitanicus,Rodentia,Cricetidae,20.0,1.301,2.045,Y,1.7,3.476,0.1738,0.2304,-0.7599,Y,herbivore,herbivore,0.0,0.0,0.0,0.0,N
Microtus majori,Microtus_majori,Rodentia,Cricetidae,18.2,1.2601,3.6,Y,NA,NA,NA,NA,NA,Y,herbivore,herbivore,0.0,0.0,0.0,0.0,N
Microtus maximowiczii,Microtus_maximowiczii,Rodentia,Cricetidae,38.149,1.5815,6.8,Y,NA,NA,NA,NA,NA,Y,herbivore,herbivore,0.0,0.0,0.0,0.0,N
Microtus mexicanus,Microtus_mexicanus,Rodentia,Cricetidae,28.8,1.4594,2.525,Y,NA,NA,NA,NA,NA,Y,herbivore,herbivore,0.0,0.0,0.0,0.0,N
Microtus middendorffii,Microtus_middendorffii,Rodentia,Cricetidae,40.25,1.6048,5.725,Y,NA,NA,NA,NA,NA,Y,herbivore,herbivore,0.0,0.0,0.0,0.0,N
Microtus miurus,Microtus_miurus,Rodentia,Cricetidae,40.25,1.6048,5.96,Y,2.78,16.569,0.4116,0.444,-0.3855,Y,herbivore,herbivore,0.0,0.0,0.0,0.0,N
Microtus mongolicus,Microtus_mongolicus,Rodentia,Cricetidae,25.4,1.4048,5.1,N,NA,NA,NA,NA,NA,Y,herbivore,herbivore,0.0,0.0,0.0,0.0,N
Microtus montanus,Microtus_montanus,Rodentia,Cricetidae,35.1,1.5453,5.18,Y,3.89,20.15,0.5741,0.5899,-0.241,Y,herbivore,herbivore,0.0,0.0,0.0,0.0,N
Microtus montebelli,Microtus_montebelli,Rodentia,Cricetidae,33.1,1.5198,5.62,Y,2.81,15.792,0.4771,0.4487,-0.3214,Y,herbivore,herbivore,0.0,0.0,0.0,0.0,N
Microtus multiplex,Microtus_multiplex,Rodentia,Cricetidae,23.16,1.3647,3.0,Y,NA,NA,NA,NA,NA,Y,herbivore,herbivore,0.0,0.0,0.0,0.0,N
Microtus oaxacensis,Microtus_oaxacensis,Rodentia,Cricetidae,36.52,1.5625,1.2,Y,NA,NA,NA,NA,NA,Y,herbivore,herbivore,0.0,0.0,0.0,0.0,N
Microtus ochrogaster,Microtus_ochrogaster,Rodentia,Cricetidae,46.7,1.6693,3.8,Y,2.94,11.172,0.2392,0.4683,-0.6212,Y,omnivore,omnivore,0.0,0.0,0.0,0.0,N
Microtus oeconomus,Microtus_oeconomus,Rodentia,Cricetidae,33.1,1.5198,5.76,Y,2.34,13.478,0.4072,0.3692,-0.3902,Y,herbivore,herbivore,0.0,0.0,0.0,0.0,N
Microtus oregoni,Microtus_oregoni,Rodentia,Cricetidae,20.425,1.3102,3.3,Y,1.69,5.577,0.273,0.2279,-0.5638,Y,herbivore,herbivore,0.0,0.0,0.0,0.0,N
Microtus paradoxus,Microtus_paradoxus,Rodentia,Cricetidae,48.0,1.6812,5.235,N,NA,NA,NA,NA,NA,Y,herbivore,herbivore,0.0,0.0,0.0,0.0,Y
Microtus pennsylvanicus,Microtus_pennsylvanicus,Rodentia,Cricetidae,38.55,1.586,5.06,Y,2.4,12.144,0.315,0.3802,-0.5017,Y,herbivore,herbivore,0.0,0.0,0.0,0.0,N
Microtus pinetorum,Microtus_pinetorum,Rodentia,Cricetidae,25.5,1.4065,2.89,Y,2.42,6.994,0.2743,0.3838,-0.5618,Y,herbivore,herbivore,0.0,0.0,0.0,0.0,N
Microtus quasiater,Microtus_quasiater,Rodentia,Cricetidae,40.0,1.6021,1.4,Y,NA,NA,NA,NA,NA,Y,herbivore,herbivore,0.0,0.0,0.0,0.0,N
Microtus richardsoni,Microtus_richardsoni,Rodentia,Cricetidae,72.825,1.8623,5.865,Y,5.48,32.14,0.4413,0.7388,-0.3552,Y,omnivore,omnivore,0.0,0.0,0.0,0.0,N
Microtus sachalinensis,Microtus_sachalinensis,Rodentia,Cricetidae,48.04,1.6816,7.89,Y,NA,NA,NA,NA,NA,Y,omnivore,omnivore,0.0,0.0,0.0,0.0,N
Microtus schidlovskii,Microtus_schidlovskii,Rodentia,Cricetidae,48.0,1.6812,5.235,N,NA,NA,NA,NA,NA,Y,herbivore,herbivore,0.0,0.0,0.0,0.0,Y
Microtus socialis,Microtus_socialis,Rodentia,Cricetidae,48.0,1.6812,5.235,Y,2.1,10.994,0.229,0.3222,-0.6401,Y,herbivore,herbivore,0.0,0.0,0.0,0.0,N
Microtus subterraneus,Microtus_subterraneus,Rodentia,Cricetidae,17.8,1.2504,2.57,Y,1.49,3.829,0.2151,0.1732,-0.6673,Y,herbivore,herbivore,0.0,0.0,0.0,0.0,N
Microtus tatricus,Microtus_tatricus,Rodentia,Cricetidae,40.0,1.6021,2.91,Y,NA,NA,NA,NA,NA,Y,herbivore,herbivore,0.0,0.0,0.0,0.0,N
Microtus thomasi,Microtus_thomasi,Rodentia,Cricetidae,23.0,1.3617,4.32,Y,NA,NA,NA,NA,NA,Y,herbivore,herbivore,0.0,0.0,0.0,0.0,N
Microtus townsendii,Microtus_townsendii,Rodentia,Cricetidae,52.2,1.7177,5.17,Y,NA,NA,NA,NA,NA,Y,herbivore,herbivore,0.0,0.0,0.0,0.0,N
Microtus transcaspicus,Microtus_transcaspicus,Rodentia,Cricetidae,38.973,1.5908,2.1,Y,2.79,5.859,0.1503,0.4456,-0.8229,Y,herbivore,herbivore,0.0,0.0,0.0,0.0,N
Microtus xanthognathus,Microtus_xanthognathus,Rodentia,Cricetidae,92.65,1.9668,8.175,Y,3.49,28.531,0.3079,0.5428,-0.5115,Y,herbivore,herbivore,0.0,0.0,0.0,0.0,N
Myodes californicus,Myodes_californicus,Rodentia,Cricetidae,22.8,1.3579,3.3,Y,NA,NA,NA,NA,NA,Y,omnivore,omnivore,20.0,20.0,0.0,0.0,N
Myodes centralis,Myodes_centralis,Rodentia,Cricetidae,21.15,1.3253,4.3,Y,NA,NA,NA,NA,NA,Y,herbivore,herbivore,20.0,20.0,0.0,0.0,N
Myodes gapperi,Myodes_gapperi,Rodentia,Cricetidae,22.8,1.3579,5.205,Y,1.49,7.755,0.3402,0.1732,-0.4683,Y,omnivore,omnivore,20.0,20.0,0.0,0.0,N
Myodes glareolus,Myodes_glareolus,Rodentia,Cricetidae,20.8,1.3181,4.295,Y,1.83,7.86,0.3779,0.2625,-0.4226,Y,omnivore,omnivore,20.0,20.0,0.0,0.0,N
Myodes regulus,Myodes_regulus,Rodentia,Cricetidae,27.35,1.437,4.13,N,NA,NA,NA,NA,NA,Y,omnivore,omnivore,0.0,0.0,0.0,0.0,N
Myodes rex,Myodes_rex,Rodentia,Cricetidae,27.35,1.437,4.13,N,NA,NA,NA,NA,NA,Y,omnivore,omnivore,20.0,20.0,0.0,0.0,Y
Myodes rufocanus,Myodes_rufocanus,Rodentia,Cricetidae,27.5,1.4393,4.57,Y,2.25,10.282,0.3739,0.3522,-0.4272,Y,herbivore,herbivore,20.0,20.0,0.0,0.0,N
Myodes rutilus,Myodes_rutilus,Rodentia,Cricetidae,25.0,1.3979,6.3,Y,1.8,11.34,0.4536,0.2553,-0.3433,Y,herbivore,herbivore,20.0,20.0,0.0,0.0,N
Myodes shanseius,Myodes_shanseius,Rodentia,Cricetidae,27.35,1.437,4.13,N,NA,NA,NA,NA,NA,Y,herbivore,herbivore,0.0,0.0,0.0,0.0,N
Myodes smithii,Myodes_smithii,Rodentia,Cricetidae,27.5,1.4393,4.115,Y,2.13,8.765,0.3187,0.3284,-0.4966,Y,omnivore,omnivore,20.0,20.0,0.0,0.0,Y
Myopus schisticolor,Myopus_schisticolor,Rodentia,Cricetidae,26.4,1.4216,4.94,Y,3.2,15.808,0.5988,0.5051,-0.2227,Y,herbivore,herbivore,0.0,0.0,0.0,0.0,N
Neacomys tenuipes,Neacomys_tenuipes,Rodentia,Cricetidae,19.0,1.2788,3.87,Y,NA,NA,NA,NA,NA,Y,omnivore,omnivore,20.0,20.0,0.0,20.0,N
Necromys lasiurus,Necromys_lasiurus,Rodentia,Cricetidae,39.93,1.6013,4.335,Y,3.57,15.476,0.3876,0.5527,-0.4116,Y,omnivore,omnivore,70.0,70.0,0.0,0.0,N
Necromys lenguarum,Necromys_lenguarum,Rodentia,Cricetidae,39.93,1.6013,4.17,N,NA,NA,NA,NA,NA,Y,omnivore,omnivore,70.0,70.0,0.0,0.0,Y
Necromys obscurus,Necromys_obscurus,Rodentia,Cricetidae,40.69,1.6095,4.86,Y,NA,NA,NA,NA,NA,Y,omnivore,omnivore,70.0,70.0,0.0,0.0,N
Necromys urichi,Necromys_urichi,Rodentia,Cricetidae,47.42,1.676,5.09,Y,NA,NA,NA,NA,NA,Y,herbivore,herbivore,70.0,70.0,0.0,0.0,Y
Nectomys apicalis,Nectomys_apicalis,Rodentia,Cricetidae,237.49,2.3756,4.315,N,NA,NA,NA,NA,NA,Y,omnivore,omnivore,70.0,30.0,40.0,0.0,N
Nectomys palmipes,Nectomys_palmipes,Rodentia,Cricetidae,237.49,2.3756,4.315,N,NA,NA,NA,NA,NA,Y,omnivore,omnivore,70.0,30.0,40.0,0.0,N
Nectomys rattus,Nectomys_rattus,Rodentia,Cricetidae,253.15,2.4034,4.5,N,NA,NA,NA,NA,NA,Y,herbivore,herbivore,70.0,30.0,40.0,0.0,N
Nectomys squamipes,Nectomys_squamipes,Rodentia,Cricetidae,237.49,2.3756,4.315,Y,NA,NA,NA,NA,NA,Y,carnivore,carnivore_vertebrate,70.0,30.0,40.0,0.0,N
Neodon juldaschi,Neodon_juldaschi,Rodentia,Cricetidae,37.765,1.5771,3.525,Y,NA,NA,NA,NA,NA,Y,herbivore,herbivore,0.0,0.0,0.0,0.0,N
Neodon sikimensis,Neodon_sikimensis,Rodentia,Cricetidae,45.259,1.6557,2.25,Y,NA,NA,NA,NA,NA,Y,herbivore,herbivore,0.0,0.0,0.0,0.0,N
Neofiber alleni,Neofiber_alleni,Rodentia,Cricetidae,265.38,2.4239,2.335,Y,9.33,21.786,0.0821,0.9699,-1.0857,Y,herbivore,herbivore,0.0,0.0,0.0,0.0,N
Neotoma albigula,Neotoma_albigula,Rodentia,Cricetidae,190.5,2.2799,2.14,Y,11.21,23.989,0.1259,1.0496,-0.8999,Y,herbivore,herbivore,10.0,10.0,0.0,0.0,N
Neotoma angustapalata,Neotoma_angustapalata,Rodentia,Cricetidae,203.0,2.3075,2.345,N,NA,NA,NA,NA,NA,Y,herbivore,herbivore,10.0,10.0,0.0,0.0,N
Neotoma bryanti,Neotoma_bryanti,Rodentia,Cricetidae,119.365,2.0769,2.92,N,NA,NA,NA,NA,NA,Y,herbivore,herbivore,10.0,10.0,0.0,0.0,N
Neotoma chrysomelas,Neotoma_chrysomelas,Rodentia,Cricetidae,203.0,2.3075,1.775,Y,NA,NA,NA,NA,NA,Y,herbivore,herbivore,10.0,10.0,0.0,0.0,N
Neotoma cinerea,Neotoma_cinerea,Rodentia,Cricetidae,285.89,2.4562,3.565,Y,14.4,51.336,0.1796,1.1584,-0.7458,Y,herbivore,herbivore,10.0,10.0,0.0,0.0,N
Neotoma devia,Neotoma_devia,Rodentia,Cricetidae,113.4,2.0546,2.81,N,NA,NA,NA,NA,NA,Y,herbivore,herbivore,10.0,10.0,0.0,0.0,N
Neotoma floridana,Neotoma_floridana,Rodentia,Cricetidae,208.18,2.3184,2.625,Y,14.04,36.855,0.177,1.1474,-0.7519,Y,herbivore,herbivore,10.0,10.0,0.0,0.0,N
Neotoma fuscipes,Neotoma_fuscipes,Rodentia,Cricetidae,213.26,2.3289,2.72,Y,13.15,35.768,0.1677,1.1189,-0.7754,Y,herbivore,herbivore,10.0,10.0,0.0,0.0,N
Neotoma goldmani,Neotoma_goldmani,Rodentia,Cricetidae,198.0,2.2967,2.07,Y,NA,NA,NA,NA,NA,Y,herbivore,herbivore,10.0,10.0,0.0,0.0,N
Neotoma lepida,Neotoma_lepida,Rodentia,Cricetidae,113.4,2.0546,2.92,Y,9.36,27.331,0.241,0.9713,-0.618,Y,herbivore,herbivore,10.0,10.0,0.0,0.0,N
Neotoma leucodon,Neotoma_leucodon,Rodentia,Cricetidae,190.5,2.2799,2.14,N,NA,NA,NA,NA,NA,Y,herbivore,herbivore,10.0,10.0,0.0,0.0,Y
Neotoma macrotis,Neotoma_macrotis,Rodentia,Cricetidae,219.5,2.3414,2.72,N,NA,NA,NA,NA,NA,Y,herbivore,herbivore,10.0,10.0,0.0,0.0,Y
Neotoma magister,Neotoma_magister,Rodentia,Cricetidae,208.59,2.3193,2.15,Y,15.0,32.25,0.1546,1.1761,-0.8108,Y,herbivore,herbivore,10.0,10.0,0.0,0.0,Y
Neotoma mexicana,Neotoma_mexicana,Rodentia,Cricetidae,203.0,2.3075,2.345,Y,10.4,24.388,0.1201,1.017,-0.9203,Y,herbivore,herbivore,10.0,10.0,0.0,0.0,N
Neotoma micropus,Neotoma_micropus,Rodentia,Cricetidae,203.09,2.3077,2.15,Y,11.7,25.155,0.1239,1.0682,-0.9071,Y,herbivore,herbivore,10.0,10.0,0.0,0.0,N
Neotoma nelsoni,Neotoma_nelsoni,Rodentia,Cricetidae,198.0,2.2967,2.14,N,NA,NA,NA,NA,NA,Y,herbivore,herbivore,10.0,10.0,0.0,0.0,N
Neotoma palatina,Neotoma_palatina,Rodentia,Cricetidae,198.0,2.2967,2.14,N,NA,NA,NA,NA,NA,Y,herbivore,herbivore,10.0,10.0,0.0,0.0,N
Neotoma phenax,Neotoma_phenax,Rodentia,Cricetidae,227.495,2.357,2.0,Y,NA,NA,NA,NA,NA,Y,herbivore,herbivore,10.0,10.0,0.0,0.0,N
Neotoma stephensi,Neotoma_stephensi,Rodentia,Cricetidae,125.33,2.0981,2.7,Y,10.6,28.62,0.2284,1.0253,-0.6414,Y,herbivore,herbivore,10.0,10.0,0.0,0.0,N
Neotomodon alstoni,Neotomodon_alstoni,Rodentia,Cricetidae,47.32,1.675,3.25,Y,3.4,11.05,0.2335,0.5315,-0.6317,Y,omnivore,omnivore,60.0,50.0,0.0,20.0,N
Nephelomys albigularis,Nephelomys_albigularis,Rodentia,Cricetidae,60.5,1.7818,3.4,Y,NA,NA,NA,NA,NA,Y,omnivore,omnivore,20.0,20.0,0.0,20.0,N
Nephelomys auriventer,Nephelomys_auriventer,Rodentia,Cricetidae,60.5,1.7818,3.4,N,NA,NA,NA,NA,NA,Y,omnivore,omnivore,20.0,20.0,0.0,20.0,N
Nephelomys caracolus,Nephelomys_caracolus,Rodentia,Cricetidae,60.5,1.7818,3.4,N,NA,NA,NA,NA,NA,Y,omnivore,omnivore,20.0,20.0,0.0,20.0,Y
Nephelomys devius,Nephelomys_devius,Rodentia,Cricetidae,60.5,1.7818,3.4,N,NA,NA,NA,NA,NA,Y,herbivore,herbivore,20.0,20.0,0.0,20.0,N
Nephelomys keaysi,Nephelomys_keaysi,Rodentia,Cricetidae,59.395,1.7737,3.4,N,NA,NA,NA,NA,NA,Y,omnivore,omnivore,20.0,20.0,0.0,20.0,N
Nephelomys levipes,Nephelomys_levipes,Rodentia,Cricetidae,60.5,1.7818,3.4,N,NA,NA,NA,NA,NA,Y,omnivore,omnivore,20.0,20.0,0.0,20.0,N
Nephelomys meridensis,Nephelomys_meridensis,Rodentia,Cricetidae,60.5,1.7818,3.4,N,NA,NA,NA,NA,NA,Y,omnivore,omnivore,20.0,20.0,0.0,20.0,Y
Neusticomys monticolus,Neusticomys_monticolus,Rodentia,Cricetidae,39.5,1.5966,1.94,Y,NA,NA,NA,NA,NA,Y,carnivore,carnivore_invertebrate,100.0,80.0,20.0,0.0,N
Nyctomys sumichrasti,Nyctomys_sumichrasti,Rodentia,Cricetidae,53.33,1.727,2.0,Y,4.33,8.66,0.1624,0.6365,-0.7895,Y,herbivore,herbivore,0.0,0.0,0.0,40.0,N
Ochrotomys nuttalli,Ochrotomys_nuttalli,Rodentia,Cricetidae,22.0,1.3424,2.65,Y,2.7,7.155,0.3252,0.4314,-0.4878,Y,herbivore,herbivore,0.0,0.0,0.0,0.0,N
Oecomys bicolor,Oecomys_bicolor,Rodentia,Cricetidae,40.74,1.61,3.15,Y,NA,NA,NA,NA,NA,Y,omnivore,omnivore,0.0,0.0,0.0,50.0,N
Oecomys concolor,Oecomys_concolor,Rodentia,Cricetidae,53.5,1.7284,3.275,Y,NA,NA,NA,NA,NA,Y,omnivore,omnivore,0.0,0.0,0.0,50.0,N
Oligoryzomys delticola,Oligoryzomys_delticola,Rodentia,Cricetidae,29.39,1.4682,3.3,Y,NA,NA,NA,NA,NA,Y,omnivore,omnivore,30.0,30.0,0.0,30.0,N
Oligoryzomys destructor,Oligoryzomys_destructor,Rodentia,Cricetidae,27.645,1.4416,4.385,N,NA,NA,NA,NA,NA,Y,omnivore,omnivore,30.0,30.0,0.0,30.0,N
Oligoryzomys flavescens,Oligoryzomys_flavescens,Rodentia,Cricetidae,21.15,1.3253,4.175,Y,NA,NA,NA,NA,NA,Y,herbivore,herbivore,30.0,30.0,0.0,30.0,N
Oligoryzomys fornesi,Oligoryzomys_fornesi,Rodentia,Cricetidae,26.65,1.4257,3.4,N,NA,NA,NA,NA,NA,Y,omnivore,omnivore,30.0,30.0,0.0,30.0,Y
Oligoryzomys fulvescens,Oligoryzomys_fulvescens,Rodentia,Cricetidae,25.0,1.3979,3.64,Y,NA,NA,NA,NA,NA,Y,omnivore,omnivore,30.0,30.0,0.0,30.0,N
Oligoryzomys longicaudatus,Oligoryzomys_longicaudatus,Rodentia,Cricetidae,27.75,1.4433,4.385,Y,NA,NA,NA,NA,NA,Y,omnivore,omnivore,30.0,30.0,0.0,30.0,N
Oligoryzomys magellanicus,Oligoryzomys_magellanicus,Rodentia,Cricetidae,27.645,1.4416,4.385,N,NA,NA,NA,NA,NA,Y,omnivore,omnivore,30.0,30.0,0.0,30.0,N
Oligoryzomys microtis,Oligoryzomys_microtis,Rodentia,Cricetidae,26.65,1.4257,3.4,N,NA,NA,NA,NA,NA,Y,omnivore,omnivore,30.0,30.0,0.0,30.0,N
Oligoryzomys nigripes,Oligoryzomys_nigripes,Rodentia,Cricetidae,21.49,1.3322,3.445,Y,NA,NA,NA,NA,NA,Y,herbivore,herbivore,30.0,30.0,0.0,30.0,N
Oligoryzomys vegetus,Oligoryzomys_vegetus,Rodentia,Cricetidae,25.0,1.3979,3.64,N,NA,NA,NA,NA,NA,Y,omnivore,omnivore,30.0,30.0,0.0,30.0,N
Ondatra zibethicus,Ondatra_zibethicus,Rodentia,Cricetidae,997.955,2.9991,6.415,Y,21.99,141.066,0.1414,1.3422,-0.8497,Y,herbivore,herbivore,10.0,10.0,0.0,0.0,N
Onychomys arenicola,Onychomys_arenicola,Rodentia,Cricetidae,24.96,1.3972,3.665,N,NA,NA,NA,NA,NA,Y,carnivore,carnivore_invertebrate,90.0,90.0,0.0,0.0,N
Onychomys leucogaster,Onychomys_leucogaster,Rodentia,Cricetidae,32.5,1.5119,3.84,Y,2.3,8.832,0.2718,0.3617,-0.5658,Y,omnivore,omnivore,90.0,90.0,0.0,0.0,N
Onychomys torridus,Onychomys_torridus,Rodentia,Cricetidae,22.0,1.3424,3.665,Y,2.33,8.539,0.3882,0.3674,-0.411,Y,carnivore,carnivore_invertebrate,90.0,90.0,0.0,0.0,N
Oryzomys antillarum,Oryzomys_antillarum,Rodentia,Cricetidae,82.8,1.918,3.77,N,NA,NA,NA,NA,NA,Y,omnivore,omnivore,NA,NA,NA,NA,NA
Oryzomys couesi,Oryzomys_couesi,Rodentia,Cricetidae,53.26,1.7264,3.77,Y,NA,NA,NA,NA,NA,Y,omnivore,omnivore,20.0,20.0,0.0,20.0,N
Oryzomys palustris,Oryzomys_palustris,Rodentia,Cricetidae,50.465,1.703,3.925,Y,3.49,13.698,0.2714,0.5428,-0.5663,Y,omnivore,omnivore,20.0,20.0,0.0,20.0,N
Osgoodomys banderanus,Osgoodomys_banderanus,Rodentia,Cricetidae,49.99,1.6989,1.68,Y,NA,NA,NA,NA,NA,Y,omnivore,omnivore,30.0,30.0,0.0,30.0,N
Ototylomys phyllotis,Ototylomys_phyllotis,Rodentia,Cricetidae,93.97,1.973,2.25,Y,10.19,22.928,0.244,1.0082,-0.6126,Y,herbivore,herbivore,0.0,0.0,0.0,50.0,N
Oxymycterus dasytrichus,Oxymycterus_dasytrichus,Rodentia,Cricetidae,83.755,1.923,2.765,N,NA,NA,NA,NA,NA,Y,omnivore,omnivore,90.0,90.0,0.0,0.0,Y
Oxymycterus hispidus,Oxymycterus_hispidus,Rodentia,Cricetidae,82.01,1.9139,2.765,N,NA,NA,NA,NA,NA,Y,omnivore,omnivore,90.0,90.0,0.0,0.0,N
Oxymycterus josei,Oxymycterus_josei,Rodentia,Cricetidae,83.755,1.923,2.765,N,NA,NA,NA,NA,NA,Y,omnivore,omnivore,90.0,90.0,0.0,0.0,Y
Oxymycterus nasutus,Oxymycterus_nasutus,Rodentia,Cricetidae,82.01,1.9139,2.765,N,NA,NA,NA,NA,NA,Y,omnivore,omnivore,90.0,90.0,0.0,0.0,N
Oxymycterus quaestor,Oxymycterus_quaestor,Rodentia,Cricetidae,82.01,1.9139,2.765,N,NA,NA,NA,NA,NA,Y,omnivore,omnivore,90.0,90.0,0.0,0.0,Y
Oxymycterus roberti,Oxymycterus_roberti,Rodentia,Cricetidae,83.605,1.9222,2.765,N,NA,NA,NA,NA,NA,Y,omnivore,omnivore,90.0,90.0,0.0,0.0,N
Oxymycterus rufus,Oxymycterus_rufus,Rodentia,Cricetidae,83.755,1.923,2.765,Y,NA,NA,NA,NA,NA,Y,omnivore,omnivore,90.0,90.0,0.0,0.0,N
Peromyscus attwateri,Peromyscus_attwateri,Rodentia,Cricetidae,28.3,1.4518,3.5,Y,NA,NA,NA,NA,NA,Y,omnivore,omnivore,60.0,50.0,0.0,20.0,N
Peromyscus aztecus,Peromyscus_aztecus,Rodentia,Cricetidae,26.3,1.42,3.19,Y,NA,NA,NA,NA,NA,Y,carnivore,carnivore_invertebrate,60.0,50.0,0.0,20.0,N
Peromyscus beatae,Peromyscus_beatae,Rodentia,Cricetidae,23.9,1.3784,3.185,N,NA,NA,NA,NA,NA,Y,carnivore,carnivore_invertebrate,60.0,50.0,0.0,20.0,Y
Peromyscus boylii,Peromyscus_boylii,Rodentia,Cricetidae,23.9,1.3784,3.185,Y,2.19,6.975,0.2918,0.3404,-0.5348,Y,omnivore,omnivore,60.0,50.0,0.0,20.0,N
Peromyscus bullatus,Peromyscus_bullatus,Rodentia,Cricetidae,33.05,1.5192,3.49,N,NA,NA,NA,NA,NA,Y,omnivore,omnivore,60.0,50.0,0.0,20.0,N
Peromyscus californicus,Peromyscus_californicus,Rodentia,Cricetidae,45.5,1.658,2.0,Y,4.31,8.62,0.1895,0.6345,-0.7225,Y,omnivore,omnivore,60.0,50.0,0.0,20.0,N
Peromyscus caniceps,Peromyscus_caniceps,Rodentia,Cricetidae,22.0,1.3424,2.6,N,NA,NA,NA,NA,NA,Y,omnivore,omnivore,60.0,50.0,0.0,20.0,N
Peromyscus crinitus,Peromyscus_crinitus,Rodentia,Cricetidae,16.33,1.213,3.08,Y,2.19,6.745,0.4131,0.3404,-0.384,Y,omnivore,omnivore,60.0,50.0,0.0,20.0,N
Peromyscus dickeyi,Peromyscus_dickeyi,Rodentia,Cricetidae,22.365,1.3496,2.615,N,NA,NA,NA,NA,NA,Y,omnivore,omnivore,60.0,50.0,0.0,20.0,N
Peromyscus difficilis,Peromyscus_difficilis,Rodentia,Cricetidae,28.0,1.4472,3.5,Y,NA,NA,NA,NA,NA,Y,omnivore,omnivore,60.0,50.0,0.0,20.0,N
Peromyscus eremicus,Peromyscus_eremicus,Rodentia,Cricetidae,21.75,1.3375,2.6,Y,2.51,6.526,0.3,0.3997,-0.5228,Y,omnivore,omnivore,60.0,50.0,0.0,20.0,N
Peromyscus eva,Peromyscus_eva,Rodentia,Cricetidae,21.99,1.3422,2.6,N,NA,NA,NA,NA,NA,Y,omnivore,omnivore,60.0,50.0,0.0,20.0,N
Peromyscus fraterculus,Peromyscus_fraterculus,Rodentia,Cricetidae,21.75,1.3375,2.6,N,NA,NA,NA,NA,NA,Y,omnivore,omnivore,60.0,50.0,0.0,20.0,Y
Peromyscus furvus,Peromyscus_furvus,Rodentia,Cricetidae,32.99,1.5184,1.94,Y,NA,NA,NA,NA,NA,Y,omnivore,omnivore,60.0,50.0,0.0,20.0,N
Peromyscus gossypinus,Peromyscus_gossypinus,Rodentia,Cricetidae,22.65,1.3551,4.03,Y,2.19,8.826,0.3897,0.3404,-0.4093,Y,omnivore,omnivore,60.0,50.0,0.0,20.0,N
Peromyscus grandis,Peromyscus_grandis,Rodentia,Cricetidae,60.5,1.7818,2.43,Y,NA,NA,NA,NA,NA,Y,omnivore,omnivore,60.0,50.0,0.0,20.0,N
Peromyscus gratus,Peromyscus_gratus,Rodentia,Cricetidae,27.35,1.437,3.445,N,NA,NA,NA,NA,NA,Y,omnivore,omnivore,60.0,50.0,0.0,20.0,N
Peromyscus guardia,Peromyscus_guardia,Rodentia,Cricetidae,21.75,1.3375,2.6,N,NA,NA,NA,NA,NA,Y,omnivore,omnivore,60.0,50.0,0.0,20.0,N
Peromyscus guatemalensis,Peromyscus_guatemalensis,Rodentia,Cricetidae,41.29,1.6158,2.27,Y,NA,NA,NA,NA,NA,Y,omnivore,omnivore,60.0,50.0,0.0,20.0,N
Peromyscus gymnotis,Peromyscus_gymnotis,Rodentia,Cricetidae,42.58,1.6292,2.415,N,NA,NA,NA,NA,NA,Y,omnivore,omnivore,60.0,50.0,0.0,20.0,N
Peromyscus hooperi,Peromyscus_hooperi,Rodentia,Cricetidae,35.995,1.5562,2.995,Y,2.62,7.847,0.218,0.4183,-0.6615,Y,omnivore,omnivore,60.0,50.0,0.0,20.0,N
Peromyscus hylocetes,Peromyscus_hylocetes,Rodentia,Cricetidae,26.3,1.42,3.19,N,NA,NA,NA,NA,NA,Y,omnivore,omnivore,60.0,50.0,0.0,20.0,Y
Peromyscus interparietalis,Peromyscus_interparietalis,Rodentia,Cricetidae,21.75,1.3375,2.52,Y,2.73,6.88,0.3163,0.4362,-0.4999,Y,omnivore,omnivore,60.0,50.0,0.0,20.0,N
Peromyscus keeni,Peromyscus_keeni,Rodentia,Cricetidae,22.05,1.3434,4.73,Y,NA,NA,NA,NA,NA,Y,omnivore,omnivore,60.0,50.0,0.0,20.0,N
Peromyscus leucopus,Peromyscus_leucopus,Rodentia,Cricetidae,22.3,1.3483,4.345,Y,1.8,7.821,0.3507,0.2553,-0.455,Y,omnivore,omnivore,60.0,50.0,0.0,20.0,N
Peromyscus levipes,Peromyscus_levipes,Rodentia,Cricetidae,23.9,1.3784,3.185,N,NA,NA,NA,NA,NA,Y,omnivore,omnivore,60.0,50.0,0.0,20.0,N
Peromyscus madrensis,Peromyscus_madrensis,Rodentia,Cricetidae,23.9,1.3784,3.18,Y,NA,NA,NA,NA,NA,Y,omnivore,omnivore,60.0,50.0,0.0,20.0,N
Peromyscus maniculatus,Peromyscus_maniculatus,Rodentia,Cricetidae,20.5,1.3118,4.615,Y,1.73,7.984,0.3895,0.238,-0.4095,Y,herbivore,herbivore,60.0,50.0,0.0,20.0,N
Peromyscus mayensis,Peromyscus_mayensis,Rodentia,Cricetidae,32.99,1.5184,1.94,N,NA,NA,NA,NA,NA,Y,omnivore,omnivore,60.0,50.0,0.0,20.0,N
Peromyscus megalops,Peromyscus_megalops,Rodentia,Cricetidae,66.2,1.8209,1.9,Y,3.89,7.391,0.1116,0.5899,-0.9522,Y,omnivore,omnivore,60.0,50.0,0.0,20.0,N
Peromyscus mekisturus,Peromyscus_mekisturus,Rodentia,Cricetidae,40.0,1.6021,2.93,N,NA,NA,NA,NA,NA,Y,omnivore,omnivore,60.0,50.0,0.0,20.0,N
Peromyscus melanocarpus,Peromyscus_melanocarpus,Rodentia,Cricetidae,66.1,1.8202,1.95,Y,4.5,8.775,0.1328,0.6532,-0.877,Y,omnivore,omnivore,60.0,50.0,0.0,20.0,N
Peromyscus melanophrys,Peromyscus_melanophrys,Rodentia,Cricetidae,40.0,1.6021,2.93,Y,NA,NA,NA,NA,NA,Y,herbivore,herbivore,60.0,50.0,0.0,20.0,N
Peromyscus melanotis,Peromyscus_melanotis,Rodentia,Cricetidae,21.4,1.3304,4.13,Y,1.66,6.856,0.3204,0.2201,-0.4944,Y,omnivore,omnivore,60.0,50.0,0.0,20.0,N
Peromyscus melanurus,Peromyscus_melanurus,Rodentia,Cricetidae,66.15,1.8205,2.0,Y,NA,NA,NA,NA,NA,Y,omnivore,omnivore,60.0,50.0,0.0,20.0,N
Peromyscus merriami,Peromyscus_merriami,Rodentia,Cricetidae,22.0,1.3424,2.615,Y,NA,NA,NA,NA,NA,Y,omnivore,omnivore,60.0,50.0,0.0,20.0,N
Peromyscus mexicanus,Peromyscus_mexicanus,Rodentia,Cricetidae,51.54,1.7121,2.415,Y,4.34,10.481,0.2034,0.6375,-0.6917,Y,omnivore,omnivore,60.0,50.0,0.0,20.0,N
Peromyscus nasutus,Peromyscus_nasutus,Rodentia,Cricetidae,28.0,1.4472,3.69,N,NA,NA,NA,NA,NA,Y,omnivore,omnivore,60.0,50.0,0.0,20.0,N
Peromyscus ochraventer,Peromyscus_ochraventer,Rodentia,Cricetidae,36.495,1.5622,3.4,Y,NA,NA,NA,NA,NA,Y,omnivore,omnivore,60.0,50.0,0.0,20.0,N
Peromyscus pectoralis,Peromyscus_pectoralis,Rodentia,Cricetidae,33.0,1.5185,3.49,Y,NA,NA,NA,NA,NA,Y,omnivore,omnivore,60.0,50.0,0.0,20.0,N
Peromyscus pembertoni,Peromyscus_pembertoni,Rodentia,Cricetidae,21.75,1.3375,2.6,N,NA,NA,NA,NA,NA,Y,omnivore,omnivore,60.0,50.0,0.0,20.0,N
Peromyscus perfulvus,Peromyscus_perfulvus,Rodentia,Cricetidae,40.0,1.6021,2.6,Y,2.73,7.098,0.1774,0.4362,-0.7509,Y,omnivore,omnivore,60.0,50.0,0.0,20.0,N
Peromyscus polionotus,Peromyscus_polionotus,Rodentia,Cricetidae,14.0,1.1461,3.6,Y,1.54,5.544,0.396,0.1875,-0.4023,Y,omnivore,omnivore,60.0,50.0,0.0,20.0,N
Peromyscus polius,Peromyscus_polius,Rodentia,Cricetidae,26.3,1.42,3.185,N,NA,NA,NA,NA,NA,Y,omnivore,omnivore,60.0,50.0,0.0,20.0,N
Peromyscus pseudocrinitus,Peromyscus_pseudocrinitus,Rodentia,Cricetidae,21.5,1.3324,2.6,N,NA,NA,NA,NA,NA,Y,omnivore,omnivore,60.0,50.0,0.0,20.0,N
Peromyscus sagax,Peromyscus_sagax,Rodentia,Cricetidae,23.9,1.3784,3.185,N,NA,NA,NA,NA,NA,Y,omnivore,omnivore,60.0,50.0,0.0,20.0,Y
Peromyscus schmidlyi,Peromyscus_schmidlyi,Rodentia,Cricetidae,21.4,1.3304,3.185,N,NA,NA,NA,NA,NA,Y,omnivore,omnivore,NA,NA,NA,NA,NA
Peromyscus sejugis,Peromyscus_sejugis,Rodentia,Cricetidae,20.95,1.3212,4.615,N,NA,NA,NA,NA,NA,Y,omnivore,omnivore,60.0,50.0,0.0,20.0,N
Peromyscus simulus,Peromyscus_simulus,Rodentia,Cricetidae,26.3,1.42,3.185,N,NA,NA,NA,NA,NA,Y,omnivore,omnivore,60.0,50.0,0.0,20.0,N
Peromyscus slevini,Peromyscus_slevini,Rodentia,Cricetidae,20.5,1.3118,4.615,N,NA,NA,NA,NA,NA,Y,omnivore,omnivore,60.0,50.0,0.0,20.0,N
Peromyscus spicilegus,Peromyscus_spicilegus,Rodentia,Cricetidae,28.7,1.4579,3.19,N,NA,NA,NA,NA,NA,Y,omnivore,omnivore,60.0,50.0,0.0,20.0,N
Peromyscus stephani,Peromyscus_stephani,Rodentia,Cricetidae,23.9,1.3784,3.185,N,NA,NA,NA,NA,NA,Y,omnivore,omnivore,60.0,50.0,0.0,20.0,N
Peromyscus stirtoni,Peromyscus_stirtoni,Rodentia,Cricetidae,42.58,1.6292,2.38,Y,NA,NA,NA,NA,NA,Y,omnivore,omnivore,60.0,50.0,0.0,20.0,N
Peromyscus truei,Peromyscus_truei,Rodentia,Cricetidae,33.0,1.5185,3.49,Y,2.31,8.062,0.2443,0.3636,-0.6121,Y,omnivore,omnivore,60.0,50.0,0.0,20.0,N
Peromyscus winkelmanni,Peromyscus_winkelmanni,Rodentia,Cricetidae,28.7,1.4579,3.19,N,NA,NA,NA,NA,NA,Y,omnivore,omnivore,60.0,50.0,0.0,20.0,N
Peromyscus yucatanicus,Peromyscus_yucatanicus,Rodentia,Cricetidae,34.855,1.5423,3.0,Y,2.5,7.5,0.2152,0.3979,-0.6672,Y,omnivore,omnivore,60.0,50.0,0.0,20.0,N
Peromyscus zarhynchus,Peromyscus_zarhynchus,Rodentia,Cricetidae,42.58,1.6292,2.27,Y,NA,NA,NA,NA,NA,Y,omnivore,omnivore,60.0,50.0,0.0,20.0,N
Phaiomys leucurus,Phaiomys_leucurus,Rodentia,Cricetidae,50.706,1.7051,1.94,Y,NA,NA,NA,NA,NA,Y,omnivore,omnivore,0.0,0.0,0.0,0.0,N
Phenacomys intermedius,Phenacomys_intermedius,Rodentia,Cricetidae,25.2,1.4014,4.62,Y,2.19,10.118,0.4015,0.3404,-0.3963,Y,herbivore,herbivore,0.0,0.0,0.0,20.0,N
Phenacomys ungava,Phenacomys_ungava,Rodentia,Cricetidae,27.0,1.4314,4.73,Y,2.39,11.305,0.4187,0.3784,-0.3781,Y,herbivore,herbivore,0.0,0.0,0.0,20.0,N
Phodopus campbelli,Phodopus_campbelli,Rodentia,Cricetidae,28.745,1.4586,5.48,Y,1.49,8.165,0.2841,0.1732,-0.5466,Y,herbivore,herbivore,0.0,0.0,0.0,0.0,N
Phodopus roborovskii,Phodopus_roborovskii,Rodentia,Cricetidae,12.02,1.0799,6.0,Y,1.55,9.3,0.7737,0.1903,-0.1114,Y,herbivore,herbivore,0.0,0.0,0.0,0.0,N
Phodopus sungorus,Phodopus_sungorus,Rodentia,Cricetidae,30.865,1.4895,5.24,Y,2.04,10.69,0.3463,0.3096,-0.4605,Y,omnivore,omnivore,0.0,0.0,0.0,0.0,N
Phyllotis bonariensis,Phyllotis_bonariensis,Rodentia,Cricetidae,49.0,1.6902,4.02,N,NA,NA,NA,NA,NA,Y,herbivore,herbivore,0.0,0.0,0.0,0.0,N
Phyllotis caprinus,Phyllotis_caprinus,Rodentia,Cricetidae,50.8,1.7059,4.02,N,NA,NA,NA,NA,NA,Y,herbivore,herbivore,0.0,0.0,0.0,0.0,N
Phyllotis darwini,Phyllotis_darwini,Rodentia,Cricetidae,49.91,1.6982,4.02,Y,NA,NA,NA,NA,NA,Y,herbivore,herbivore,0.0,0.0,0.0,0.0,N
Phyllotis definitus,Phyllotis_definitus,Rodentia,Cricetidae,50.82,1.706,4.02,N,NA,NA,NA,NA,NA,Y,herbivore,herbivore,0.0,0.0,0.0,0.0,N
Phyllotis limatus,Phyllotis_limatus,Rodentia,Cricetidae,50.825,1.7061,4.02,N,NA,NA,NA,NA,NA,Y,herbivore,herbivore,0.0,0.0,0.0,0.0,Y
Phyllotis magister,Phyllotis_magister,Rodentia,Cricetidae,50.825,1.7061,4.02,N,NA,NA,NA,NA,NA,Y,omnivore,omnivore,0.0,0.0,0.0,0.0,N
Phyllotis osgoodi,Phyllotis_osgoodi,Rodentia,Cricetidae,49.0,1.6902,4.02,N,NA,NA,NA,NA,NA,Y,herbivore,herbivore,0.0,0.0,0.0,0.0,N
Phyllotis osilae,Phyllotis_osilae,Rodentia,Cricetidae,43.64,1.6399,4.25,Y,NA,NA,NA,NA,NA,Y,omnivore,omnivore,0.0,0.0,0.0,0.0,N
Phyllotis wolffsohni,Phyllotis_wolffsohni,Rodentia,Cricetidae,49.0,1.6902,4.02,N,NA,NA,NA,NA,NA,Y,herbivore,herbivore,0.0,0.0,0.0,0.0,N
Phyllotis xanthopygus,Phyllotis_xanthopygus,Rodentia,Cricetidae,50.825,1.7061,4.02,N,NA,NA,NA,NA,NA,Y,herbivore,herbivore,0.0,0.0,0.0,0.0,N
Podomys floridanus,Podomys_floridanus,Rodentia,Cricetidae,31.025,1.4917,2.6,Y,2.39,6.214,0.2003,0.3784,-0.6983,Y,omnivore,omnivore,30.0,30.0,0.0,0.0,N
Prometheomys schaposchnikowi,Prometheomys_schaposchnikowi,Rodentia,Cricetidae,75.0,1.8751,3.4,Y,NA,NA,NA,NA,NA,Y,herbivore,herbivore,0.0,0.0,0.0,0.0,N
Punomys lemminus,Punomys_lemminus,Rodentia,Cricetidae,84.8,1.9284,1.94,Y,NA,NA,NA,NA,NA,Y,herbivore,herbivore,0.0,0.0,0.0,0.0,N
Reithrodon auritus,Reithrodon_auritus,Rodentia,Cricetidae,75.45,1.8777,4.515,Y,NA,NA,NA,NA,NA,Y,herbivore,herbivore,0.0,0.0,0.0,0.0,N
Reithrodon typicus,Reithrodon_typicus,Rodentia,Cricetidae,75.45,1.8777,4.515,N,NA,NA,NA,NA,NA,Y,herbivore,herbivore,0.0,0.0,0.0,0.0,Y
Reithrodontomys brevirostris,Reithrodontomys_brevirostris,Rodentia,Cricetidae,12.9,1.1106,3.4,Y,NA,NA,NA,NA,NA,Y,herbivore,herbivore,0.0,0.0,0.0,0.0,N
Reithrodontomys chrysopsis,Reithrodontomys_chrysopsis,Rodentia,Cricetidae,19.0,1.2788,3.4,Y,NA,NA,NA,NA,NA,Y,herbivore,herbivore,0.0,0.0,0.0,0.0,N
Reithrodontomys creper,Reithrodontomys_creper,Rodentia,Cricetidae,22.8,1.3579,2.21,Y,NA,NA,NA,NA,NA,Y,herbivore,herbivore,0.0,0.0,0.0,0.0,N
Reithrodontomys darienensis,Reithrodontomys_darienensis,Rodentia,Cricetidae,12.99,1.1136,3.88,Y,NA,NA,NA,NA,NA,Y,herbivore,herbivore,0.0,0.0,0.0,0.0,N
Reithrodontomys fulvescens,Reithrodontomys_fulvescens,Rodentia,Cricetidae,12.5,1.0969,3.1,Y,1.11,3.441,0.2753,0.0453,-0.5602,Y,omnivore,omnivore,0.0,0.0,0.0,0.0,N
Reithrodontomys gracilis,Reithrodontomys_gracilis,Rodentia,Cricetidae,14.09,1.1489,3.01,Y,NA,NA,NA,NA,NA,Y,omnivore,omnivore,0.0,0.0,0.0,0.0,N
Reithrodontomys hirsutus,Reithrodontomys_hirsutus,Rodentia,Cricetidae,20.0,1.301,3.88,Y,NA,NA,NA,NA,NA,Y,omnivore,omnivore,0.0,0.0,0.0,0.0,N
Reithrodontomys humulis,Reithrodontomys_humulis,Rodentia,Cricetidae,9.275,0.9673,2.945,Y,1.07,3.151,0.3397,0.0294,-0.4688,Y,omnivore,omnivore,0.0,0.0,0.0,0.0,N
Reithrodontomys megalotis,Reithrodontomys_megalotis,Rodentia,Cricetidae,10.72,1.0302,3.75,Y,1.36,5.1,0.4757,0.1335,-0.3226,Y,omnivore,omnivore,0.0,0.0,0.0,0.0,N
Reithrodontomys mexicanus,Reithrodontomys_mexicanus,Rodentia,Cricetidae,15.71,1.1962,2.91,Y,NA,NA,NA,NA,NA,Y,omnivore,omnivore,0.0,0.0,0.0,0.0,N
Reithrodontomys montanus,Reithrodontomys_montanus,Rodentia,Cricetidae,9.95,0.9978,4.04,Y,0.99,4.0,0.402,-0.0044,-0.3958,Y,omnivore,omnivore,0.0,0.0,0.0,0.0,N
Reithrodontomys raviventris,Reithrodontomys_raviventris,Rodentia,Cricetidae,11.0,1.0414,3.865,Y,NA,NA,NA,NA,NA,Y,herbivore,herbivore,0.0,0.0,0.0,0.0,N
Reithrodontomys sumichrasti,Reithrodontomys_sumichrasti,Rodentia,Cricetidae,19.0,1.2788,3.49,Y,NA,NA,NA,NA,NA,Y,herbivore,herbivore,0.0,0.0,0.0,0.0,N
Reithrodontomys zacatecae,Reithrodontomys_zacatecae,Rodentia,Cricetidae,10.72,1.0302,3.75,N,NA,NA,NA,NA,NA,Y,herbivore,herbivore,0.0,0.0,0.0,0.0,N
Rheomys raptor,Rheomys_raptor,Rodentia,Cricetidae,38.0,1.5798,0.97,Y,NA,NA,NA,NA,NA,Y,carnivore,carnivore_invertebrate,100.0,100.0,0.0,0.0,N
Rheomys thomasi,Rheomys_thomasi,Rodentia,Cricetidae,40.0,1.6021,0.97,Y,NA,NA,NA,NA,NA,Y,carnivore,carnivore_invertebrate,100.0,100.0,0.0,0.0,N
Rhipidomys caucensis,Rhipidomys_caucensis,Rodentia,Cricetidae,57.5,1.7597,2.0,N,NA,NA,NA,NA,NA,Y,omnivore,omnivore,20.0,20.0,0.0,30.0,N
Rhipidomys emiliae,Rhipidomys_emiliae,Rodentia,Cricetidae,87.5,1.942,3.8,N,NA,NA,NA,NA,NA,Y,omnivore,omnivore,20.0,20.0,0.0,20.0,Y
Rhipidomys fulviventer,Rhipidomys_fulviventer,Rodentia,Cricetidae,57.5,1.7597,2.0,N,NA,NA,NA,NA,NA,Y,omnivore,omnivore,20.0,20.0,0.0,30.0,N
Rhipidomys latimanus,Rhipidomys_latimanus,Rodentia,Cricetidae,57.5,1.7597,2.0,N,NA,NA,NA,NA,NA,Y,omnivore,omnivore,20.0,20.0,0.0,30.0,N
Rhipidomys macrurus,Rhipidomys_macrurus,Rodentia,Cricetidae,87.5,1.942,3.8,N,NA,NA,NA,NA,NA,Y,omnivore,omnivore,20.0,20.0,0.0,20.0,Y
Rhipidomys mastacalis,Rhipidomys_mastacalis,Rodentia,Cricetidae,87.5,1.942,3.8,Y,NA,NA,NA,NA,NA,Y,omnivore,omnivore,20.0,20.0,0.0,30.0,N
Rhipidomys venustus,Rhipidomys_venustus,Rodentia,Cricetidae,57.5,1.7597,2.0,N,NA,NA,NA,NA,NA,Y,omnivore,omnivore,20.0,20.0,0.0,30.0,N
Rhipidomys wetzeli,Rhipidomys_wetzeli,Rodentia,Cricetidae,57.5,1.7597,2.0,N,NA,NA,NA,NA,NA,Y,omnivore,omnivore,20.0,20.0,0.0,30.0,N
Scapteromys aquaticus,Scapteromys_aquaticus,Rodentia,Cricetidae,146.0,2.1644,3.63,N,NA,NA,NA,NA,NA,Y,omnivore,omnivore,70.0,70.0,0.0,0.0,Y
Scapteromys tumidus,Scapteromys_tumidus,Rodentia,Cricetidae,146.0,2.1644,3.63,Y,NA,NA,NA,NA,NA,Y,omnivore,omnivore,70.0,70.0,0.0,0.0,N
Scotinomys teguina,Scotinomys_teguina,Rodentia,Cricetidae,12.0,1.0792,2.625,Y,1.11,2.914,0.2428,0.0453,-0.6147,Y,carnivore,carnivore_invertebrate,100.0,100.0,0.0,0.0,N
Scotinomys xerampelinus,Scotinomys_xerampelinus,Rodentia,Cricetidae,15.07,1.1781,3.055,Y,1.11,3.391,0.225,0.0453,-0.6478,Y,carnivore,carnivore_invertebrate,100.0,100.0,0.0,0.0,N
Sigmodon alleni,Sigmodon_alleni,Rodentia,Cricetidae,159.6,2.203,5.44,N,NA,NA,NA,NA,NA,Y,omnivore,omnivore,50.0,50.0,0.0,0.0,N
Sigmodon alstoni,Sigmodon_alstoni,Rodentia,Cricetidae,55.7,1.7459,5.09,Y,NA,NA,NA,NA,NA,Y,herbivore,herbivore,50.0,50.0,0.0,0.0,N
Sigmodon arizonae,Sigmodon_arizonae,Rodentia,Cricetidae,172.3,2.2363,5.44,N,NA,NA,NA,NA,NA,Y,omnivore,omnivore,50.0,50.0,0.0,0.0,N
Sigmodon fulviventer,Sigmodon_fulviventer,Rodentia,Cricetidae,195.94,2.2921,6.25,Y,NA,NA,NA,NA,NA,Y,omnivore,omnivore,50.0,50.0,0.0,0.0,N
Sigmodon hirsutus,Sigmodon_hirsutus,Rodentia,Cricetidae,159.6,2.203,5.44,N,NA,NA,NA,NA,NA,Y,herbivore,herbivore,50.0,50.0,0.0,0.0,Y
Sigmodon hispidus,Sigmodon_hispidus,Rodentia,Cricetidae,159.6,2.203,5.44,Y,6.6,35.904,0.225,0.8195,-0.6479,Y,omnivore,omnivore,50.0,50.0,0.0,0.0,N
Sigmodon inopinatus,Sigmodon_inopinatus,Rodentia,Cricetidae,168.22,2.2259,6.25,N,NA,NA,NA,NA,NA,Y,omnivore,omnivore,50.0,50.0,0.0,0.0,N
Sigmodon mascotensis,Sigmodon_mascotensis,Rodentia,Cricetidae,156.0,2.1931,5.44,N,NA,NA,NA,NA,NA,Y,omnivore,omnivore,50.0,50.0,0.0,0.0,N
Sigmodon ochrognathus,Sigmodon_ochrognathus,Rodentia,Cricetidae,145.85,2.1639,5.0,Y,5.55,27.75,0.1903,0.7443,-0.7206,Y,herbivore,herbivore,50.0,50.0,0.0,0.0,N
Sigmodon peruanus,Sigmodon_peruanus,Rodentia,Cricetidae,172.3,2.2363,5.44,N,NA,NA,NA,NA,NA,Y,herbivore,herbivore,50.0,50.0,0.0,0.0,N
Sigmodon toltecus,Sigmodon_toltecus,Rodentia,Cricetidae,159.6,2.203,5.44,N,NA,NA,NA,NA,NA,Y,omnivore,omnivore,50.0,50.0,0.0,0.0,Y
Synaptomys borealis,Synaptomys_borealis,Rodentia,Cricetidae,21.3,1.3284,4.335,Y,NA,NA,NA,NA,NA,Y,herbivore,herbivore,20.0,20.0,0.0,0.0,N
Synaptomys cooperi,Synaptomys_cooperi,Rodentia,Cricetidae,32.53,1.5123,3.215,Y,3.15,10.127,0.3113,0.4983,-0.5068,Y,herbivore,herbivore,20.0,20.0,0.0,0.0,N
Transandinomys bolivaris,Transandinomys_bolivaris,Rodentia,Cricetidae,57.745,1.7615,3.23,Y,NA,NA,NA,NA,NA,Y,omnivore,omnivore,20.0,20.0,0.0,20.0,N
Tscherskia triton,Tscherskia_triton,Rodentia,Cricetidae,25.0,1.3979,4.24,Y,5.25,22.26,0.8904,0.7202,-0.0504,Y,herbivore,herbivore,0.0,0.0,0.0,0.0,N
Tylomys nudicaudus,Tylomys_nudicaudus,Rodentia,Cricetidae,280.0,2.4472,2.4,Y,19.9,47.76,0.1706,1.2989,-0.7681,Y,herbivore,herbivore,0.0,0.0,0.0,10.0,N
Tylomys tumbalensis,Tylomys_tumbalensis,Rodentia,Cricetidae,280.0,2.4472,2.4,N,NA,NA,NA,NA,NA,Y,herbivore,herbivore,0.0,0.0,0.0,10.0,N
Tylomys watsoni,Tylomys_watsoni,Rodentia,Cricetidae,240.0,2.3802,2.91,Y,NA,NA,NA,NA,NA,Y,herbivore,herbivore,0.0,0.0,0.0,10.0,N
Wiedomys pyrrhorhinos,Wiedomys_pyrrhorhinos,Rodentia,Cricetidae,46.85,1.6707,3.8,Y,NA,NA,NA,NA,NA,Y,omnivore,omnivore,50.0,50.0,0.0,0.0,N
Xenomys nelsoni,Xenomys_nelsoni,Rodentia,Cricetidae,129.99,2.1139,1.6,Y,4.99,7.984,0.0614,0.6981,-1.2117,Y,omnivore,omnivore,20.0,20.0,0.0,10.0,Y
Zygodontomys brevicauda,Zygodontomys_brevicauda,Rodentia,Cricetidae,55.11,1.7412,4.275,Y,3.54,15.134,0.2746,0.549,-0.5613,Y,herbivore,herbivore,0.0,0.0,0.0,0.0,N
Zygodontomys brunneus,Zygodontomys_brunneus,Rodentia,Cricetidae,58.0,1.7634,4.275,N,NA,NA,NA,NA,NA,Y,herbivore,herbivore,0.0,0.0,0.0,0.0,N
Ctenodactylus gundi,Ctenodactylus_gundi,Rodentia,Ctenodactylidae,288.8,2.4606,1.9,Y,29.89,56.791,0.1966,1.4755,-0.7063,Y,herbivore,herbivore,0.0,0.0,0.0,0.0,N
Ctenodactylus vali,Ctenodactylus_vali,Rodentia,Ctenodactylidae,288.41,2.46,2.0,Y,17.9,35.8,0.1241,1.2529,-0.9061,Y,herbivore,herbivore,0.0,0.0,0.0,0.0,N
Felovia vae,Felovia_vae,Rodentia,Ctenodactylidae,205.0,2.3118,1.0,Y,NA,NA,NA,NA,NA,Y,herbivore,herbivore,0.0,0.0,0.0,0.0,Y
Massoutiera mzabi,Massoutiera_mzabi,Rodentia,Ctenodactylidae,194.0,2.2878,2.02,Y,20.5,41.41,0.2135,1.3118,-0.6707,Y,herbivore,herbivore,0.0,0.0,0.0,0.0,N
Pectinator spekei,Pectinator_spekei,Rodentia,Ctenodactylidae,169.7,2.2297,1.17,Y,NA,NA,NA,NA,NA,Y,herbivore,herbivore,0.0,0.0,0.0,0.0,N
Ctenomys fodax,Ctenomys_fodax,Rodentia,Ctenomyidae,140.84,2.1487,4.17,N,NA,NA,NA,NA,NA,Y,herbivore,herbivore,0.0,0.0,0.0,0.0,Y
Ctenomys haigi,Ctenomys_haigi,Rodentia,Ctenomyidae,164.0,2.2148,2.6,N,NA,NA,NA,NA,NA,Y,herbivore,herbivore,0.0,0.0,0.0,0.0,Y
Ctenomys maulinus,Ctenomys_maulinus,Rodentia,Ctenomyidae,178.44,2.2515,2.6,N,NA,NA,NA,NA,NA,Y,herbivore,herbivore,0.0,0.0,0.0,0.0,Y
Ctenomys opimus,Ctenomys_opimus,Rodentia,Ctenomyidae,363.525,2.5605,2.0,Y,NA,NA,NA,NA,NA,Y,herbivore,herbivore,0.0,0.0,0.0,0.0,Y
Ctenomys peruanus,Ctenomys_peruanus,Rodentia,Ctenomyidae,490.0,2.6902,3.0,Y,NA,NA,NA,NA,NA,Y,herbivore,herbivore,0.0,0.0,0.0,0.0,Y
Ctenomys talarum,Ctenomys_talarum,Rodentia,Ctenomyidae,130.92,2.117,4.17,Y,8.0,33.36,0.2548,0.9031,-0.5938,Y,herbivore,herbivore,0.0,0.0,0.0,0.0,Y
Ctenomys torquatus,Ctenomys_torquatus,Rodentia,Ctenomyidae,242.245,2.3843,2.5,Y,NA,NA,NA,NA,NA,Y,herbivore,herbivore,0.0,0.0,0.0,0.0,Y
Cuniculus paca,Cuniculus_paca,Rodentia,Cuniculidae,9000.0,3.9542,1.01,Y,674.77,681.518,0.0757,2.8292,-1.1208,Y,herbivore,herbivore,0.0,0.0,0.0,20.0,N
Cuniculus taczanowskii,Cuniculus_taczanowskii,Rodentia,Cuniculidae,9000.0,3.9542,1.0,Y,NA,NA,NA,NA,NA,Y,omnivore,omnivore,0.0,0.0,0.0,20.0,N
Dasyprocta coibae,Dasyprocta_coibae,Rodentia,Dasyproctidae,2229.56,3.3482,1.64,N,NA,NA,NA,NA,NA,Y,herbivore,herbivore,10.0,10.0,0.0,40.0,N
Dasyprocta croconota,Dasyprocta_croconota,Rodentia,Dasyproctidae,2500.0,3.3979,1.875,N,NA,NA,NA,NA,NA,Y,herbivore,herbivore,NA,NA,NA,NA,NA
Dasyprocta leporina,Dasyprocta_leporina,Rodentia,Dasyproctidae,2893.747,3.4615,1.875,Y,NA,NA,NA,NA,NA,Y,herbivore,herbivore,10.0,10.0,0.0,40.0,N
Dasyprocta prymnolopha,Dasyprocta_prymnolopha,Rodentia,Dasyproctidae,2900.0,3.4624,1.5,Y,NA,NA,NA,NA,NA,Y,herbivore,herbivore,10.0,10.0,0.0,40.0,N
Dasyprocta punctata,Dasyprocta_punctata,Rodentia,Dasyproctidae,2229.56,3.3482,1.64,Y,NA,NA,NA,NA,NA,Y,herbivore,herbivore,10.0,10.0,0.0,40.0,N
Dasyprocta variegata,Dasyprocta_variegata,Rodentia,Dasyproctidae,4100.0,3.6128,1.64,N,NA,NA,NA,NA,NA,Y,herbivore,herbivore,NA,NA,NA,NA,NA
Myoprocta acouchy,Myoprocta_acouchy,Rodentia,Dasyproctidae,844.5,2.9266,1.97,Y,75.23,148.203,0.1755,1.8764,-0.7557,Y,herbivore,herbivore,10.0,10.0,0.0,40.0,N
Myoprocta pratti,Myoprocta_pratti,Rodentia,Dasyproctidae,914.0,2.9609,1.87,Y,79.3,148.291,0.1622,1.8993,-0.7898,Y,herbivore,herbivore,20.0,20.0,0.0,40.0,Y
Dinomys branickii,Dinomys_branickii,Rodentia,Dinomyidae,12500.0,4.0969,1.97,Y,769.43,1515.777,0.1213,2.8862,-0.9163,Y,herbivore,herbivore,0.0,0.0,0.0,40.0,N
Allactaga balikunica,Allactaga_balikunica,Rodentia,Dipodidae,72.5,1.8603,2.52,N,NA,NA,NA,NA,NA,Y,omnivore,omnivore,20.0,20.0,0.0,0.0,N
Allactaga bullata,Allactaga_bullata,Rodentia,Dipodidae,72.5,1.8603,2.52,Y,NA,NA,NA,NA,NA,Y,omnivore,omnivore,20.0,20.0,0.0,0.0,N
Allactaga elater,Allactaga_elater,Rodentia,Dipodidae,58.7,1.7686,4.5,Y,NA,NA,NA,NA,NA,Y,omnivore,omnivore,20.0,20.0,0.0,0.0,N
Allactaga euphratica,Allactaga_euphratica,Rodentia,Dipodidae,232.0,2.3655,5.0,Y,NA,NA,NA,NA,NA,Y,herbivore,herbivore,20.0,20.0,0.0,0.0,N
Allactaga major,Allactaga_major,Rodentia,Dipodidae,350.0,2.5441,3.745,Y,NA,NA,NA,NA,NA,Y,herbivore,herbivore,20.0,20.0,0.0,0.0,N
Allactaga severtzovi,Allactaga_severtzovi,Rodentia,Dipodidae,159.0,2.2014,3.93,Y,NA,NA,NA,NA,NA,Y,herbivore,herbivore,20.0,20.0,0.0,0.0,N
Allactaga sibirica,Allactaga_sibirica,Rodentia,Dipodidae,117.5,2.07,3.44,Y,NA,NA,NA,NA,NA,Y,carnivore,carnivore_invertebrate,70.0,70.0,0.0,0.0,N
Allactaga vinogradovi,Allactaga_vinogradovi,Rodentia,Dipodidae,58.7,1.7686,4.5,N,NA,NA,NA,NA,NA,Y,herbivore,herbivore,20.0,20.0,0.0,0.0,N
Allactaga williamsi,Allactaga_williamsi,Rodentia,Dipodidae,232.0,2.3655,5.0,N,NA,NA,NA,NA,NA,Y,herbivore,herbivore,20.0,20.0,0.0,0.0,Y
Allactodipus bobrinskii,Allactodipus_bobrinskii,Rodentia,Dipodidae,65.0,1.8129,5.15,Y,NA,NA,NA,NA,NA,Y,omnivore,omnivore,20.0,20.0,0.0,10.0,Y
Dipus sagitta,Dipus_sagitta,Rodentia,Dipodidae,89.0,1.9494,3.435,Y,NA,NA,NA,NA,NA,Y,omnivore,omnivore,0.0,0.0,0.0,20.0,N
Eremodipus lichtensteini,Eremodipus_lichtensteini,Rodentia,Dipodidae,51.0,1.7076,4.86,Y,NA,NA,NA,NA,NA,Y,herbivore,herbivore,20.0,20.0,0.0,10.0,Y
Jaculus blanfordi,Jaculus_blanfordi,Rodentia,Dipodidae,54.7,1.738,4.19,Y,NA,NA,NA,NA,NA,Y,herbivore,herbivore,0.0,0.0,0.0,0.0,N
Jaculus jaculus,Jaculus_jaculus,Rodentia,Dipodidae,57.4,1.7589,3.24,Y,2.0,6.48,0.1129,0.301,-0.9473,Y,herbivore,herbivore,0.0,0.0,0.0,0.0,N
Jaculus orientalis,Jaculus_orientalis,Rodentia,Dipodidae,136.13,2.134,2.5,Y,NA,NA,NA,NA,NA,Y,herbivore,herbivore,0.0,0.0,0.0,0.0,N
Napaeozapus insignis,Napaeozapus_insignis,Rodentia,Dipodidae,21.8,1.3385,4.46,Y,0.93,4.148,0.1903,-0.0315,-0.7206,Y,omnivore,omnivore,20.0,20.0,0.0,10.0,N
Paradipus ctenodactylus,Paradipus_ctenodactylus,Rodentia,Dipodidae,140.0,2.1461,3.4,Y,NA,NA,NA,NA,NA,Y,herbivore,herbivore,0.0,0.0,0.0,20.0,N
Pygeretmus platyurus,Pygeretmus_platyurus,Rodentia,Dipodidae,20.0,1.301,5.585,Y,NA,NA,NA,NA,NA,Y,herbivore,herbivore,40.0,40.0,0.0,0.0,N
Pygeretmus pumilio,Pygeretmus_pumilio,Rodentia,Dipodidae,52.285,1.7184,3.175,Y,NA,NA,NA,NA,NA,Y,herbivore,herbivore,40.0,40.0,0.0,0.0,N
Pygeretmus zhitkovi,Pygeretmus_zhitkovi,Rodentia,Dipodidae,14.529,1.1622,5.49,Y,NA,NA,NA,NA,NA,Y,herbivore,herbivore,40.0,40.0,0.0,0.0,N
Salpingotulus michaelis,Salpingotulus_michaelis,Rodentia,Dipodidae,3.75,0.574,3.0,Y,NA,NA,NA,NA,NA,Y,herbivore,herbivore,50.0,50.0,0.0,0.0,N
Salpingotus crassicauda,Salpingotus_crassicauda,Rodentia,Dipodidae,13.1,1.1173,2.58,Y,NA,NA,NA,NA,NA,Y,omnivore,omnivore,50.0,50.0,0.0,0.0,N
Sicista betulina,Sicista_betulina,Rodentia,Dipodidae,8.92,0.9504,5.075,Y,NA,NA,NA,NA,NA,Y,omnivore,omnivore,30.0,30.0,0.0,30.0,N
Sicista napaea,Sicista_napaea,Rodentia,Dipodidae,10.0,1.0,3.495,Y,NA,NA,NA,NA,NA,Y,omnivore,omnivore,30.0,30.0,0.0,30.0,N
Sicista strandi,Sicista_strandi,Rodentia,Dipodidae,8.92,0.9504,5.075,N,NA,NA,NA,NA,NA,Y,omnivore,omnivore,30.0,30.0,0.0,30.0,N
Sicista tianshanica,Sicista_tianshanica,Rodentia,Dipodidae,11.5,1.0607,4.37,Y,NA,NA,NA,NA,NA,Y,omnivore,omnivore,30.0,30.0,0.0,30.0,N
Stylodipus andrewsi,Stylodipus_andrewsi,Rodentia,Dipodidae,57.495,1.7596,3.245,N,NA,NA,NA,NA,NA,Y,herbivore,herbivore,0.0,0.0,0.0,0.0,N
Stylodipus telum,Stylodipus_telum,Rodentia,Dipodidae,57.495,1.7596,3.245,Y,NA,NA,NA,NA,NA,Y,omnivore,omnivore,0.0,0.0,0.0,0.0,N
Zapus hudsonius,Zapus_hudsonius,Rodentia,Dipodidae,23.8,1.3766,5.36,Y,0.78,4.181,0.1757,-0.1079,-0.7553,Y,omnivore,omnivore,20.0,20.0,0.0,10.0,N
Zapus princeps,Zapus_princeps,Rodentia,Dipodidae,27.975,1.4468,5.04,Y,NA,NA,NA,NA,NA,Y,omnivore,omnivore,20.0,20.0,0.0,10.0,N
Zapus trinotatus,Zapus_trinotatus,Rodentia,Dipodidae,27.325,1.4366,5.3,Y,0.8,4.24,0.1552,-0.0969,-0.8092,Y,omnivore,omnivore,20.0,20.0,0.0,10.0,N
Dactylomys boliviensis,Dactylomys_boliviensis,Rodentia,Echimyidae,689.39,2.8385,2.0,N,NA,NA,NA,NA,NA,Y,herbivore,herbivore,0.0,0.0,0.0,0.0,N
Diplomys labilis,Diplomys_labilis,Rodentia,Echimyidae,282.17,2.4505,1.18,Y,59.5,70.21,0.2488,1.7745,-0.6041,Y,herbivore,herbivore,0.0,0.0,0.0,50.0,N
Echimys chrysurus,Echimys_chrysurus,Rodentia,Echimyidae,624.995,2.7959,1.97,Y,NA,NA,NA,NA,NA,Y,omnivore,omnivore,0.0,0.0,0.0,80.0,N
Euryzygomatomys spinosus,Euryzygomatomys_spinosus,Rodentia,Echimyidae,187.49,2.273,0.97,Y,NA,NA,NA,NA,NA,Y,herbivore,herbivore,0.0,0.0,0.0,30.0,Y
Hoplomys gymnurus,Hoplomys_gymnurus,Rodentia,Echimyidae,504.0,2.7024,2.1,Y,24.39,51.219,0.1016,1.3872,-0.993,Y,omnivore,omnivore,30.0,30.0,0.0,0.0,N
Isothrix bistriata,Isothrix_bistriata,Rodentia,Echimyidae,444.99,2.6484,0.97,Y,NA,NA,NA,NA,NA,Y,herbivore,herbivore,0.0,0.0,0.0,30.0,Y
Isothrix negrensis,Isothrix_negrensis,Rodentia,Echimyidae,444.99,2.6484,0.97,N,NA,NA,NA,NA,NA,Y,herbivore,herbivore,0.0,0.0,0.0,30.0,Y
Isothrix orinoci,Isothrix_orinoci,Rodentia,Echimyidae,444.99,2.6484,0.97,N,NA,NA,NA,NA,NA,Y,herbivore,herbivore,NA,NA,NA,NA,NA
Kannabateomys amblyonyx,Kannabateomys_amblyonyx,Rodentia,Echimyidae,529.995,2.7243,1.0,Y,NA,NA,NA,NA,NA,Y,herbivore,herbivore,0.0,0.0,0.0,0.0,N
Makalata didelphoides,Makalata_didelphoides,Rodentia,Echimyidae,337.33,2.5281,1.165,Y,NA,NA,NA,NA,NA,Y,herbivore,herbivore,0.0,0.0,0.0,50.0,N
Mesomys hispidus,Mesomys_hispidus,Rodentia,Echimyidae,175.0,2.243,0.97,Y,NA,NA,NA,NA,NA,Y,omnivore,omnivore,0.0,0.0,0.0,30.0,Y
Mesomys stimulax,Mesomys_stimulax,Rodentia,Echimyidae,141.5,2.1508,0.97,N,NA,NA,NA,NA,NA,Y,herbivore,herbivore,0.0,0.0,0.0,30.0,Y
Pattonomys occasius,Pattonomys_occasius,Rodentia,Echimyidae,276.0,2.4409,1.33,N,NA,NA,NA,NA,NA,Y,herbivore,herbivore,0.0,0.0,0.0,80.0,Y
Proechimys brevicauda,Proechimys_brevicauda,Rodentia,Echimyidae,285.0,2.4548,2.4,N,NA,NA,NA,NA,NA,Y,herbivore,herbivore,0.0,0.0,0.0,20.0,N
Proechimys chrysaeolus,Proechimys_chrysaeolus,Rodentia,Echimyidae,320.745,2.5062,2.4,N,NA,NA,NA,NA,NA,Y,herbivore,herbivore,0.0,0.0,0.0,20.0,N
Proechimys decumanus,Proechimys_decumanus,Rodentia,Echimyidae,320.745,2.5062,2.4,N,NA,NA,NA,NA,NA,Y,herbivore,herbivore,0.0,0.0,0.0,20.0,N
Proechimys goeldii,Proechimys_goeldii,Rodentia,Echimyidae,320.745,2.5062,2.4,N,NA,NA,NA,NA,NA,Y,herbivore,herbivore,0.0,0.0,0.0,20.0,N
Proechimys guairae,Proechimys_guairae,Rodentia,Echimyidae,335.373,2.5255,2.595,Y,25.45,66.043,0.1969,1.4057,-0.7057,Y,herbivore,herbivore,0.0,0.0,0.0,20.0,N
Proechimys guyannensis,Proechimys_guyannensis,Rodentia,Echimyidae,335.265,2.5254,2.28,Y,24.7,56.316,0.168,1.3927,-0.7748,Y,omnivore,omnivore,0.0,0.0,0.0,20.0,N
Proechimys hoplomyoides,Proechimys_hoplomyoides,Rodentia,Echimyidae,320.745,2.5062,2.4,N,NA,NA,NA,NA,NA,Y,herbivore,herbivore,0.0,0.0,0.0,20.0,N
Proechimys longicaudatus,Proechimys_longicaudatus,Rodentia,Echimyidae,280.75,2.4483,2.4,N,NA,NA,NA,NA,NA,Y,herbivore,herbivore,0.0,0.0,0.0,20.0,N
Proechimys mincae,Proechimys_mincae,Rodentia,Echimyidae,320.745,2.5062,2.4,N,NA,NA,NA,NA,NA,Y,herbivore,herbivore,0.0,0.0,0.0,20.0,N
Proechimys oconnelli,Proechimys_oconnelli,Rodentia,Echimyidae,427.25,2.6307,2.535,N,NA,NA,NA,NA,NA,Y,herbivore,herbivore,0.0,0.0,0.0,20.0,N
Proechimys pattoni,Proechimys_pattoni,Rodentia,Echimyidae,356.5,2.5521,2.4,N,NA,NA,NA,NA,NA,Y,herbivore,herbivore,0.0,0.0,0.0,20.0,Y
Proechimys quadruplicatus,Proechimys_quadruplicatus,Rodentia,Echimyidae,320.745,2.5062,2.4,N,NA,NA,NA,NA,NA,Y,herbivore,herbivore,0.0,0.0,0.0,20.0,N
Proechimys roberti,Proechimys_roberti,Rodentia,Echimyidae,284.99,2.4548,2.4,N,NA,NA,NA,NA,NA,Y,herbivore,herbivore,0.0,0.0,0.0,20.0,N
Proechimys semispinosus,Proechimys_semispinosus,Rodentia,Echimyidae,498.0,2.6972,2.535,Y,26.22,66.468,0.1335,1.4186,-0.8746,Y,herbivore,herbivore,0.0,0.0,0.0,20.0,N
Proechimys simonsi,Proechimys_simonsi,Rodentia,Echimyidae,320.745,2.5062,2.4,N,NA,NA,NA,NA,NA,Y,herbivore,herbivore,0.0,0.0,0.0,20.0,N
Proechimys steerei,Proechimys_steerei,Rodentia,Echimyidae,284.99,2.4548,2.4,N,NA,NA,NA,NA,NA,Y,omnivore,omnivore,0.0,0.0,0.0,20.0,N
Proechimys trinitatis,Proechimys_trinitatis,Rodentia,Echimyidae,338.623,2.5297,2.4,N,NA,NA,NA,NA,NA,Y,herbivore,herbivore,0.0,0.0,0.0,20.0,N
Thrichomys apereoides,Thrichomys_apereoides,Rodentia,Echimyidae,348.25,2.5419,3.15,Y,21.09,66.434,0.1908,1.3241,-0.7195,Y,herbivore,herbivore,0.0,0.0,0.0,60.0,N
Thrichomys inermis,Thrichomys_inermis,Rodentia,Echimyidae,348.25,2.5419,3.15,N,NA,NA,NA,NA,NA,Y,herbivore,herbivore,0.0,0.0,0.0,60.0,Y
Thrichomys pachyurus,Thrichomys_pachyurus,Rodentia,Echimyidae,373.5,2.5723,3.125,N,NA,NA,NA,NA,NA,Y,herbivore,herbivore,0.0,0.0,0.0,60.0,Y
Trinomys dimidiatus,Trinomys_dimidiatus,Rodentia,Echimyidae,167.6,2.2243,2.0,Y,NA,NA,NA,NA,NA,Y,omnivore,omnivore,0.0,0.0,0.0,20.0,N
Trinomys eliasi,Trinomys_eliasi,Rodentia,Echimyidae,200.0,2.301,3.0,Y,NA,NA,NA,NA,NA,Y,omnivore,omnivore,0.0,0.0,0.0,20.0,Y
Trinomys gratiosus,Trinomys_gratiosus,Rodentia,Echimyidae,203.498,2.3086,1.37,Y,NA,NA,NA,NA,NA,Y,omnivore,omnivore,0.0,0.0,0.0,20.0,Y
Trinomys iheringi,Trinomys_iheringi,Rodentia,Echimyidae,220.39,2.3432,0.97,Y,NA,NA,NA,NA,NA,Y,omnivore,omnivore,0.0,0.0,0.0,20.0,N
Coendou baturitensis,Coendou_baturitensis,Rodentia,Erethizontidae,3900.0,3.5911,1.0,N,NA,NA,NA,NA,NA,Y,herbivore,herbivore,NA,NA,NA,NA,NA
Coendou bicolor,Coendou_bicolor,Rodentia,Erethizontidae,4492.49,3.6525,1.0,Y,NA,NA,NA,NA,NA,Y,herbivore,herbivore,0.0,0.0,0.0,30.0,N
Coendou insidiosus,Coendou_insidiosus,Rodentia,Erethizontidae,998.32,2.9993,0.97,Y,NA,NA,NA,NA,NA,Y,omnivore,omnivore,0.0,0.0,0.0,30.0,N
Coendou melanurus,Coendou_melanurus,Rodentia,Erethizontidae,1449.16,3.1611,0.97,N,NA,NA,NA,NA,NA,Y,omnivore,omnivore,0.0,0.0,0.0,30.0,Y
Coendou mexicanus,Coendou_mexicanus,Rodentia,Erethizontidae,2000.0,3.301,1.0,Y,NA,NA,NA,NA,NA,Y,herbivore,herbivore,0.0,0.0,0.0,30.0,N
Coendou prehensilis,Coendou_prehensilis,Rodentia,Erethizontidae,3900.0,3.5911,1.0,Y,410.8,410.8,0.1053,2.6136,-0.9774,Y,herbivore,herbivore,0.0,0.0,0.0,30.0,N
Coendou quichua,Coendou_quichua,Rodentia,Erethizontidae,3246.245,3.5114,1.0,N,NA,NA,NA,NA,NA,Y,herbivore,herbivore,0.0,0.0,0.0,30.0,N
Coendou spinosus,Coendou_spinosus,Rodentia,Erethizontidae,1250.39,3.097,1.0,N,NA,NA,NA,NA,NA,Y,herbivore,herbivore,0.0,0.0,0.0,30.0,N
Erethizon dorsatum,Erethizon_dorsatum,Rodentia,Erethizontidae,8009.73,3.9036,1.0,Y,490.59,490.59,0.0612,2.6907,-1.2129,Y,herbivore,herbivore,0.0,0.0,0.0,10.0,N
Cratogeomys castanops,Cratogeomys_castanops,Rodentia,Geomyidae,266.415,2.4256,2.17,Y,6.06,13.15,0.0494,0.7825,-1.3066,Y,herbivore,herbivore,0.0,0.0,0.0,0.0,N
Cratogeomys fulvescens,Cratogeomys_fulvescens,Rodentia,Geomyidae,265.0,2.4232,1.94,N,NA,NA,NA,NA,NA,Y,herbivore,herbivore,NA,NA,NA,NA,NA
Cratogeomys fumosus,Cratogeomys_fumosus,Rodentia,Geomyidae,295.836,2.4711,1.955,N,NA,NA,NA,NA,NA,Y,herbivore,herbivore,0.0,0.0,0.0,0.0,N
Cratogeomys goldmani,Cratogeomys_goldmani,Rodentia,Geomyidae,266.415,2.4256,2.17,N,NA,NA,NA,NA,NA,Y,herbivore,herbivore,0.0,0.0,0.0,0.0,Y
Cratogeomys merriami,Cratogeomys_merriami,Rodentia,Geomyidae,419.99,2.6232,1.94,Y,NA,NA,NA,NA,NA,Y,herbivore,herbivore,0.0,0.0,0.0,0.0,N
Cratogeomys perotensis,Cratogeomys_perotensis,Rodentia,Geomyidae,314.4,2.4975,1.94,N,NA,NA,NA,NA,NA,Y,herbivore,herbivore,NA,NA,NA,NA,NA
Geomys arenarius,Geomys_arenarius,Rodentia,Geomyidae,200.375,2.3018,4.0,Y,NA,NA,NA,NA,NA,Y,herbivore,herbivore,0.0,0.0,0.0,0.0,Y
Geomys attwateri,Geomys_attwateri,Rodentia,Geomyidae,176.7,2.2472,3.265,Y,NA,NA,NA,NA,NA,Y,herbivore,herbivore,0.0,0.0,0.0,0.0,Y
Geomys breviceps,Geomys_breviceps,Rodentia,Geomyidae,176.7,2.2472,2.66,Y,NA,NA,NA,NA,NA,Y,herbivore,herbivore,0.0,0.0,0.0,0.0,Y
Geomys bursarius,Geomys_bursarius,Rodentia,Geomyidae,186.85,2.2715,3.39,Y,5.11,17.323,0.0927,0.7084,-1.0329,Y,herbivore,herbivore,0.0,0.0,0.0,0.0,Y
Geomys knoxjonesi,Geomys_knoxjonesi,Rodentia,Geomyidae,176.7,2.2472,3.39,N,NA,NA,NA,NA,NA,Y,herbivore,herbivore,0.0,0.0,0.0,0.0,Y
Geomys personatus,Geomys_personatus,Rodentia,Geomyidae,397.0,2.5988,3.195,Y,NA,NA,NA,NA,NA,Y,herbivore,herbivore,0.0,0.0,0.0,0.0,Y
Geomys pinetis,Geomys_pinetis,Rodentia,Geomyidae,195.75,2.2917,1.77,Y,5.13,9.08,0.0464,0.7101,-1.3336,Y,herbivore,herbivore,0.0,0.0,0.0,0.0,Y
Geomys texensis,Geomys_texensis,Rodentia,Geomyidae,176.7,2.2472,3.39,N,NA,NA,NA,NA,NA,Y,herbivore,herbivore,0.0,0.0,0.0,0.0,Y
Geomys tropicalis,Geomys_tropicalis,Rodentia,Geomyidae,397.0,2.5988,3.3,Y,NA,NA,NA,NA,NA,Y,herbivore,herbivore,0.0,0.0,0.0,0.0,Y
Heterogeomys cherriei,Heterogeomys_cherriei,Rodentia,Geomyidae,225.0,2.3522,2.5,N,NA,NA,NA,NA,NA,Y,herbivore,herbivore,0.0,0.0,0.0,0.0,N
Orthogeomys hispidus,Orthogeomys_hispidus,Rodentia,Geomyidae,574.995,2.7597,1.985,Y,NA,NA,NA,NA,NA,Y,herbivore,herbivore,0.0,0.0,0.0,0.0,N
Pappogeomys bulleri,Pappogeomys_bulleri,Rodentia,Geomyidae,150.0,2.1761,2.0,Y,NA,NA,NA,NA,NA,Y,herbivore,herbivore,0.0,0.0,0.0,0.0,N
Thomomys bottae,Thomomys_bottae,Rodentia,Geomyidae,103.5,2.0149,4.33,Y,3.2,13.856,0.1339,0.5051,-0.8733,Y,herbivore,herbivore,0.0,0.0,0.0,0.0,N
Thomomys bulbivorus,Thomomys_bulbivorus,Rodentia,Geomyidae,105.07,2.0215,5.04,Y,6.12,30.845,0.2936,0.7868,-0.5323,Y,herbivore,herbivore,0.0,0.0,0.0,0.0,N
Thomomys clusius,Thomomys_clusius,Rodentia,Geomyidae,101.12,2.0048,5.795,Y,NA,NA,NA,NA,NA,Y,herbivore,herbivore,0.0,0.0,0.0,0.0,N
Thomomys idahoensis,Thomomys_idahoensis,Rodentia,Geomyidae,101.12,2.0048,4.975,N,NA,NA,NA,NA,NA,Y,herbivore,herbivore,0.0,0.0,0.0,0.0,N
Thomomys mazama,Thomomys_mazama,Rodentia,Geomyidae,80.99,1.9084,3.79,Y,NA,NA,NA,NA,NA,Y,herbivore,herbivore,0.0,0.0,0.0,0.0,N
Thomomys monticola,Thomomys_monticola,Rodentia,Geomyidae,80.495,1.9058,3.495,Y,NA,NA,NA,NA,NA,Y,herbivore,herbivore,0.0,0.0,0.0,0.0,N
Thomomys talpoides,Thomomys_talpoides,Rodentia,Geomyidae,101.12,2.0048,4.975,Y,3.15,15.671,0.155,0.4983,-0.8097,Y,herbivore,herbivore,0.0,0.0,0.0,0.0,N
Thomomys townsendii,Thomomys_townsendii,Rodentia,Geomyidae,115.5,2.0626,5.25,Y,NA,NA,NA,NA,NA,Y,herbivore,herbivore,0.0,0.0,0.0,0.0,N
Thomomys umbrinus,Thomomys_umbrinus,Rodentia,Geomyidae,95.3,1.9791,3.05,Y,NA,NA,NA,NA,NA,Y,herbivore,herbivore,0.0,0.0,0.0,0.0,N
Dryomys laniger,Dryomys_laniger,Rodentia,Gliridae,25.91,1.4135,4.18,Y,NA,NA,NA,NA,NA,Y,omnivore,omnivore,30.0,10.0,20.0,20.0,N
Dryomys nitedula,Dryomys_nitedula,Rodentia,Gliridae,26.0,1.415,3.24,Y,1.57,5.087,0.1956,0.1959,-0.7085,Y,omnivore,omnivore,30.0,10.0,20.0,20.0,N
Eliomys melanurus,Eliomys_melanurus,Rodentia,Gliridae,114.61,2.0592,4.99,Y,NA,NA,NA,NA,NA,Y,omnivore,omnivore,60.0,30.0,30.0,20.0,Y
Eliomys munbyanus,Eliomys_munbyanus,Rodentia,Gliridae,114.61,2.0592,4.99,N,NA,NA,NA,NA,NA,Y,omnivore,omnivore,60.0,30.0,30.0,20.0,Y
Eliomys quercinus,Eliomys_quercinus,Rodentia,Gliridae,114.61,2.0592,4.99,Y,NA,NA,NA,NA,NA,Y,omnivore,omnivore,60.0,30.0,30.0,20.0,Y
Glirulus japonicus,Glirulus_japonicus,Rodentia,Gliridae,47.4,1.6758,4.0,Y,NA,NA,NA,NA,NA,Y,omnivore,omnivore,50.0,30.0,20.0,30.0,N
Glis glis,Glis_glis,Rodentia,Gliridae,140.045,2.1463,4.73,Y,NA,NA,NA,NA,NA,Y,omnivore,omnivore,0.0,0.0,0.0,40.0,N
Graphiurus angolensis,Graphiurus_angolensis,Rodentia,Gliridae,46.1,1.6637,5.17,N,NA,NA,NA,NA,NA,Y,omnivore,omnivore,60.0,20.0,40.0,20.0,Y
Graphiurus christyi,Graphiurus_christyi,Rodentia,Gliridae,3.016,0.4794,4.99,Y,NA,NA,NA,NA,NA,Y,omnivore,omnivore,60.0,20.0,40.0,20.0,N
Graphiurus crassicaudatus,Graphiurus_crassicaudatus,Rodentia,Gliridae,38.22,1.5823,2.58,Y,NA,NA,NA,NA,NA,Y,omnivore,omnivore,60.0,20.0,40.0,20.0,N
Graphiurus johnstoni,Graphiurus_johnstoni,Rodentia,Gliridae,24.0,1.3802,3.0,N,NA,NA,NA,NA,NA,Y,omnivore,omnivore,60.0,20.0,40.0,20.0,Y
Graphiurus kelleni,Graphiurus_kelleni,Rodentia,Gliridae,10.5,1.0212,4.41,Y,NA,NA,NA,NA,NA,Y,omnivore,omnivore,60.0,20.0,40.0,20.0,N
Graphiurus lorraineus,Graphiurus_lorraineus,Rodentia,Gliridae,27.004,1.4314,4.99,Y,NA,NA,NA,NA,NA,Y,omnivore,omnivore,60.0,20.0,40.0,20.0,N
Graphiurus microtis,Graphiurus_microtis,Rodentia,Gliridae,24.0,1.3802,3.0,N,NA,NA,NA,NA,NA,Y,omnivore,omnivore,60.0,20.0,40.0,20.0,N
Graphiurus murinus,Graphiurus_murinus,Rodentia,Gliridae,24.0,1.3802,3.0,Y,3.49,10.47,0.4362,0.5428,-0.3603,Y,omnivore,omnivore,60.0,20.0,40.0,20.0,N
Graphiurus nagtglasii,Graphiurus_nagtglasii,Rodentia,Gliridae,30.0,1.4771,3.11,Y,NA,NA,NA,NA,NA,Y,omnivore,omnivore,60.0,20.0,40.0,20.0,N
Graphiurus ocularis,Graphiurus_ocularis,Rodentia,Gliridae,68.8,1.8376,4.995,Y,NA,NA,NA,NA,NA,Y,omnivore,omnivore,60.0,20.0,40.0,20.0,N
Graphiurus platyops,Graphiurus_platyops,Rodentia,Gliridae,46.1,1.6637,5.17,Y,NA,NA,NA,NA,NA,Y,omnivore,omnivore,60.0,20.0,40.0,20.0,N
Graphiurus rupicola,Graphiurus_rupicola,Rodentia,Gliridae,46.1,1.6637,5.17,N,NA,NA,NA,NA,NA,Y,omnivore,omnivore,60.0,20.0,40.0,20.0,N
Graphiurus surdus,Graphiurus_surdus,Rodentia,Gliridae,26.0,1.415,4.99,Y,NA,NA,NA,NA,NA,Y,omnivore,omnivore,60.0,20.0,40.0,20.0,N
Muscardinus avellanarius,Muscardinus_avellanarius,Rodentia,Gliridae,27.315,1.4364,4.3,Y,0.8,3.44,0.1259,-0.0969,-0.8998,Y,omnivore,omnivore,10.0,10.0,0.0,10.0,N
Myomimus personatus,Myomimus_personatus,Rodentia,Gliridae,24.0,1.3802,3.0,N,NA,NA,NA,NA,NA,Y,carnivore,carnivore_vertebrate,40.0,10.0,30.0,30.0,N
Selevinia betpakdalaensis,Selevinia_betpakdalaensis,Rodentia,Gliridae,17.12,1.2335,6.9,Y,NA,NA,NA,NA,NA,Y,carnivore,carnivore_invertebrate,100.0,100.0,0.0,0.0,N
Chaetodipus arenarius,Chaetodipus_arenarius,Rodentia,Heteromyidae,23.0,1.3617,2.91,Y,NA,NA,NA,NA,NA,Y,omnivore,omnivore,10.0,10.0,0.0,0.0,N
Chaetodipus baileyi,Chaetodipus_baileyi,Rodentia,Heteromyidae,28.77,1.4589,3.68,Y,NA,NA,NA,NA,NA,Y,omnivore,omnivore,10.0,10.0,0.0,0.0,N
Chaetodipus californicus,Chaetodipus_californicus,Rodentia,Heteromyidae,23.01,1.3619,4.0,Y,1.5,6.0,0.2608,0.1761,-0.5838,Y,omnivore,omnivore,10.0,10.0,0.0,0.0,N
Chaetodipus eremicus,Chaetodipus_eremicus,Rodentia,Heteromyidae,15.57,1.1923,3.645,N,NA,NA,NA,NA,NA,Y,herbivore,herbivore,20.0,20.0,0.0,0.0,Y
Chaetodipus fallax,Chaetodipus_fallax,Rodentia,Heteromyidae,18.945,1.2775,3.225,Y,NA,NA,NA,NA,NA,Y,omnivore,omnivore,10.0,10.0,0.0,0.0,N
Chaetodipus formosus,Chaetodipus_formosus,Rodentia,Heteromyidae,19.225,1.2839,5.28,Y,1.0,5.28,0.2746,0.0,-0.5612,Y,omnivore,omnivore,10.0,10.0,0.0,0.0,N
Chaetodipus hispidus,Chaetodipus_hispidus,Rodentia,Heteromyidae,35.7,1.5527,5.12,Y,NA,NA,NA,NA,NA,Y,omnivore,omnivore,10.0,10.0,0.0,0.0,N
Chaetodipus intermedius,Chaetodipus_intermedius,Rodentia,Heteromyidae,15.45,1.1889,5.015,Y,NA,NA,NA,NA,NA,Y,omnivore,omnivore,10.0,10.0,0.0,0.0,N
Chaetodipus nelsoni,Chaetodipus_nelsoni,Rodentia,Heteromyidae,14.965,1.1751,3.57,Y,NA,NA,NA,NA,NA,Y,herbivore,herbivore,10.0,10.0,0.0,0.0,N
Chaetodipus penicillatus,Chaetodipus_penicillatus,Rodentia,Heteromyidae,15.57,1.1923,3.545,Y,NA,NA,NA,NA,NA,Y,omnivore,omnivore,10.0,10.0,0.0,0.0,N
Chaetodipus rudinoris,Chaetodipus_rudinoris,Rodentia,Heteromyidae,28.77,1.4589,3.68,N,NA,NA,NA,NA,NA,Y,herbivore,herbivore,20.0,20.0,0.0,0.0,Y
Chaetodipus spinatus,Chaetodipus_spinatus,Rodentia,Heteromyidae,16.34,1.2133,3.5,Y,NA,NA,NA,NA,NA,Y,herbivore,herbivore,10.0,10.0,0.0,0.0,N
Dipodomys agilis,Dipodomys_agilis,Rodentia,Heteromyidae,60.57,1.7823,2.575,Y,NA,NA,NA,NA,NA,Y,herbivore,herbivore,20.0,20.0,0.0,20.0,N
Dipodomys californicus,Dipodomys_californicus,Rodentia,Heteromyidae,65.0,1.8129,3.1,Y,NA,NA,NA,NA,NA,Y,herbivore,herbivore,20.0,20.0,0.0,20.0,N
Dipodomys compactus,Dipodomys_compactus,Rodentia,Heteromyidae,49.25,1.6924,3.0,Y,NA,NA,NA,NA,NA,Y,herbivore,herbivore,20.0,20.0,0.0,20.0,N
Dipodomys deserti,Dipodomys_deserti,Rodentia,Heteromyidae,106.75,2.0284,3.29,Y,4.08,13.423,0.1257,0.6107,-0.9005,Y,omnivore,omnivore,20.0,20.0,0.0,20.0,N
Dipodomys elator,Dipodomys_elator,Rodentia,Heteromyidae,105.82,2.0246,2.91,Y,NA,NA,NA,NA,NA,Y,omnivore,omnivore,20.0,20.0,0.0,20.0,N
Dipodomys heermanni,Dipodomys_heermanni,Rodentia,Heteromyidae,64.15,1.8072,3.11,Y,3.7,11.507,0.1794,0.5682,-0.7462,Y,herbivore,herbivore,20.0,20.0,0.0,20.0,N
Dipodomys ingens,Dipodomys_ingens,Rodentia,Heteromyidae,122.805,2.0892,3.76,Y,NA,NA,NA,NA,NA,Y,herbivore,herbivore,20.0,20.0,0.0,20.0,N
Dipodomys merriami,Dipodomys_merriami,Rodentia,Heteromyidae,37.805,1.5775,2.3,Y,3.29,7.567,0.2002,0.5172,-0.6986,Y,omnivore,omnivore,20.0,20.0,0.0,20.0,N
Dipodomys microps,Dipodomys_microps,Rodentia,Heteromyidae,55.16,1.7416,2.385,Y,4.0,9.54,0.173,0.6021,-0.7621,Y,herbivore,herbivore,20.0,20.0,0.0,20.0,N
Dipodomys nelsoni,Dipodomys_nelsoni,Rodentia,Heteromyidae,87.93,1.9441,1.94,Y,NA,NA,NA,NA,NA,Y,omnivore,omnivore,20.0,20.0,0.0,20.0,N
Dipodomys nitratoides,Dipodomys_nitratoides,Rodentia,Heteromyidae,37.8,1.5775,2.3,Y,2.96,6.808,0.1801,0.4713,-0.7445,Y,herbivore,herbivore,20.0,20.0,0.0,20.0,N
Dipodomys ordii,Dipodomys_ordii,Rodentia,Heteromyidae,49.6,1.6955,3.15,Y,4.99,15.718,0.3169,0.6981,-0.4991,Y,omnivore,omnivore,20.0,20.0,0.0,20.0,N
Dipodomys panamintinus,Dipodomys_panamintinus,Rodentia,Heteromyidae,56.58,1.7527,3.5,Y,4.5,15.75,0.2784,0.6532,-0.5554,Y,herbivore,herbivore,20.0,20.0,0.0,20.0,N
Dipodomys phillipsii,Dipodomys_phillipsii,Rodentia,Heteromyidae,41.0,1.6128,2.59,Y,NA,NA,NA,NA,NA,Y,herbivore,herbivore,20.0,20.0,0.0,20.0,N
Dipodomys spectabilis,Dipodomys_spectabilis,Rodentia,Heteromyidae,124.61,2.0956,2.65,Y,7.74,20.511,0.1646,0.8887,-0.7836,Y,omnivore,omnivore,20.0,20.0,0.0,20.0,N
Dipodomys stephensi,Dipodomys_stephensi,Rodentia,Heteromyidae,66.495,1.8228,2.62,Y,4.4,11.528,0.1734,0.6435,-0.761,Y,omnivore,omnivore,20.0,20.0,0.0,20.0,N
Dipodomys venustus,Dipodomys_venustus,Rodentia,Heteromyidae,82.0,1.9138,2.0,Y,NA,NA,NA,NA,NA,Y,herbivore,herbivore,20.0,20.0,0.0,20.0,N
Heteromys adspersus,Heteromys_adspersus,Rodentia,Heteromyidae,57.995,1.7634,3.2,Y,NA,NA,NA,NA,NA,Y,omnivore,omnivore,0.0,0.0,0.0,0.0,N
Heteromys anomalus,Heteromys_anomalus,Rodentia,Heteromyidae,69.3,1.8407,2.415,Y,3.29,7.945,0.1147,0.5172,-0.9406,Y,omnivore,omnivore,0.0,0.0,0.0,0.0,N
Heteromys australis,Heteromys_australis,Rodentia,Heteromyidae,267.49,2.4273,2.75,Y,NA,NA,NA,NA,NA,Y,omnivore,omnivore,0.0,0.0,0.0,0.0,N
Heteromys desmarestianus,Heteromys_desmarestianus,Rodentia,Heteromyidae,76.4,1.8831,3.185,Y,3.0,9.555,0.1251,0.4771,-0.9029,Y,omnivore,omnivore,0.0,0.0,0.0,0.0,N
Heteromys gaumeri,Heteromys_gaumeri,Rodentia,Heteromyidae,63.59,1.8034,2.95,Y,NA,NA,NA,NA,NA,Y,herbivore,herbivore,0.0,0.0,0.0,0.0,N
Heteromys irroratus,Heteromys_irroratus,Rodentia,Heteromyidae,46.5,1.6675,4.11,Y,NA,NA,NA,NA,NA,Y,herbivore,herbivore,0.0,0.0,0.0,0.0,N
Heteromys oresterus,Heteromys_oresterus,Rodentia,Heteromyidae,77.9,1.8915,3.705,Y,NA,NA,NA,NA,NA,Y,herbivore,herbivore,0.0,0.0,0.0,0.0,N
Heteromys pictus,Heteromys_pictus,Rodentia,Heteromyidae,46.64,1.6688,3.585,Y,2.5,8.962,0.1922,0.3979,-0.7163,Y,omnivore,omnivore,0.0,0.0,0.0,0.0,N
Heteromys salvini,Heteromys_salvini,Rodentia,Heteromyidae,43.2,1.6355,3.56,Y,1.9,6.764,0.1566,0.2788,-0.8053,Y,omnivore,omnivore,0.0,0.0,0.0,0.0,N
Heteromys spectabilis,Heteromys_spectabilis,Rodentia,Heteromyidae,65.0,1.8129,5.0,N,NA,NA,NA,NA,NA,Y,herbivore,herbivore,0.0,0.0,0.0,0.0,N
Microdipodops megacephalus,Microdipodops_megacephalus,Rodentia,Heteromyidae,13.405,1.1273,3.9,Y,NA,NA,NA,NA,NA,Y,herbivore,herbivore,20.0,20.0,0.0,0.0,N
Microdipodops pallidus,Microdipodops_pallidus,Rodentia,Heteromyidae,13.55,1.1319,3.895,Y,1.0,3.895,0.2875,0.0,-0.5414,Y,omnivore,omnivore,20.0,20.0,0.0,0.0,N
Perognathus fasciatus,Perognathus_fasciatus,Rodentia,Heteromyidae,11.42,1.0577,4.99,Y,NA,NA,NA,NA,NA,Y,omnivore,omnivore,10.0,10.0,0.0,0.0,N
Perognathus flavescens,Perognathus_flavescens,Rodentia,Heteromyidae,9.105,0.9593,4.56,Y,NA,NA,NA,NA,NA,Y,omnivore,omnivore,10.0,10.0,0.0,0.0,N
Perognathus flavus,Perognathus_flavus,Rodentia,Heteromyidae,7.97,0.9015,4.185,Y,NA,NA,NA,NA,NA,Y,omnivore,omnivore,10.0,10.0,0.0,0.0,N
Perognathus inornatus,Perognathus_inornatus,Rodentia,Heteromyidae,8.575,0.9332,4.45,Y,NA,NA,NA,NA,NA,Y,herbivore,herbivore,10.0,10.0,0.0,0.0,N
Perognathus longimembris,Perognathus_longimembris,Rodentia,Heteromyidae,8.35,0.9217,4.45,Y,1.25,5.562,0.6662,0.0969,-0.1764,Y,omnivore,omnivore,10.0,10.0,0.0,0.0,N
Perognathus merriami,Perognathus_merriami,Rodentia,Heteromyidae,7.47,0.8733,4.34,Y,NA,NA,NA,NA,NA,Y,omnivore,omnivore,10.0,10.0,0.0,0.0,N
Perognathus parvus,Perognathus_parvus,Rodentia,Heteromyidae,20.1,1.3032,4.8,Y,1.5,7.2,0.3582,0.1761,-0.4459,Y,omnivore,omnivore,10.0,10.0,0.0,0.0,N
Atherurus africanus,Atherurus_africanus,Rodentia,Hystricidae,2875.65,3.4587,1.5,Y,146.27,219.405,0.0763,2.1652,-1.1175,Y,omnivore,omnivore,0.0,0.0,0.0,20.0,N
Atherurus macrourus,Atherurus_macrourus,Rodentia,Hystricidae,2000.0,3.301,1.585,Y,NA,NA,NA,NA,NA,Y,omnivore,omnivore,0.0,0.0,0.0,20.0,N
Hystrix africaeaustralis,Hystrix_africaeaustralis,Rodentia,Hystricidae,14936.02,4.1742,2.1,Y,305.59,641.739,0.043,2.4851,-1.3669,Y,herbivore,herbivore,0.0,0.0,0.0,20.0,N
Hystrix brachyura,Hystrix_brachyura,Rodentia,Hystricidae,8000.0,3.9031,1.455,Y,340.74,495.777,0.062,2.5324,-1.2078,Y,herbivore,herbivore,0.0,0.0,0.0,20.0,N
Hystrix cristata,Hystrix_cristata,Rodentia,Hystricidae,19166.665,4.2825,2.3,Y,NA,NA,NA,NA,NA,Y,herbivore,herbivore,0.0,0.0,0.0,20.0,N
Hystrix indica,Hystrix_indica,Rodentia,Hystricidae,17325.0,4.2387,2.0,Y,NA,NA,NA,NA,NA,Y,herbivore,herbivore,0.0,0.0,0.0,20.0,N
Hystrix javanica,Hystrix_javanica,Rodentia,Hystricidae,8000.0,3.9031,1.455,N,NA,NA,NA,NA,NA,Y,herbivore,herbivore,0.0,0.0,0.0,20.0,N
Abeomelomys sevia,Abeomelomys_sevia,Rodentia,Muridae,57.89,1.7626,1.0,Y,NA,NA,NA,NA,NA,Y,omnivore,omnivore,10.0,10.0,0.0,10.0,Y
Acomys airensis,Acomys_airensis,Rodentia,Muridae,45.2,1.6551,2.47,N,NA,NA,NA,NA,NA,Y,carnivore,carnivore_vertebrate,40.0,10.0,30.0,0.0,Y
Acomys cahirinus,Acomys_cahirinus,Rodentia,Muridae,45.2,1.6551,2.47,Y,5.49,13.56,0.3,0.7396,-0.5229,Y,omnivore,omnivore,30.0,0.0,30.0,0.0,N
Acomys cineraceus,Acomys_cineraceus,Rodentia,Muridae,43.6,1.6395,2.47,N,NA,NA,NA,NA,NA,Y,carnivore,carnivore_vertebrate,40.0,10.0,30.0,0.0,Y
Acomys dimidiatus,Acomys_dimidiatus,Rodentia,Muridae,45.2,1.6551,2.47,N,NA,NA,NA,NA,NA,Y,omnivore,omnivore,40.0,10.0,30.0,0.0,Y
Acomys ignitus,Acomys_ignitus,Rodentia,Muridae,45.2,1.6551,2.47,N,NA,NA,NA,NA,NA,Y,carnivore,carnivore_vertebrate,30.0,0.0,30.0,0.0,N
Acomys johannis,Acomys_johannis,Rodentia,Muridae,43.6,1.6395,2.47,N,NA,NA,NA,NA,NA,Y,carnivore,carnivore_vertebrate,40.0,10.0,30.0,0.0,Y
Acomys kempi,Acomys_kempi,Rodentia,Muridae,43.6,1.6395,2.47,N,NA,NA,NA,NA,NA,Y,carnivore,carnivore_vertebrate,30.0,0.0,30.0,0.0,N
Acomys minous,Acomys_minous,Rodentia,Muridae,45.2,1.6551,2.47,N,NA,NA,NA,NA,NA,Y,herbivore,herbivore,30.0,0.0,30.0,0.0,N
Acomys mullah,Acomys_mullah,Rodentia,Muridae,45.2,1.6551,2.47,N,NA,NA,NA,NA,NA,Y,carnivore,carnivore_vertebrate,30.0,0.0,30.0,0.0,N
Acomys nesiotes,Acomys_nesiotes,Rodentia,Muridae,45.2,1.6551,2.47,N,NA,NA,NA,NA,NA,Y,omnivore,omnivore,30.0,0.0,30.0,0.0,N
Acomys russatus,Acomys_russatus,Rodentia,Muridae,54.915,1.7397,2.5,Y,NA,NA,NA,NA,NA,Y,carnivore,carnivore_vertebrate,60.0,20.0,40.0,0.0,N
Acomys seurati,Acomys_seurati,Rodentia,Muridae,45.2,1.6551,2.47,N,NA,NA,NA,NA,NA,Y,carnivore,carnivore_vertebrate,40.0,10.0,30.0,0.0,Y
Acomys spinosissimus,Acomys_spinosissimus,Rodentia,Muridae,27.01,1.4315,2.71,Y,NA,NA,NA,NA,NA,Y,carnivore,carnivore_vertebrate,30.0,0.0,30.0,0.0,N
Acomys wilsoni,Acomys_wilsoni,Rodentia,Muridae,20.96,1.3214,2.29,Y,3.49,7.992,0.3813,0.5428,-0.4187,Y,carnivore,carnivore_vertebrate,30.0,0.0,30.0,0.0,N
Aethomys chrysophilus,Aethomys_chrysophilus,Rodentia,Muridae,79.7,1.9015,3.345,Y,4.43,14.818,0.1859,0.6464,-0.7307,Y,herbivore,herbivore,0.0,0.0,0.0,20.0,N
Aethomys hindei,Aethomys_hindei,Rodentia,Muridae,98.495,1.9934,2.9,Y,NA,NA,NA,NA,NA,Y,omnivore,omnivore,0.0,0.0,0.0,20.0,N
Aethomys ineptus,Aethomys_ineptus,Rodentia,Muridae,80.85,1.9077,3.345,N,NA,NA,NA,NA,NA,Y,omnivore,omnivore,0.0,0.0,0.0,20.0,Y
Aethomys kaiseri,Aethomys_kaiseri,Rodentia,Muridae,98.495,1.9934,2.9,Y,6.09,17.661,0.1793,0.7846,-0.7464,Y,herbivore,herbivore,0.0,0.0,0.0,20.0,N
Aethomys nyikae,Aethomys_nyikae,Rodentia,Muridae,77.015,1.8866,3.56,Y,NA,NA,NA,NA,NA,Y,herbivore,herbivore,0.0,0.0,0.0,20.0,N
Aethomys thomasi,Aethomys_thomasi,Rodentia,Muridae,98.495,1.9934,2.9,N,NA,NA,NA,NA,NA,Y,herbivore,herbivore,0.0,0.0,0.0,20.0,N
Apodemus agrarius,Apodemus_agrarius,Rodentia,Muridae,21.2,1.3263,5.68,Y,1.8,10.224,0.4823,0.2553,-0.3167,Y,omnivore,omnivore,20.0,20.0,0.0,20.0,N
Apodemus alpicola,Apodemus_alpicola,Rodentia,Muridae,29.375,1.468,5.5,N,NA,NA,NA,NA,NA,Y,omnivore,omnivore,20.0,20.0,0.0,20.0,N
Apodemus argenteus,Apodemus_argenteus,Rodentia,Muridae,23.4,1.3692,5.16,N,NA,NA,NA,NA,NA,Y,omnivore,omnivore,20.0,20.0,0.0,20.0,N
Apodemus chevrieri,Apodemus_chevrieri,Rodentia,Muridae,21.2,1.3263,5.68,N,NA,NA,NA,NA,NA,Y,herbivore,herbivore,20.0,20.0,0.0,20.0,N
Apodemus draco,Apodemus_draco,Rodentia,Muridae,23.4,1.3692,5.18,N,NA,NA,NA,NA,NA,Y,omnivore,omnivore,20.0,20.0,0.0,20.0,N
Apodemus epimelas,Apodemus_epimelas,Rodentia,Muridae,42.3,1.6263,3.36,N,NA,NA,NA,NA,NA,Y,omnivore,omnivore,20.0,20.0,0.0,20.0,Y
Apodemus flavicollis,Apodemus_flavicollis,Rodentia,Muridae,29.375,1.468,5.5,Y,2.3,12.65,0.4306,0.3617,-0.3659,Y,herbivore,herbivore,20.0,20.0,0.0,20.0,N
Apodemus gurkha,Apodemus_gurkha,Rodentia,Muridae,29.375,1.468,5.5,N,NA,NA,NA,NA,NA,Y,omnivore,omnivore,20.0,20.0,0.0,20.0,N
Apodemus latronum,Apodemus_latronum,Rodentia,Muridae,29.4,1.4683,5.22,N,NA,NA,NA,NA,NA,Y,omnivore,omnivore,20.0,20.0,0.0,20.0,N
Apodemus mystacinus,Apodemus_mystacinus,Rodentia,Muridae,42.3,1.6263,3.36,Y,3.0,10.08,0.2383,0.4771,-0.6229,Y,omnivore,omnivore,20.0,20.0,0.0,20.0,N
Apodemus pallipes,Apodemus_pallipes,Rodentia,Muridae,23.39,1.369,5.2,N,NA,NA,NA,NA,NA,Y,omnivore,omnivore,20.0,20.0,0.0,20.0,N
Apodemus peninsulae,Apodemus_peninsulae,Rodentia,Muridae,29.4,1.4683,4.7,Y,2.0,9.4,0.3197,0.301,-0.4952,Y,omnivore,omnivore,20.0,20.0,0.0,20.0,N
Apodemus ponticus,Apodemus_ponticus,Rodentia,Muridae,29.375,1.468,5.5,N,NA,NA,NA,NA,NA,Y,omnivore,omnivore,20.0,20.0,0.0,20.0,N
Apodemus rusiges,Apodemus_rusiges,Rodentia,Muridae,24.8,1.3945,5.19,N,NA,NA,NA,NA,NA,Y,omnivore,omnivore,20.0,20.0,0.0,20.0,N
Apodemus semotus,Apodemus_semotus,Rodentia,Muridae,23.6,1.3729,5.17,Y,NA,NA,NA,NA,NA,Y,omnivore,omnivore,20.0,20.0,0.0,20.0,N
Apodemus speciosus,Apodemus_speciosus,Rodentia,Muridae,43.75,1.641,4.47,Y,NA,NA,NA,NA,NA,Y,omnivore,omnivore,20.0,20.0,0.0,20.0,N
Apodemus sylvaticus,Apodemus_sylvaticus,Rodentia,Muridae,23.4,1.3692,5.18,Y,1.5,7.77,0.3321,0.1761,-0.4788,Y,omnivore,omnivore,20.0,20.0,0.0,20.0,N
Apodemus uralensis,Apodemus_uralensis,Rodentia,Muridae,23.39,1.369,5.2,Y,NA,NA,NA,NA,NA,Y,omnivore,omnivore,20.0,20.0,0.0,20.0,N
Arvicanthis ansorgei,Arvicanthis_ansorgei,Rodentia,Muridae,95.8,1.9814,5.0,N,NA,NA,NA,NA,NA,Y,herbivore,herbivore,0.0,0.0,0.0,0.0,Y
Arvicanthis niloticus,Arvicanthis_niloticus,Rodentia,Muridae,95.8,1.9814,5.0,Y,4.25,21.25,0.2218,0.6284,-0.654,Y,herbivore,herbivore,0.0,0.0,0.0,0.0,N
Arvicanthis rufinus,Arvicanthis_rufinus,Rodentia,Muridae,89.84,1.9535,4.86,N,NA,NA,NA,NA,NA,Y,herbivore,herbivore,0.0,0.0,0.0,0.0,Y
Bandicota bengalensis,Bandicota_bengalensis,Rodentia,Muridae,196.83,2.2941,7.625,Y,4.85,36.981,0.1879,0.6857,-0.7261,Y,omnivore,omnivore,20.0,20.0,0.0,0.0,N
Bandicota indica,Bandicota_indica,Rodentia,Muridae,200.0,2.301,6.12,Y,9.77,59.792,0.299,0.9899,-0.5244,Y,omnivore,omnivore,20.0,20.0,0.0,0.0,N
Berylmys bowersi,Berylmys_bowersi,Rodentia,Muridae,358.68,2.5547,3.88,Y,NA,NA,NA,NA,NA,Y,omnivore,omnivore,30.0,30.0,0.0,20.0,N
Chiropodomys gliroides,Chiropodomys_gliroides,Rodentia,Muridae,25.5,1.4065,2.17,Y,2.79,6.054,0.2374,0.4456,-0.6245,Y,herbivore,herbivore,0.0,0.0,0.0,0.0,N
Chiropodomys pusillus,Chiropodomys_pusillus,Rodentia,Muridae,27.2,1.4346,2.17,N,NA,NA,NA,NA,NA,Y,herbivore,herbivore,0.0,0.0,0.0,0.0,N
Chiruromys forbesi,Chiruromys_forbesi,Rodentia,Muridae,105.15,2.0218,2.68,Y,NA,NA,NA,NA,NA,Y,herbivore,herbivore,0.0,0.0,0.0,0.0,N
Chiruromys lamia,Chiruromys_lamia,Rodentia,Muridae,47.2,1.6739,2.15,Y,NA,NA,NA,NA,NA,Y,herbivore,herbivore,0.0,0.0,0.0,0.0,N
Chiruromys vates,Chiruromys_vates,Rodentia,Muridae,44.43,1.6477,1.035,Y,NA,NA,NA,NA,NA,Y,herbivore,herbivore,0.0,0.0,0.0,0.0,N
Colomys goslingi,Colomys_goslingi,Rodentia,Muridae,60.5,1.7818,1.985,Y,NA,NA,NA,NA,NA,Y,omnivore,omnivore,90.0,80.0,10.0,0.0,N
Conilurus penicillatus,Conilurus_penicillatus,Rodentia,Muridae,159.51,2.2028,2.0,Y,NA,NA,NA,NA,NA,Y,omnivore,omnivore,10.0,10.0,0.0,10.0,Y
Cremnomys cutchicus,Cremnomys_cutchicus,Rodentia,Muridae,59.8,1.7767,4.95,Y,NA,NA,NA,NA,NA,Y,omnivore,omnivore,10.0,10.0,0.0,10.0,Y
Crossomys moncktoni,Crossomys_moncktoni,Rodentia,Muridae,168.42,2.2264,1.07,Y,NA,NA,NA,NA,NA,Y,carnivore,carnivore_invertebrate,100.0,60.0,40.0,0.0,N
Dasymys foxi,Dasymys_foxi,Rodentia,Muridae,116.965,2.0681,2.585,N,NA,NA,NA,NA,NA,Y,herbivore,herbivore,0.0,0.0,0.0,0.0,N
Dasymys incomtus,Dasymys_incomtus,Rodentia,Muridae,116.965,2.0681,2.585,Y,NA,NA,NA,NA,NA,Y,herbivore,herbivore,0.0,0.0,0.0,0.0,N
Dasymys montanus,Dasymys_montanus,Rodentia,Muridae,116.965,2.0681,2.585,N,NA,NA,NA,NA,NA,Y,herbivore,herbivore,0.0,0.0,0.0,0.0,N
Dasymys nudipes,Dasymys_nudipes,Rodentia,Muridae,116.965,2.0681,2.585,N,NA,NA,NA,NA,NA,Y,omnivore,omnivore,0.0,0.0,0.0,0.0,N
Dasymys rufulus,Dasymys_rufulus,Rodentia,Muridae,116.965,2.0681,2.585,N,NA,NA,NA,NA,NA,Y,herbivore,herbivore,0.0,0.0,0.0,0.0,N
Deomys ferrugineus,Deomys_ferrugineus,Rodentia,Muridae,57.6,1.7604,1.7,Y,NA,NA,NA,NA,NA,Y,carnivore,carnivore_invertebrate,90.0,90.0,0.0,0.0,N
Dephomys defua,Dephomys_defua,Rodentia,Muridae,48.263,1.6836,2.75,Y,NA,NA,NA,NA,NA,Y,omnivore,omnivore,10.0,10.0,0.0,90.0,N
Desmodilliscus braueri,Desmodilliscus_braueri,Rodentia,Muridae,10.0,1.0,2.565,Y,0.9,2.308,0.2308,-0.0458,-0.6367,Y,herbivore,herbivore,0.0,0.0,0.0,0.0,N
Desmodillus auricularis,Desmodillus_auricularis,Rodentia,Muridae,54.81,1.7389,3.29,Y,2.84,9.344,0.1705,0.4533,-0.7683,Y,omnivore,omnivore,30.0,30.0,0.0,0.0,N
Gerbilliscus afra,Gerbilliscus_afra,Rodentia,Muridae,83.465,1.9215,3.92,Y,4.5,17.64,0.2113,0.6532,-0.675,Y,omnivore,omnivore,20.0,20.0,0.0,0.0,N
Gerbilliscus boehmi,Gerbilliscus_boehmi,Rodentia,Muridae,49.033,1.6905,4.06,Y,NA,NA,NA,NA,NA,Y,omnivore,omnivore,20.0,20.0,0.0,0.0,N
Gerbilliscus brantsii,Gerbilliscus_brantsii,Rodentia,Muridae,82.205,1.9149,2.785,Y,5.49,15.29,0.186,0.7396,-0.7305,Y,omnivore,omnivore,20.0,20.0,0.0,0.0,N
Gerbilliscus gambiana,Gerbilliscus_gambiana,Rodentia,Muridae,114.5,2.0588,4.3,N,NA,NA,NA,NA,NA,Y,omnivore,omnivore,NA,NA,NA,NA,NA
Gerbilliscus kempi,Gerbilliscus_kempi,Rodentia,Muridae,113.0,2.0531,4.3,Y,NA,NA,NA,NA,NA,Y,omnivore,omnivore,20.0,20.0,0.0,0.0,N
Gerbilliscus leucogaster,Gerbilliscus_leucogaster,Rodentia,Muridae,133.8,2.1265,4.52,Y,2.79,12.611,0.0943,0.4456,-1.0257,Y,omnivore,omnivore,20.0,20.0,0.0,0.0,N
Gerbilliscus nigricaudus,Gerbilliscus_nigricaudus,Rodentia,Muridae,118.5,2.0737,4.44,Y,NA,NA,NA,NA,NA,Y,omnivore,omnivore,20.0,20.0,0.0,0.0,N
Gerbilliscus robustus,Gerbilliscus_robustus,Rodentia,Muridae,94.495,1.9754,5.205,Y,NA,NA,NA,NA,NA,Y,omnivore,omnivore,20.0,20.0,0.0,0.0,N
Gerbilliscus validus,Gerbilliscus_validus,Rodentia,Muridae,113.0,2.0531,4.3,Y,NA,NA,NA,NA,NA,Y,omnivore,omnivore,20.0,20.0,0.0,0.0,N
Gerbillurus paeba,Gerbillurus_paeba,Rodentia,Muridae,28.5,1.4548,3.635,Y,2.09,7.597,0.2666,0.3201,-0.5742,Y,herbivore,herbivore,0.0,0.0,0.0,0.0,N
Gerbillurus setzeri,Gerbillurus_setzeri,Rodentia,Muridae,38.6,1.5866,3.0,N,2.3,6.9,0.1788,0.3617,-0.7477,Y,omnivore,omnivore,0.0,0.0,0.0,0.0,N
Gerbillurus tytonis,Gerbillurus_tytonis,Rodentia,Muridae,29.79,1.4741,4.4,Y,1.89,8.316,0.2792,0.2765,-0.5542,Y,omnivore,omnivore,0.0,0.0,0.0,0.0,N
Gerbillurus vallinus,Gerbillurus_vallinus,Rodentia,Muridae,37.02,1.5684,3.87,Y,2.0,7.74,0.2091,0.301,-0.6797,Y,omnivore,omnivore,0.0,0.0,0.0,0.0,N
Gerbillus agag,Gerbillus_agag,Rodentia,Muridae,28.345,1.4525,4.1,N,NA,NA,NA,NA,NA,Y,omnivore,omnivore,20.0,20.0,0.0,0.0,N
Gerbillus amoenus,Gerbillus_amoenus,Rodentia,Muridae,26.95,1.4306,4.08,N,NA,NA,NA,NA,NA,Y,omnivore,omnivore,20.0,20.0,0.0,0.0,N
Gerbillus andersoni,Gerbillus_andersoni,Rodentia,Muridae,27.5,1.4393,4.1,Y,NA,NA,NA,NA,NA,Y,omnivore,omnivore,20.0,20.0,0.0,0.0,N
Gerbillus aquilus,Gerbillus_aquilus,Rodentia,Muridae,35.675,1.5524,8.0,N,NA,NA,NA,NA,NA,Y,omnivore,omnivore,20.0,20.0,0.0,0.0,N
Gerbillus campestris,Gerbillus_campestris,Rodentia,Muridae,27.99,1.447,4.34,Y,NA,NA,NA,NA,NA,Y,omnivore,omnivore,20.0,20.0,0.0,0.0,N
Gerbillus cheesmani,Gerbillus_cheesmani,Rodentia,Muridae,35.675,1.5524,8.0,Y,NA,NA,NA,NA,NA,Y,omnivore,omnivore,20.0,20.0,0.0,0.0,N
Gerbillus cosensis,Gerbillus_cosensis,Rodentia,Muridae,32.0,1.5051,4.1,N,NA,NA,NA,NA,NA,Y,omnivore,omnivore,NA,NA,NA,NA,NA
Gerbillus dasyurus,Gerbillus_dasyurus,Rodentia,Muridae,27.5,1.4393,4.14,Y,NA,NA,NA,NA,NA,Y,omnivore,omnivore,20.0,20.0,0.0,0.0,N
Gerbillus floweri,Gerbillus_floweri,Rodentia,Muridae,39.9,1.601,3.3,N,NA,NA,NA,NA,NA,Y,omnivore,omnivore,20.0,20.0,0.0,0.0,N
Gerbillus gerbillus,Gerbillus_gerbillus,Rodentia,Muridae,28.345,1.4525,4.1,Y,NA,NA,NA,NA,NA,Y,omnivore,omnivore,20.0,20.0,0.0,0.0,N
Gerbillus gleadowi,Gerbillus_gleadowi,Rodentia,Muridae,26.055,1.4159,3.25,Y,1.9,6.175,0.237,0.2788,-0.6253,Y,omnivore,omnivore,20.0,20.0,0.0,0.0,N
Gerbillus grobbeni,Gerbillus_grobbeni,Rodentia,Muridae,28.4,1.4533,4.08,N,NA,NA,NA,NA,NA,Y,omnivore,omnivore,20.0,20.0,0.0,0.0,N
Gerbillus henleyi,Gerbillus_henleyi,Rodentia,Muridae,9.85,0.9934,4.0,Y,NA,NA,NA,NA,NA,Y,omnivore,omnivore,20.0,20.0,0.0,0.0,N
Gerbillus hesperinus,Gerbillus_hesperinus,Rodentia,Muridae,39.9,1.601,3.3,N,NA,NA,NA,NA,NA,Y,omnivore,omnivore,20.0,20.0,0.0,0.0,N
Gerbillus latastei,Gerbillus_latastei,Rodentia,Muridae,28.345,1.4525,4.12,Y,NA,NA,NA,NA,NA,Y,omnivore,omnivore,20.0,20.0,0.0,0.0,N
Gerbillus nanus,Gerbillus_nanus,Rodentia,Muridae,28.133,1.4492,4.187,Y,NA,NA,NA,NA,NA,Y,omnivore,omnivore,20.0,20.0,0.0,0.0,N
Gerbillus nigeriae,Gerbillus_nigeriae,Rodentia,Muridae,29.7,1.4728,4.1,N,NA,NA,NA,NA,NA,Y,omnivore,omnivore,20.0,20.0,0.0,0.0,N
Gerbillus perpallidus,Gerbillus_perpallidus,Rodentia,Muridae,52.4,1.7193,4.575,Y,2.24,10.248,0.1956,0.3502,-0.7087,Y,omnivore,omnivore,20.0,20.0,0.0,0.0,N
Gerbillus pyramidum,Gerbillus_pyramidum,Rodentia,Muridae,39.9,1.601,3.3,Y,2.5,8.25,0.2068,0.3979,-0.6845,Y,omnivore,omnivore,20.0,20.0,0.0,0.0,N
Gerbillus simoni,Gerbillus_simoni,Rodentia,Muridae,24.4,1.3874,4.68,Y,NA,NA,NA,NA,NA,Y,omnivore,omnivore,20.0,20.0,0.0,0.0,N
Gerbillus tarabuli,Gerbillus_tarabuli,Rodentia,Muridae,39.9,1.601,3.385,N,NA,NA,NA,NA,NA,Y,omnivore,omnivore,20.0,20.0,0.0,0.0,N
Golunda ellioti,Golunda_ellioti,Rodentia,Muridae,60.73,1.7834,4.165,Y,NA,NA,NA,NA,NA,Y,herbivore,herbivore,0.0,0.0,0.0,0.0,N
Grammomys buntingi,Grammomys_buntingi,Rodentia,Muridae,43.7,1.6405,3.0,N,NA,NA,NA,NA,NA,Y,omnivore,omnivore,10.0,10.0,0.0,20.0,N
Grammomys cometes,Grammomys_cometes,Rodentia,Muridae,44.35,1.6469,2.95,Y,NA,NA,NA,NA,NA,Y,omnivore,omnivore,10.0,10.0,0.0,20.0,N
Grammomys dolichurus,Grammomys_dolichurus,Rodentia,Muridae,43.7,1.6405,3.0,Y,4.19,12.57,0.2876,0.6222,-0.5411,Y,omnivore,omnivore,10.0,10.0,0.0,20.0,N
Grammomys kuru,Grammomys_kuru,Rodentia,Muridae,52.258,1.7182,1.242,N,NA,NA,NA,NA,NA,Y,omnivore,omnivore,10.0,10.0,0.0,20.0,Y
Hybomys badius,Hybomys_badius,Rodentia,Muridae,53.13,1.7253,2.4,N,NA,NA,NA,NA,NA,Y,omnivore,omnivore,40.0,40.0,0.0,40.0,N
Hybomys basilii,Hybomys_basilii,Rodentia,Muridae,53.13,1.7253,2.4,N,NA,NA,NA,NA,NA,Y,omnivore,omnivore,40.0,40.0,0.0,40.0,N
Hybomys lunaris,Hybomys_lunaris,Rodentia,Muridae,53.13,1.7253,2.4,N,NA,NA,NA,NA,NA,Y,omnivore,omnivore,40.0,40.0,0.0,40.0,N
Hybomys planifrons,Hybomys_planifrons,Rodentia,Muridae,51.8,1.7143,2.4,N,NA,NA,NA,NA,NA,Y,omnivore,omnivore,40.0,40.0,0.0,40.0,N
Hybomys trivirgatus,Hybomys_trivirgatus,Rodentia,Muridae,60.08,1.7787,2.72,Y,NA,NA,NA,NA,NA,Y,omnivore,omnivore,40.0,40.0,0.0,40.0,N
Hybomys univittatus,Hybomys_univittatus,Rodentia,Muridae,53.13,1.7253,2.4,Y,4.4,10.56,0.1988,0.6435,-0.7017,Y,omnivore,omnivore,40.0,40.0,0.0,40.0,N
Hydromys chrysogaster,Hydromys_chrysogaster,Rodentia,Muridae,738.085,2.8681,3.8,Y,25.0,95.0,0.1287,1.3979,-0.8904,Y,carnivore,carnivore_invertebrate,100.0,50.0,50.0,0.0,N
Hylomyscus aeta,Hylomyscus_aeta,Rodentia,Muridae,22.13,1.345,4.18,Y,NA,NA,NA,NA,NA,Y,omnivore,omnivore,10.0,10.0,0.0,60.0,N
Hylomyscus alleni,Hylomyscus_alleni,Rodentia,Muridae,19.97,1.3004,3.0,Y,1.5,4.5,0.2253,0.1761,-0.6472,Y,omnivore,omnivore,10.0,10.0,0.0,60.0,N
Hylomyscus denniae,Hylomyscus_denniae,Rodentia,Muridae,35.99,1.5562,4.61,Y,NA,NA,NA,NA,NA,Y,omnivore,omnivore,10.0,10.0,0.0,60.0,N
Hylomyscus grandis,Hylomyscus_grandis,Rodentia,Muridae,22.13,1.345,4.18,N,NA,NA,NA,NA,NA,Y,omnivore,omnivore,10.0,10.0,0.0,60.0,Y
Hylomyscus stella,Hylomyscus_stella,Rodentia,Muridae,19.465,1.2893,3.055,Y,1.47,4.491,0.2307,0.1673,-0.6369,Y,omnivore,omnivore,10.0,10.0,0.0,60.0,N
Hylomyscus walterverheyeni,Hylomyscus_walterverheyeni,Rodentia,Muridae,19.465,1.2893,3.055,N,NA,NA,NA,NA,NA,Y,omnivore,omnivore,NA,NA,NA,NA,NA
Hyomys dammermani,Hyomys_dammermani,Rodentia,Muridae,932.5,2.9696,1.07,Y,NA,NA,NA,NA,NA,Y,herbivore,herbivore,0.0,0.0,0.0,0.0,N
Hyomys goliath,Hyomys_goliath,Rodentia,Muridae,874.37,2.9417,1.0,Y,NA,NA,NA,NA,NA,Y,herbivore,herbivore,0.0,0.0,0.0,0.0,N
Kadarsanomys sodyi,Kadarsanomys_sodyi,Rodentia,Muridae,194.0,2.2878,4.0,Y,NA,NA,NA,NA,NA,Y,omnivore,omnivore,10.0,10.0,0.0,10.0,Y
Leggadina forresti,Leggadina_forresti,Rodentia,Muridae,21.94,1.3412,3.5,N,NA,NA,NA,NA,NA,Y,omnivore,omnivore,0.0,0.0,0.0,0.0,N
Leggadina lakedownensis,Leggadina_lakedownensis,Rodentia,Muridae,17.5,1.243,3.0,N,NA,NA,NA,NA,NA,Y,herbivore,herbivore,0.0,0.0,0.0,0.0,N
Lemniscomys barbarus,Lemniscomys_barbarus,Rodentia,Muridae,26.175,1.4179,4.61,Y,NA,NA,NA,NA,NA,Y,omnivore,omnivore,10.0,10.0,0.0,0.0,N
Lemniscomys griselda,Lemniscomys_griselda,Rodentia,Muridae,55.87,1.7472,3.465,Y,NA,NA,NA,NA,NA,Y,herbivore,herbivore,10.0,10.0,0.0,0.0,N
Lemniscomys linulus,Lemniscomys_linulus,Rodentia,Muridae,55.87,1.7472,3.465,N,NA,NA,NA,NA,NA,Y,herbivore,herbivore,10.0,10.0,0.0,0.0,N
Lemniscomys rosalia,Lemniscomys_rosalia,Rodentia,Muridae,50.515,1.7034,3.465,N,NA,NA,NA,NA,NA,Y,herbivore,herbivore,10.0,10.0,0.0,0.0,N
Lemniscomys striatus,Lemniscomys_striatus,Rodentia,Muridae,42.3,1.6263,4.54,Y,2.25,10.215,0.2415,0.3522,-0.6171,Y,herbivore,herbivore,10.0,10.0,0.0,0.0,N
Lemniscomys zebra,Lemniscomys_zebra,Rodentia,Muridae,26.175,1.4179,4.61,N,NA,NA,NA,NA,NA,Y,herbivore,herbivore,10.0,10.0,0.0,0.0,Y
Lenothrix canus,Lenothrix_canus,Rodentia,Muridae,150.0,2.1761,2.91,Y,NA,NA,NA,NA,NA,Y,omnivore,omnivore,10.0,10.0,0.0,10.0,Y
Leopoldamys ciliatus,Leopoldamys_ciliatus,Rodentia,Muridae,308.82,2.4897,1.94,N,NA,NA,NA,NA,NA,Y,omnivore,omnivore,50.0,50.0,0.0,0.0,Y
Leopoldamys edwardsi,Leopoldamys_edwardsi,Rodentia,Muridae,308.82,2.4897,1.94,Y,NA,NA,NA,NA,NA,Y,omnivore,omnivore,50.0,50.0,0.0,0.0,N
Leopoldamys milleti,Leopoldamys_milleti,Rodentia,Muridae,308.82,2.4897,1.94,N,NA,NA,NA,NA,NA,Y,omnivore,omnivore,50.0,50.0,0.0,0.0,Y
Leopoldamys sabanus,Leopoldamys_sabanus,Rodentia,Muridae,347.61,2.5411,3.33,Y,NA,NA,NA,NA,NA,Y,omnivore,omnivore,50.0,50.0,0.0,0.0,N
Leporillus conditor,Leporillus_conditor,Rodentia,Muridae,332.5,2.5218,2.2,Y,NA,NA,NA,NA,NA,Y,herbivore,herbivore,0.0,0.0,0.0,0.0,N
Leptomys elegans,Leptomys_elegans,Rodentia,Muridae,83.52,1.9218,1.88,Y,NA,NA,NA,NA,NA,Y,carnivore,carnivore_invertebrate,100.0,50.0,50.0,0.0,N
Leptomys ernstmayri,Leptomys_ernstmayri,Rodentia,Muridae,63.185,1.8006,1.88,N,NA,NA,NA,NA,NA,Y,omnivore,omnivore,100.0,50.0,50.0,0.0,N
Leptomys signatus,Leptomys_signatus,Rodentia,Muridae,88.095,1.945,1.88,N,NA,NA,NA,NA,NA,Y,omnivore,omnivore,100.0,50.0,50.0,0.0,N
Lophuromys brevicaudus,Lophuromys_brevicaudus,Rodentia,Muridae,56.035,1.7485,2.305,N,NA,NA,NA,NA,NA,Y,omnivore,omnivore,90.0,80.0,10.0,0.0,Y
Lophuromys chrysopus,Lophuromys_chrysopus,Rodentia,Muridae,56.035,1.7485,2.305,N,NA,NA,NA,NA,NA,Y,omnivore,omnivore,90.0,80.0,10.0,0.0,Y
Lophuromys eisentrauti,Lophuromys_eisentrauti,Rodentia,Muridae,53.61,1.7292,3.25,N,NA,NA,NA,NA,NA,Y,omnivore,omnivore,90.0,80.0,10.0,0.0,Y
Lophuromys flavopunctatus,Lophuromys_flavopunctatus,Rodentia,Muridae,56.035,1.7485,2.305,Y,6.5,14.982,0.2674,0.8129,-0.5729,Y,omnivore,omnivore,90.0,80.0,10.0,0.0,N
Lophuromys luteogaster,Lophuromys_luteogaster,Rodentia,Muridae,97.76,1.9902,1.5,Y,NA,NA,NA,NA,NA,Y,carnivore,carnivore_invertebrate,90.0,80.0,10.0,0.0,N
Lophuromys nudicaudus,Lophuromys_nudicaudus,Rodentia,Muridae,44.5,1.6484,3.0,Y,NA,NA,NA,NA,NA,Y,omnivore,omnivore,90.0,80.0,10.0,0.0,N
Lophuromys rahmi,Lophuromys_rahmi,Rodentia,Muridae,38.0,1.5798,1.94,Y,NA,NA,NA,NA,NA,Y,omnivore,omnivore,90.0,80.0,10.0,0.0,N
Lophuromys sikapusi,Lophuromys_sikapusi,Rodentia,Muridae,53.61,1.7292,3.25,Y,7.8,25.35,0.4729,0.8921,-0.3253,Y,omnivore,omnivore,90.0,80.0,10.0,0.0,N
Lophuromys woosnami,Lophuromys_woosnami,Rodentia,Muridae,42.14,1.6247,1.735,Y,9.5,16.482,0.3911,0.9777,-0.4077,Y,omnivore,omnivore,90.0,80.0,10.0,0.0,N
Lorentzimys nouhuysi,Lorentzimys_nouhuysi,Rodentia,Muridae,14.44,1.1596,2.75,Y,NA,NA,NA,NA,NA,Y,omnivore,omnivore,40.0,40.0,0.0,0.0,N
Madromys blanfordi,Madromys_blanfordi,Rodentia,Muridae,14.1,1.1492,2.5,Y,NA,NA,NA,NA,NA,Y,omnivore,omnivore,10.0,10.0,0.0,10.0,Y
Malacomys cansdalei,Malacomys_cansdalei,Rodentia,Muridae,95.64,1.9806,2.91,N,NA,NA,NA,NA,NA,Y,omnivore,omnivore,50.0,50.0,0.0,20.0,N
Malacomys edwardsi,Malacomys_edwardsi,Rodentia,Muridae,79.71,1.9015,2.685,Y,NA,NA,NA,NA,NA,Y,omnivore,omnivore,50.0,50.0,0.0,20.0,N
Malacomys longipes,Malacomys_longipes,Rodentia,Muridae,95.64,1.9806,2.91,Y,NA,NA,NA,NA,NA,Y,omnivore,omnivore,50.0,50.0,0.0,20.0,N
Mallomys aroaensis,Mallomys_aroaensis,Rodentia,Muridae,1410.745,3.1494,1.02,Y,NA,NA,NA,NA,NA,Y,herbivore,herbivore,0.0,0.0,0.0,0.0,N
Mallomys istapantap,Mallomys_istapantap,Rodentia,Muridae,1990.43,3.2989,1.07,Y,NA,NA,NA,NA,NA,Y,herbivore,herbivore,0.0,0.0,0.0,0.0,N
Mallomys rothschildi,Mallomys_rothschildi,Rodentia,Muridae,1157.5,3.0635,1.02,Y,NA,NA,NA,NA,NA,Y,herbivore,herbivore,0.0,0.0,0.0,0.0,N
Mammelomys lanosus,Mammelomys_lanosus,Rodentia,Muridae,99.35,1.9972,2.09,Y,NA,NA,NA,NA,NA,Y,herbivore,herbivore,0.0,0.0,0.0,60.0,N
Mammelomys rattoides,Mammelomys_rattoides,Rodentia,Muridae,145.545,2.163,1.595,Y,NA,NA,NA,NA,NA,Y,herbivore,herbivore,0.0,0.0,0.0,60.0,N
Mastacomys fuscus,Mastacomys_fuscus,Rodentia,Muridae,136.86,2.1363,1.595,Y,7.25,11.564,0.0845,0.8603,-1.0732,Y,herbivore,herbivore,20.0,20.0,0.0,0.0,N
Mastomys coucha,Mastomys_coucha,Rodentia,Muridae,53.81,1.7309,7.96,Y,2.12,16.875,0.3136,0.3263,-0.5036,Y,omnivore,omnivore,40.0,40.0,0.0,0.0,N
Mastomys erythroleucus,Mastomys_erythroleucus,Rodentia,Muridae,53.81,1.7309,7.96,Y,NA,NA,NA,NA,NA,Y,omnivore,omnivore,40.0,40.0,0.0,0.0,N
Mastomys huberti,Mastomys_huberti,Rodentia,Muridae,53.81,1.7309,7.96,N,NA,NA,NA,NA,NA,Y,omnivore,omnivore,40.0,40.0,0.0,0.0,Y
Mastomys natalensis,Mastomys_natalensis,Rodentia,Muridae,41.675,1.6199,8.595,Y,1.98,17.018,0.4084,0.2967,-0.389,Y,omnivore,omnivore,80.0,80.0,0.0,0.0,N
Maxomys inas,Maxomys_inas,Rodentia,Muridae,124.475,2.0951,2.91,Y,NA,NA,NA,NA,NA,Y,omnivore,omnivore,20.0,10.0,10.0,30.0,N
Maxomys pagensis,Maxomys_pagensis,Rodentia,Muridae,150.48,2.1775,3.54,N,NA,NA,NA,NA,NA,Y,omnivore,omnivore,20.0,10.0,10.0,30.0,N
Maxomys panglima,Maxomys_panglima,Rodentia,Muridae,154.72,2.1895,3.54,N,NA,NA,NA,NA,NA,Y,omnivore,omnivore,20.0,10.0,10.0,30.0,N
Maxomys rajah,Maxomys_rajah,Rodentia,Muridae,150.0,2.1761,3.29,Y,NA,NA,NA,NA,NA,Y,omnivore,omnivore,20.0,10.0,10.0,30.0,N
Maxomys surifer,Maxomys_surifer,Rodentia,Muridae,150.48,2.1775,3.54,Y,NA,NA,NA,NA,NA,Y,omnivore,omnivore,20.0,10.0,10.0,30.0,N
Maxomys whiteheadi,Maxomys_whiteheadi,Rodentia,Muridae,54.33,1.735,3.0,Y,NA,NA,NA,NA,NA,Y,omnivore,omnivore,20.0,10.0,10.0,30.0,N
Melomys aerosus,Melomys_aerosus,Rodentia,Muridae,92.92,1.9681,1.5,N,NA,NA,NA,NA,NA,Y,herbivore,herbivore,0.0,0.0,0.0,60.0,Y
Melomys arcium,Melomys_arcium,Rodentia,Muridae,81.94,1.9135,2.075,N,NA,NA,NA,NA,NA,Y,herbivore,herbivore,0.0,0.0,0.0,60.0,Y
Melomys bannisteri,Melomys_bannisteri,Rodentia,Muridae,82.6,1.917,2.35,N,NA,NA,NA,NA,NA,Y,herbivore,herbivore,0.0,0.0,0.0,60.0,Y
Melomys bougainville,Melomys_bougainville,Rodentia,Muridae,60.1,1.7789,2.085,N,NA,NA,NA,NA,NA,Y,herbivore,herbivore,0.0,0.0,0.0,60.0,Y
Melomys burtoni,Melomys_burtoni,Rodentia,Muridae,62.0,1.7924,2.5,Y,NA,NA,NA,NA,NA,Y,omnivore,omnivore,0.0,0.0,0.0,60.0,Y
Melomys capensis,Melomys_capensis,Rodentia,Muridae,70.6,1.8488,2.2,N,NA,NA,NA,NA,NA,Y,herbivore,herbivore,0.0,0.0,0.0,60.0,Y
Melomys caurinus,Melomys_caurinus,Rodentia,Muridae,95.58,1.9804,2.075,N,NA,NA,NA,NA,NA,Y,herbivore,herbivore,0.0,0.0,0.0,60.0,Y
Melomys cervinipes,Melomys_cervinipes,Rodentia,Muridae,82.6,1.917,2.35,Y,NA,NA,NA,NA,NA,Y,herbivore,herbivore,0.0,0.0,0.0,60.0,Y
Melomys dollmani,Melomys_dollmani,Rodentia,Muridae,60.1,1.7789,2.085,N,NA,NA,NA,NA,NA,Y,herbivore,herbivore,0.0,0.0,0.0,60.0,Y
Melomys frigicola,Melomys_frigicola,Rodentia,Muridae,62.475,1.7957,2.5,N,NA,NA,NA,NA,NA,Y,herbivore,herbivore,0.0,0.0,0.0,60.0,Y
Melomys fulgens,Melomys_fulgens,Rodentia,Muridae,95.16,1.9785,2.075,N,NA,NA,NA,NA,NA,Y,herbivore,herbivore,0.0,0.0,0.0,60.0,Y
Melomys leucogaster,Melomys_leucogaster,Rodentia,Muridae,78.05,1.8924,2.075,Y,NA,NA,NA,NA,NA,Y,herbivore,herbivore,0.0,0.0,0.0,60.0,Y
Melomys lutillus,Melomys_lutillus,Rodentia,Muridae,62.0,1.7924,2.5,Y,NA,NA,NA,NA,NA,Y,herbivore,herbivore,0.0,0.0,0.0,60.0,Y
Melomys matambuai,Melomys_matambuai,Rodentia,Muridae,60.1,1.7789,2.085,N,NA,NA,NA,NA,NA,Y,herbivore,herbivore,0.0,0.0,0.0,60.0,Y
Melomys obiensis,Melomys_obiensis,Rodentia,Muridae,140.84,2.1487,5.88,N,NA,NA,NA,NA,NA,Y,herbivore,herbivore,0.0,0.0,0.0,60.0,Y
Melomys paveli,Melomys_paveli,Rodentia,Muridae,58.75,1.769,2.085,N,NA,NA,NA,NA,NA,Y,herbivore,herbivore,0.0,0.0,0.0,60.0,Y
Melomys rubicola,Melomys_rubicola,Rodentia,Muridae,94.0,1.9731,2.35,N,NA,NA,NA,NA,NA,Y,herbivore,herbivore,0.0,0.0,0.0,60.0,Y
Melomys rufescens,Melomys_rufescens,Rodentia,Muridae,58.75,1.769,2.085,Y,NA,NA,NA,NA,NA,Y,herbivore,herbivore,0.0,0.0,0.0,60.0,Y
Melomys talaudium,Melomys_talaudium,Rodentia,Muridae,96.0,1.9823,2.075,N,NA,NA,NA,NA,NA,Y,herbivore,herbivore,0.0,0.0,0.0,60.0,Y
Meriones crassus,Meriones_crassus,Rodentia,Muridae,48.3,1.6839,4.0,Y,3.34,13.36,0.2766,0.5237,-0.5581,Y,omnivore,omnivore,20.0,20.0,0.0,10.0,N
Meriones grandis,Meriones_grandis,Rodentia,Muridae,137.8,2.1392,5.625,N,NA,NA,NA,NA,NA,Y,omnivore,omnivore,20.0,20.0,0.0,10.0,Y
Meriones hurrianae,Meriones_hurrianae,Rodentia,Muridae,70.6,1.8488,4.28,Y,4.1,17.548,0.2486,0.6128,-0.6046,Y,omnivore,omnivore,20.0,20.0,0.0,10.0,N
Meriones libycus,Meriones_libycus,Rodentia,Muridae,91.33,1.9606,4.97,Y,5.24,26.043,0.2852,0.7193,-0.5449,Y,omnivore,omnivore,20.0,20.0,0.0,10.0,N
Meriones meridianus,Meriones_meridianus,Rodentia,Muridae,53.0,1.7243,5.6,Y,NA,NA,NA,NA,NA,Y,herbivore,herbivore,20.0,20.0,0.0,10.0,N
Meriones persicus,Meriones_persicus,Rodentia,Muridae,100.0,2.0,4.33,Y,4.99,21.607,0.2161,0.6981,-0.6654,Y,omnivore,omnivore,20.0,20.0,0.0,10.0,N
Meriones sacramenti,Meriones_sacramenti,Rodentia,Muridae,48.3,1.6839,4.105,Y,NA,NA,NA,NA,NA,Y,omnivore,omnivore,20.0,20.0,0.0,10.0,N
Meriones shawi,Meriones_shawi,Rodentia,Muridae,137.8,2.1392,5.625,Y,4.35,24.469,0.1776,0.6385,-0.7506,Y,omnivore,omnivore,20.0,20.0,0.0,10.0,N
Meriones tamariscinus,Meriones_tamariscinus,Rodentia,Muridae,120.0,2.0792,4.125,Y,2.97,12.251,0.1021,0.4728,-0.991,Y,herbivore,herbivore,20.0,20.0,0.0,10.0,N
Meriones tristrami,Meriones_tristrami,Rodentia,Muridae,111.62,2.0477,5.605,Y,3.0,16.815,0.1506,0.4771,-0.822,Y,herbivore,herbivore,20.0,20.0,0.0,10.0,N
Meriones unguiculatus,Meriones_unguiculatus,Rodentia,Muridae,58.1,1.7642,5.0,Y,2.85,14.25,0.2453,0.4548,-0.6104,Y,herbivore,herbivore,20.0,20.0,0.0,10.0,N
Meriones vinogradovi,Meriones_vinogradovi,Rodentia,Muridae,150.0,2.1761,7.0,Y,3.0,21.0,0.14,0.4771,-0.8539,Y,herbivore,herbivore,20.0,20.0,0.0,10.0,N
Meriones zarudnyi,Meriones_zarudnyi,Rodentia,Muridae,48.3,1.6839,4.0,N,NA,NA,NA,NA,NA,Y,omnivore,omnivore,20.0,20.0,0.0,10.0,N
Mesembriomys gouldii,Mesembriomys_gouldii,Rodentia,Muridae,900.0,2.9542,1.96,Y,34.7,68.012,0.0756,1.5403,-1.1217,Y,omnivore,omnivore,20.0,20.0,0.0,0.0,N
Mesembriomys macrurus,Mesembriomys_macrurus,Rodentia,Muridae,268.5,2.4289,2.0,Y,NA,NA,NA,NA,NA,Y,omnivore,omnivore,20.0,20.0,0.0,0.0,N
Micaelamys namaquensis,Aethomys_namaquensis,Rodentia,Muridae,57.3,1.7582,3.75,Y,2.5,9.375,0.1636,0.3979,-0.7862,Y,omnivore,omnivore,10.0,10.0,0.0,10.0,Y
Micromys minutus,Micromys_minutus,Rodentia,Muridae,7.18,0.8561,5.15,Y,0.77,3.966,0.5523,-0.1135,-0.2578,Y,omnivore,omnivore,30.0,30.0,0.0,0.0,N
Millardia gleadowi,Millardia_gleadowi,Rodentia,Muridae,70.0,1.8451,2.3,Y,NA,NA,NA,NA,NA,Y,herbivore,herbivore,0.0,0.0,0.0,0.0,N
Millardia meltada,Millardia_meltada,Rodentia,Muridae,67.4,1.8287,5.67,Y,NA,NA,NA,NA,NA,Y,herbivore,herbivore,0.0,0.0,0.0,0.0,N
Mus booduga,Mus_booduga,Rodentia,Muridae,11.5,1.0607,6.34,Y,NA,NA,NA,NA,NA,Y,omnivore,omnivore,20.0,20.0,0.0,0.0,N
Mus caroli,Mus_caroli,Rodentia,Muridae,18.65,1.2707,5.805,N,1.2,6.966,0.3735,0.0792,-0.4277,Y,omnivore,omnivore,20.0,20.0,0.0,0.0,N
Mus cervicolor,Mus_cervicolor,Rodentia,Muridae,17.7,1.248,4.265,Y,1.5,6.397,0.3614,0.1761,-0.442,Y,omnivore,omnivore,20.0,20.0,0.0,0.0,N
Mus indutus,Mus_indutus,Rodentia,Muridae,7.25,0.8603,4.24,Y,NA,NA,NA,NA,NA,Y,omnivore,omnivore,20.0,20.0,0.0,0.0,N
Mus macedonicus,Mus_macedonicus,Rodentia,Muridae,20.5,1.3118,6.07,N,NA,NA,NA,NA,NA,Y,omnivore,omnivore,20.0,20.0,0.0,0.0,N
Mus mahomet,Mus_mahomet,Rodentia,Muridae,41.5,1.618,8.595,N,NA,NA,NA,NA,NA,Y,omnivore,omnivore,20.0,20.0,0.0,0.0,N
Mus mayori,Mus_mayori,Rodentia,Muridae,39.75,1.5993,2.975,Y,NA,NA,NA,NA,NA,Y,omnivore,omnivore,20.0,20.0,0.0,0.0,N
Mus minutoides,Mus_minutoides,Rodentia,Muridae,7.585,0.88,4.18,Y,1.01,4.222,0.5566,0.0043,-0.2545,Y,omnivore,omnivore,20.0,20.0,0.0,0.0,N
Mus musculoides,Mus_musculoides,Rodentia,Muridae,7.585,0.88,4.18,Y,0.8,3.344,0.4409,-0.0969,-0.3557,Y,omnivore,omnivore,20.0,20.0,0.0,0.0,N
Mus musculus,Mus_musculus,Rodentia,Muridae,20.5,1.3118,6.07,Y,1.06,6.434,0.3139,0.0253,-0.5033,Y,omnivore,omnivore,20.0,20.0,0.0,0.0,N
Mus neavei,Mus_neavei,Rodentia,Muridae,7.585,0.88,4.18,N,NA,NA,NA,NA,NA,Y,omnivore,omnivore,20.0,20.0,0.0,0.0,N
Mus phillipsi,Mus_phillipsi,Rodentia,Muridae,17.7,1.248,4.265,N,NA,NA,NA,NA,NA,Y,omnivore,omnivore,20.0,20.0,0.0,0.0,N
Mus platythrix,Mus_platythrix,Rodentia,Muridae,28.64,1.457,6.315,Y,NA,NA,NA,NA,NA,Y,omnivore,omnivore,20.0,20.0,0.0,0.0,N
Mus setulosus,Mus_setulosus,Rodentia,Muridae,11.18,1.0484,3.92,Y,NA,NA,NA,NA,NA,Y,omnivore,omnivore,20.0,20.0,0.0,0.0,N
Mus shortridgei,Mus_shortridgei,Rodentia,Muridae,28.64,1.457,6.315,N,NA,NA,NA,NA,NA,Y,omnivore,omnivore,20.0,20.0,0.0,0.0,N
Mus sorella,Mus_sorella,Rodentia,Muridae,12.535,1.0981,5.2,N,NA,NA,NA,NA,NA,Y,omnivore,omnivore,20.0,20.0,0.0,0.0,N
Mus spicilegus,Mus_spicilegus,Rodentia,Muridae,19.9,1.2989,6.07,Y,NA,NA,NA,NA,NA,Y,herbivore,herbivore,20.0,20.0,0.0,0.0,N
Mus spretus,Mus_spretus,Rodentia,Muridae,19.9,1.2989,5.805,Y,NA,NA,NA,NA,NA,Y,omnivore,omnivore,20.0,20.0,0.0,0.0,N
Mus tenellus,Mus_tenellus,Rodentia,Muridae,10.2,1.0086,1.94,Y,NA,NA,NA,NA,NA,Y,omnivore,omnivore,20.0,20.0,0.0,0.0,N
Mus triton,Mus_triton,Rodentia,Muridae,12.535,1.0981,5.2,Y,1.29,6.708,0.5351,0.1106,-0.2715,Y,omnivore,omnivore,70.0,70.0,0.0,0.0,N
Mus vulcani,Mus_vulcani,Rodentia,Muridae,60.315,1.7804,3.665,N,NA,NA,NA,NA,NA,Y,omnivore,omnivore,20.0,20.0,0.0,0.0,N
Mylomys dybowskii,Mylomys_dybowskii,Rodentia,Muridae,110.96,2.0452,4.04,Y,NA,NA,NA,NA,NA,Y,herbivore,herbivore,0.0,0.0,0.0,0.0,N
Mylomys rex,Mylomys_rex,Rodentia,Muridae,110.96,2.0452,4.04,N,NA,NA,NA,NA,NA,Y,herbivore,herbivore,0.0,0.0,0.0,0.0,Y
Myomyscus yemeni,Myomyscus_yemeni,Rodentia,Muridae,30.0,1.4771,3.0,N,NA,NA,NA,NA,NA,Y,herbivore,herbivore,80.0,80.0,0.0,0.0,N
Nesokia indica,Nesokia_indica,Rodentia,Muridae,160.79,2.2063,4.135,Y,NA,NA,NA,NA,NA,Y,herbivore,herbivore,0.0,0.0,0.0,20.0,N
Nilopegamys plumbeus,Nilopegamys_plumbeus,Rodentia,Muridae,60.5,1.7818,1.985,N,NA,NA,NA,NA,NA,Y,carnivore,carnivore_invertebrate,10.0,10.0,0.0,10.0,Y
Niviventer cameroni,Niviventer_cameroni,Rodentia,Muridae,80.76,1.9072,4.41,N,NA,NA,NA,NA,NA,Y,omnivore,omnivore,20.0,20.0,0.0,20.0,Y
Niviventer coninga,Niviventer_coninga,Rodentia,Muridae,80.65,1.9066,2.37,Y,NA,NA,NA,NA,NA,Y,omnivore,omnivore,20.0,20.0,0.0,20.0,N
Niviventer cremoriventer,Niviventer_cremoriventer,Rodentia,Muridae,71.54,1.8545,3.7,Y,NA,NA,NA,NA,NA,Y,omnivore,omnivore,20.0,20.0,0.0,20.0,N
Niviventer eha,Niviventer_eha,Rodentia,Muridae,53.6,1.7292,4.86,Y,NA,NA,NA,NA,NA,Y,omnivore,omnivore,20.0,20.0,0.0,20.0,N
Niviventer fraternus,Niviventer_fraternus,Rodentia,Muridae,80.76,1.9072,4.41,N,NA,NA,NA,NA,NA,Y,omnivore,omnivore,20.0,20.0,0.0,20.0,Y
Niviventer fulvescens,Niviventer_fulvescens,Rodentia,Muridae,81.79,1.9127,4.41,Y,NA,NA,NA,NA,NA,Y,omnivore,omnivore,20.0,20.0,0.0,20.0,N
Niviventer langbianis,Niviventer_langbianis,Rodentia,Muridae,71.54,1.8545,3.7,N,NA,NA,NA,NA,NA,Y,omnivore,omnivore,20.0,20.0,0.0,20.0,N
Niviventer tenaster,Niviventer_tenaster,Rodentia,Muridae,71.54,1.8545,3.7,N,NA,NA,NA,NA,NA,Y,omnivore,omnivore,20.0,20.0,0.0,20.0,N
Notomys alexis,Notomys_alexis,Rodentia,Muridae,33.67,1.5272,3.9,Y,2.29,8.931,0.2653,0.3598,-0.5763,Y,omnivore,omnivore,0.0,0.0,0.0,40.0,N
Notomys aquilo,Notomys_aquilo,Rodentia,Muridae,38.995,1.591,3.0,N,NA,NA,NA,NA,NA,Y,herbivore,herbivore,0.0,0.0,0.0,40.0,N
Notomys cervinus,Notomys_cervinus,Rodentia,Muridae,34.2,1.534,2.89,Y,NA,NA,NA,NA,NA,Y,omnivore,omnivore,0.0,0.0,0.0,40.0,N
Notomys fuscus,Notomys_fuscus,Rodentia,Muridae,37.14,1.5698,2.985,Y,NA,NA,NA,NA,NA,Y,herbivore,herbivore,0.0,0.0,0.0,40.0,N
Notomys mitchellii,Notomys_mitchellii,Rodentia,Muridae,52.0,1.716,3.28,Y,NA,NA,NA,NA,NA,Y,omnivore,omnivore,0.0,0.0,0.0,40.0,N
Oenomys hypoxanthus,Oenomys_hypoxanthus,Rodentia,Muridae,87.67,1.9429,3.365,Y,NA,NA,NA,NA,NA,Y,omnivore,omnivore,20.0,20.0,0.0,0.0,N
Oenomys ornatus,Oenomys_ornatus,Rodentia,Muridae,85.5,1.932,3.365,N,NA,NA,NA,NA,NA,Y,omnivore,omnivore,20.0,20.0,0.0,0.0,N
Otomys anchietae,Otomys_anchietae,Rodentia,Muridae,114.45,2.0586,1.715,N,NA,NA,NA,NA,NA,Y,herbivore,herbivore,0.0,0.0,0.0,10.0,N
Otomys angoniensis,Otomys_angoniensis,Rodentia,Muridae,122.55,2.0883,2.59,Y,NA,NA,NA,NA,NA,Y,herbivore,herbivore,0.0,0.0,0.0,10.0,N
Otomys barbouri,Otomys_barbouri,Rodentia,Muridae,114.45,2.0586,1.715,N,NA,NA,NA,NA,NA,Y,herbivore,herbivore,0.0,0.0,0.0,20.0,Y
Otomys burtoni,Otomys_burtoni,Rodentia,Muridae,114.45,2.0586,1.78,N,NA,NA,NA,NA,NA,Y,herbivore,herbivore,0.0,0.0,0.0,20.0,Y
Otomys cuanzensis,Otomys_cuanzensis,Rodentia,Muridae,130.65,2.1161,2.86,N,NA,NA,NA,NA,NA,Y,herbivore,herbivore,0.0,0.0,0.0,20.0,Y
Otomys denti,Otomys_denti,Rodentia,Muridae,120.0,2.0792,1.69,Y,20.0,33.8,0.2817,1.301,-0.5503,Y,herbivore,herbivore,0.0,0.0,0.0,10.0,N
Otomys irroratus,Otomys_irroratus,Rodentia,Muridae,114.45,2.0586,1.715,Y,13.42,23.015,0.2011,1.1278,-0.6966,Y,herbivore,herbivore,0.0,0.0,0.0,10.0,N
Otomys lacustris,Otomys_lacustris,Rodentia,Muridae,114.45,2.0586,1.715,N,NA,NA,NA,NA,NA,Y,herbivore,herbivore,0.0,0.0,0.0,20.0,Y
Otomys laminatus,Otomys_laminatus,Rodentia,Muridae,130.65,2.1161,1.715,N,NA,NA,NA,NA,NA,Y,herbivore,herbivore,0.0,0.0,0.0,10.0,N
Otomys sloggetti,Otomys_sloggetti,Rodentia,Muridae,113.295,2.0542,1.44,Y,11.4,16.416,0.1449,1.0569,-0.8389,Y,herbivore,herbivore,0.0,0.0,0.0,10.0,N
Otomys tropicalis,Otomys_tropicalis,Rodentia,Muridae,114.45,2.0586,1.65,Y,NA,NA,NA,NA,NA,Y,herbivore,herbivore,0.0,0.0,0.0,10.0,N
Otomys typus,Otomys_typus,Rodentia,Muridae,100.0,2.0,1.6,Y,12.5,20.0,0.2,1.0969,-0.699,Y,herbivore,herbivore,0.0,0.0,0.0,10.0,N
Otomys unisulcatus,Otomys_unisulcatus,Rodentia,Muridae,99.25,1.9967,1.42,Y,12.3,17.466,0.176,1.0899,-0.7545,Y,herbivore,herbivore,0.0,0.0,0.0,10.0,N
Pachyuromys duprasi,Pachyuromys_duprasi,Rodentia,Muridae,40.0,1.6021,4.06,Y,NA,NA,NA,NA,NA,Y,carnivore,carnivore_invertebrate,100.0,100.0,0.0,0.0,N
Paramelomys gressitti,Paramelomys_gressitti,Rodentia,Muridae,85.18,1.9303,2.075,N,NA,NA,NA,NA,NA,Y,herbivore,herbivore,0.0,0.0,0.0,60.0,Y
Paramelomys levipes,Paramelomys_levipes,Rodentia,Muridae,82.205,1.9149,1.51,Y,NA,NA,NA,NA,NA,Y,herbivore,herbivore,0.0,0.0,0.0,60.0,N
Paramelomys lorentzii,Paramelomys_lorentzii,Rodentia,Muridae,85.7,1.933,1.75,Y,NA,NA,NA,NA,NA,Y,herbivore,herbivore,0.0,0.0,0.0,60.0,N
Paramelomys mollis,Paramelomys_mollis,Rodentia,Muridae,82.81,1.9181,1.52,Y,NA,NA,NA,NA,NA,Y,herbivore,herbivore,0.0,0.0,0.0,60.0,N
Paramelomys moncktoni,Paramelomys_moncktoni,Rodentia,Muridae,85.18,1.9303,2.075,Y,NA,NA,NA,NA,NA,Y,herbivore,herbivore,0.0,0.0,0.0,60.0,N
Paramelomys naso,Paramelomys_naso,Rodentia,Muridae,82.81,1.9181,1.51,N,NA,NA,NA,NA,NA,Y,herbivore,herbivore,0.0,0.0,0.0,60.0,Y
Paramelomys platyops,Paramelomys_platyops,Rodentia,Muridae,87.7,1.943,1.97,Y,NA,NA,NA,NA,NA,Y,herbivore,herbivore,0.0,0.0,0.0,60.0,N
Paramelomys rubex,Paramelomys_rubex,Rodentia,Muridae,66.38,1.822,2.0,Y,NA,NA,NA,NA,NA,Y,herbivore,herbivore,0.0,0.0,0.0,60.0,N
Paramelomys steini,Paramelomys_steini,Rodentia,Muridae,72.885,1.8626,2.0,N,NA,NA,NA,NA,NA,Y,herbivore,herbivore,0.0,0.0,0.0,60.0,Y
Parotomys brantsii,Parotomys_brantsii,Rodentia,Muridae,120.0,2.0792,2.04,Y,NA,NA,NA,NA,NA,Y,herbivore,herbivore,0.0,0.0,0.0,0.0,N
Parotomys littledalei,Parotomys_littledalei,Rodentia,Muridae,126.99,2.1038,2.91,Y,NA,NA,NA,NA,NA,Y,herbivore,herbivore,0.0,0.0,0.0,0.0,N
Pelomys fallax,Pelomys_fallax,Rodentia,Muridae,119.23,2.0764,3.335,Y,NA,NA,NA,NA,NA,Y,herbivore,herbivore,0.0,0.0,0.0,0.0,N
Pelomys minor,Pelomys_minor,Rodentia,Muridae,49.995,1.6989,2.5,Y,NA,NA,NA,NA,NA,Y,herbivore,herbivore,0.0,0.0,0.0,0.0,N
Phloeomys cumingi,Phloeomys_cumingi,Rodentia,Muridae,1796.23,3.2544,1.0,Y,NA,NA,NA,NA,NA,Y,herbivore,herbivore,0.0,0.0,0.0,0.0,N
Pithecheir parvus,Pithecheir_parvus,Rodentia,Muridae,104.0,2.017,2.0,Y,NA,NA,NA,NA,NA,Y,omnivore,omnivore,10.0,10.0,0.0,0.0,N
Pogonomelomys mayeri,Pogonomelomys_mayeri,Rodentia,Muridae,111.97,2.0491,2.15,Y,NA,NA,NA,NA,NA,Y,omnivore,omnivore,10.0,10.0,0.0,10.0,Y
Pogonomys championi,Pogonomys_championi,Rodentia,Muridae,50.45,1.7029,2.15,Y,NA,NA,NA,NA,NA,Y,herbivore,herbivore,0.0,0.0,0.0,0.0,N
Pogonomys fergussoniensis,Pogonomys_fergussoniensis,Rodentia,Muridae,95.195,1.9786,2.175,N,NA,NA,NA,NA,NA,Y,herbivore,herbivore,0.0,0.0,0.0,0.0,Y
Pogonomys loriae,Pogonomys_loriae,Rodentia,Muridae,95.195,1.9786,2.175,Y,NA,NA,NA,NA,NA,Y,herbivore,herbivore,0.0,0.0,0.0,0.0,N
Pogonomys macrourus,Pogonomys_macrourus,Rodentia,Muridae,46.98,1.6719,2.4,Y,NA,NA,NA,NA,NA,Y,herbivore,herbivore,0.0,0.0,0.0,0.0,N
Pogonomys sylvestris,Pogonomys_sylvestris,Rodentia,Muridae,40.385,1.6062,2.155,Y,NA,NA,NA,NA,NA,Y,herbivore,herbivore,0.0,0.0,0.0,0.0,N
Praomys daltoni,Praomys_daltoni,Rodentia,Muridae,34.245,1.5346,5.54,Y,1.5,8.31,0.2427,0.1761,-0.615,Y,omnivore,omnivore,80.0,80.0,0.0,0.0,N
Praomys delectorum,Praomys_delectorum,Rodentia,Muridae,36.97,1.5678,3.5,Y,NA,NA,NA,NA,NA,Y,omnivore,omnivore,20.0,20.0,0.0,30.0,N
Praomys derooi,Praomys_derooi,Rodentia,Muridae,32.0,1.5051,3.625,Y,NA,NA,NA,NA,NA,Y,omnivore,omnivore,80.0,80.0,0.0,0.0,N
Praomys hartwigi,Praomys_hartwigi,Rodentia,Muridae,38.86,1.5895,3.49,Y,NA,NA,NA,NA,NA,Y,omnivore,omnivore,20.0,20.0,0.0,30.0,N
Praomys jacksoni,Praomys_jacksoni,Rodentia,Muridae,37.1,1.5694,3.5,Y,NA,NA,NA,NA,NA,Y,herbivore,herbivore,20.0,20.0,0.0,30.0,N
Praomys lukolelae,Praomys_lukolelae,Rodentia,Muridae,37.035,1.5686,3.5,N,NA,NA,NA,NA,NA,Y,omnivore,omnivore,50.0,50.0,0.0,20.0,N
Praomys minor,Praomys_minor,Rodentia,Muridae,37.1,1.5694,3.5,N,NA,NA,NA,NA,NA,Y,omnivore,omnivore,20.0,20.0,0.0,30.0,N
Praomys morio,Praomys_morio,Rodentia,Muridae,31.365,1.4964,3.305,Y,2.68,8.857,0.2824,0.4281,-0.5491,Y,omnivore,omnivore,20.0,20.0,0.0,30.0,N
Praomys obscurus,Praomys_obscurus,Rodentia,Muridae,38.86,1.5895,3.49,N,NA,NA,NA,NA,NA,Y,omnivore,omnivore,40.0,40.0,0.0,30.0,Y
Praomys rostratus,Praomys_rostratus,Rodentia,Muridae,36.97,1.5678,3.5,N,NA,NA,NA,NA,NA,Y,omnivore,omnivore,20.0,20.0,0.0,30.0,N
Praomys tullbergi,Praomys_tullbergi,Rodentia,Muridae,36.97,1.5678,3.5,Y,2.7,9.45,0.2556,0.4314,-0.5924,Y,omnivore,omnivore,20.0,20.0,0.0,30.0,N
Protochromys fellowsi,Protochromys_fellowsi,Rodentia,Muridae,78.99,1.8976,2.68,Y,NA,NA,NA,NA,NA,Y,herbivore,herbivore,0.0,0.0,0.0,60.0,N
Psammomys obesus,Psammomys_obesus,Rodentia,Muridae,177.33,2.2488,3.5,Y,6.2,21.7,0.1224,0.7924,-0.9123,Y,herbivore,herbivore,0.0,0.0,0.0,0.0,N
Psammomys vexillaris,Psammomys_vexillaris,Rodentia,Muridae,177.33,2.2488,3.5,N,NA,NA,NA,NA,NA,Y,herbivore,herbivore,0.0,0.0,0.0,0.0,N
Pseudohydromys murinus,Pseudohydromys_murinus,Rodentia,Muridae,16.79,1.2251,0.97,Y,NA,NA,NA,NA,NA,Y,omnivore,omnivore,70.0,70.0,0.0,0.0,N
Pseudomys albocinereus,Pseudomys_albocinereus,Rodentia,Muridae,28.25,1.451,4.08,Y,NA,NA,NA,NA,NA,Y,omnivore,omnivore,20.0,20.0,0.0,0.0,N
Pseudomys apodemoides,Pseudomys_apodemoides,Rodentia,Muridae,21.89,1.3402,4.7,Y,NA,NA,NA,NA,NA,Y,omnivore,omnivore,20.0,20.0,0.0,0.0,N
Pseudomys australis,Pseudomys_australis,Rodentia,Muridae,65.0,1.8129,3.1,Y,4.47,13.857,0.2132,0.6503,-0.6712,Y,omnivore,omnivore,20.0,20.0,0.0,0.0,N
Pseudomys bolami,Pseudomys_bolami,Rodentia,Muridae,12.79,1.1069,2.375,N,NA,NA,NA,NA,NA,Y,omnivore,omnivore,20.0,20.0,0.0,0.0,N
Pseudomys delicatulus,Pseudomys_delicatulus,Rodentia,Muridae,9.78,0.9903,3.095,Y,NA,NA,NA,NA,NA,Y,omnivore,omnivore,20.0,20.0,0.0,0.0,N
Pseudomys desertor,Pseudomys_desertor,Rodentia,Muridae,31.045,1.492,3.0,Y,NA,NA,NA,NA,NA,Y,omnivore,omnivore,20.0,20.0,0.0,0.0,N
Pseudomys fieldi,Pseudomys_fieldi,Rodentia,Muridae,45.0,1.6532,3.5,Y,NA,NA,NA,NA,NA,Y,omnivore,omnivore,20.0,20.0,0.0,0.0,N
Pseudomys fumeus,Pseudomys_fumeus,Rodentia,Muridae,70.0,1.8451,3.5,N,NA,NA,NA,NA,NA,Y,herbivore,herbivore,20.0,20.0,0.0,0.0,N
Pseudomys gracilicaudatus,Pseudomys_gracilicaudatus,Rodentia,Muridae,79.53,1.9005,2.955,Y,4.26,12.588,0.1583,0.6294,-0.8006,Y,omnivore,omnivore,20.0,20.0,0.0,0.0,N
Pseudomys hermannsburgensis,Pseudomys_hermannsburgensis,Rodentia,Muridae,12.2,1.0864,2.375,Y,NA,NA,NA,NA,NA,Y,omnivore,omnivore,20.0,20.0,0.0,0.0,N
Pseudomys higginsi,Pseudomys_higginsi,Rodentia,Muridae,61.63,1.7898,2.91,Y,5.33,15.51,0.2517,0.7267,-0.5992,Y,omnivore,omnivore,20.0,20.0,0.0,0.0,N
Pseudomys nanus,Pseudomys_nanus,Rodentia,Muridae,52.19,1.7176,3.0,Y,NA,NA,NA,NA,NA,Y,omnivore,omnivore,20.0,20.0,0.0,0.0,N
Pseudomys novaehollandiae,Pseudomys_novaehollandiae,Rodentia,Muridae,17.4,1.2405,4.05,Y,1.84,7.452,0.4283,0.2648,-0.3683,Y,omnivore,omnivore,20.0,20.0,0.0,0.0,N
Pseudomys occidentalis,Pseudomys_occidentalis,Rodentia,Muridae,34.0,1.5315,3.0,Y,NA,NA,NA,NA,NA,Y,omnivore,omnivore,20.0,20.0,0.0,0.0,N
Pseudomys oralis,Pseudomys_oralis,Rodentia,Muridae,65.0,1.8129,3.05,N,NA,NA,NA,NA,NA,Y,omnivore,omnivore,20.0,20.0,0.0,0.0,N
Pseudomys pilligaensis,Pseudomys_pilligaensis,Rodentia,Muridae,10.86,1.0358,3.0,N,NA,NA,NA,NA,NA,Y,omnivore,omnivore,20.0,20.0,0.0,0.0,N
Pseudomys shortridgei,Pseudomys_shortridgei,Rodentia,Muridae,64.0,1.8062,3.0,Y,NA,NA,NA,NA,NA,Y,omnivore,omnivore,20.0,20.0,0.0,0.0,N
Rattus andamanensis,Rattus_andamanensis,Rodentia,Muridae,197.97,2.2966,6.625,Y,NA,NA,NA,NA,NA,Y,omnivore,omnivore,30.0,30.0,0.0,20.0,N
Rattus argentiventer,Rattus_argentiventer,Rodentia,Muridae,200.0,2.301,6.94,Y,NA,NA,NA,NA,NA,Y,omnivore,omnivore,30.0,30.0,0.0,20.0,N
Rattus arrogans,Rattus_arrogans,Rodentia,Muridae,56.385,1.7512,2.15,N,NA,NA,NA,NA,NA,Y,omnivore,omnivore,30.0,30.0,0.0,20.0,Y
Rattus blangorum,Rattus_blangorum,Rodentia,Muridae,142.68,2.1544,5.88,N,NA,NA,NA,NA,NA,Y,omnivore,omnivore,30.0,30.0,0.0,20.0,Y
Rattus colletti,Rattus_colletti,Rodentia,Muridae,151.99,2.1818,5.995,N,NA,NA,NA,NA,NA,Y,omnivore,omnivore,30.0,30.0,0.0,20.0,N
Rattus exulans,Rattus_exulans,Rodentia,Muridae,60.315,1.7804,3.665,Y,2.43,8.906,0.1477,0.3856,-0.8307,Y,omnivore,omnivore,30.0,30.0,0.0,20.0,N
Rattus feliceus,Rattus_feliceus,Rodentia,Muridae,200.89,2.303,3.475,N,NA,NA,NA,NA,NA,Y,omnivore,omnivore,30.0,30.0,0.0,20.0,N
Rattus fuscipes,Rattus_fuscipes,Rodentia,Muridae,127.29,2.1048,4.58,Y,4.24,19.419,0.1526,0.6274,-0.8166,Y,omnivore,omnivore,30.0,30.0,0.0,20.0,N
Rattus jobiensis,Rattus_jobiensis,Rodentia,Muridae,200.89,2.303,3.475,N,NA,NA,NA,NA,NA,Y,omnivore,omnivore,30.0,30.0,0.0,20.0,N
Rattus leucopus,Rattus_leucopus,Rodentia,Muridae,162.445,2.2107,3.475,Y,NA,NA,NA,NA,NA,Y,omnivore,omnivore,30.0,30.0,0.0,20.0,N
Rattus lugens,Rattus_lugens,Rodentia,Muridae,200.0,2.301,5.95,N,NA,NA,NA,NA,NA,Y,omnivore,omnivore,30.0,30.0,0.0,20.0,N
Rattus lutreolus,Rattus_lutreolus,Rodentia,Muridae,112.0,2.0492,4.91,Y,4.94,24.255,0.2166,0.6937,-0.6644,Y,omnivore,omnivore,30.0,30.0,0.0,20.0,N
Rattus mindorensis,Rattus_mindorensis,Rodentia,Muridae,197.97,2.2966,6.4,Y,NA,NA,NA,NA,NA,Y,omnivore,omnivore,30.0,30.0,0.0,20.0,N
Rattus mordax,Rattus_mordax,Rodentia,Muridae,200.89,2.303,3.45,Y,NA,NA,NA,NA,NA,Y,omnivore,omnivore,30.0,30.0,0.0,20.0,N
Rattus niobe,Rattus_niobe,Rodentia,Muridae,45.07,1.6539,2.15,Y,NA,NA,NA,NA,NA,Y,omnivore,omnivore,40.0,40.0,0.0,0.0,N
Rattus nitidus,Rattus_nitidus,Rodentia,Muridae,100.02,2.0001,3.09,Y,NA,NA,NA,NA,NA,Y,omnivore,omnivore,30.0,30.0,0.0,20.0,N
Rattus norvegicus,Rattus_norvegicus,Rodentia,Muridae,280.0,2.4472,8.855,Y,5.8,51.359,0.1834,0.7634,-0.7365,Y,carnivore,carnivore_invertebrate,30.0,30.0,0.0,20.0,N
Rattus novaeguineae,Rattus_novaeguineae,Rodentia,Muridae,133.0,2.1239,5.37,Y,NA,NA,NA,NA,NA,Y,omnivore,omnivore,30.0,30.0,0.0,20.0,N
Rattus pococki,Rattus_pococki,Rodentia,Muridae,54.77,1.7385,2.15,N,NA,NA,NA,NA,NA,Y,omnivore,omnivore,30.0,30.0,0.0,20.0,Y
Rattus praetor,Rattus_praetor,Rodentia,Muridae,194.43,2.2888,3.5,Y,NA,NA,NA,NA,NA,Y,omnivore,omnivore,30.0,30.0,0.0,20.0,N
Rattus pyctoris,Rattus_pyctoris,Rodentia,Muridae,136.0,2.1335,4.23,Y,NA,NA,NA,NA,NA,Y,omnivore,omnivore,30.0,30.0,0.0,20.0,N
Rattus rattus,Rattus_rattus,Rodentia,Muridae,200.0,2.301,5.95,Y,4.53,26.954,0.1348,0.6561,-0.8704,Y,omnivore,omnivore,30.0,30.0,0.0,20.0,N
Rattus richardsoni,Rattus_richardsoni,Rodentia,Muridae,64.29,1.8081,2.15,Y,NA,NA,NA,NA,NA,Y,omnivore,omnivore,40.0,40.0,0.0,0.0,N
Rattus satarae,Rattus_satarae,Rodentia,Muridae,200.0,2.301,5.95,N,NA,NA,NA,NA,NA,Y,omnivore,omnivore,30.0,30.0,0.0,20.0,Y
Rattus simalurensis,Rattus_simalurensis,Rodentia,Muridae,142.68,2.1544,5.88,N,NA,NA,NA,NA,NA,Y,omnivore,omnivore,30.0,30.0,0.0,20.0,N
Rattus sordidus,Rattus_sordidus,Rodentia,Muridae,157.5,2.1973,5.995,Y,3.0,17.985,0.1142,0.4771,-0.9424,Y,omnivore,omnivore,30.0,30.0,0.0,20.0,N
Rattus steini,Rattus_steini,Rodentia,Muridae,153.085,2.1849,3.575,Y,NA,NA,NA,NA,NA,Y,omnivore,omnivore,30.0,30.0,0.0,20.0,N
Rattus tanezumi,Rattus_tanezumi,Rodentia,Muridae,171.34,2.2339,5.95,N,NA,NA,NA,NA,NA,Y,omnivore,omnivore,30.0,30.0,0.0,20.0,N
Rattus tiomanicus,Rattus_tiomanicus,Rodentia,Muridae,142.68,2.1544,5.88,Y,4.1,24.108,0.169,0.6128,-0.7722,Y,omnivore,omnivore,30.0,30.0,0.0,20.0,N
Rattus tunneyi,Rattus_tunneyi,Rodentia,Muridae,141.395,2.1504,5.545,Y,NA,NA,NA,NA,NA,Y,omnivore,omnivore,30.0,30.0,0.0,20.0,N
Rattus vandeuseni,Rattus_vandeuseni,Rodentia,Muridae,67.24,1.8276,2.15,Y,NA,NA,NA,NA,NA,Y,omnivore,omnivore,40.0,40.0,0.0,0.0,N
Rattus verecundus,Rattus_verecundus,Rodentia,Muridae,97.02,1.9869,2.15,Y,NA,NA,NA,NA,NA,Y,omnivore,omnivore,40.0,40.0,0.0,0.0,N
Rattus villosissimus,Rattus_villosissimus,Rodentia,Muridae,193.5,2.2867,5.995,N,NA,NA,NA,NA,NA,Y,omnivore,omnivore,30.0,30.0,0.0,20.0,N
Rhabdomys pumilio,Rhabdomys_pumilio,Rodentia,Muridae,45.865,1.6615,6.0,Y,2.5,15.0,0.327,0.3979,-0.4854,Y,omnivore,omnivore,20.0,20.0,0.0,20.0,N
Rhombomys opimus,Rhombomys_opimus,Rodentia,Muridae,214.0,2.3304,5.0,Y,4.75,23.75,0.111,0.6767,-0.9548,Y,herbivore,herbivore,0.0,0.0,0.0,0.0,N
Sekeetamys calurus,Sekeetamys_calurus,Rodentia,Muridae,60.25,1.78,2.9,Y,NA,NA,NA,NA,NA,Y,herbivore,herbivore,20.0,20.0,0.0,10.0,N
Stenocephalemys albipes,Stenocephalemys_albipes,Rodentia,Muridae,48.0,1.6812,4.41,Y,NA,NA,NA,NA,NA,Y,omnivore,omnivore,80.0,80.0,0.0,0.0,N
Stochomys longicaudatus,Stochomys_longicaudatus,Rodentia,Muridae,82.33,1.9156,2.69,Y,NA,NA,NA,NA,NA,Y,omnivore,omnivore,10.0,10.0,0.0,80.0,N
Sundamys muelleri,Sundamys_muelleri,Rodentia,Muridae,345.24,2.5381,3.8,N,NA,NA,NA,NA,NA,Y,omnivore,omnivore,30.0,20.0,10.0,30.0,N
Tatera indica,Tatera_indica,Rodentia,Muridae,112.64,2.0517,5.4,Y,3.0,16.2,0.1438,0.4771,-0.8422,Y,omnivore,omnivore,30.0,10.0,20.0,0.0,N
Taterillus congicus,Taterillus_congicus,Rodentia,Muridae,52.0,1.716,3.63,N,NA,NA,NA,NA,NA,Y,omnivore,omnivore,50.0,50.0,0.0,0.0,N
Taterillus emini,Taterillus_emini,Rodentia,Muridae,52.0,1.716,3.63,Y,NA,NA,NA,NA,NA,Y,omnivore,omnivore,50.0,50.0,0.0,0.0,N
Taterillus gracilis,Taterillus_gracilis,Rodentia,Muridae,50.875,1.7065,4.25,Y,NA,NA,NA,NA,NA,Y,omnivore,omnivore,50.0,50.0,0.0,0.0,N
Taterillus lacustris,Taterillus_lacustris,Rodentia,Muridae,52.0,1.716,3.63,N,NA,NA,NA,NA,NA,Y,omnivore,omnivore,50.0,50.0,0.0,0.0,N
Taterillus pygargus,Taterillus_pygargus,Rodentia,Muridae,45.45,1.6575,3.47,Y,NA,NA,NA,NA,NA,Y,omnivore,omnivore,50.0,50.0,0.0,0.0,N
Thallomys paedulcus,Thallomys_paedulcus,Rodentia,Muridae,77.7,1.8904,3.1,Y,2.65,8.215,0.1057,0.4232,-0.9758,Y,herbivore,herbivore,0.0,0.0,0.0,20.0,N
Thamnomys kempi,Thamnomys_kempi,Rodentia,Muridae,65.0,1.8129,1.33,N,NA,NA,NA,NA,NA,Y,herbivore,herbivore,0.0,0.0,0.0,0.0,N
Thamnomys schoutedeni,Thamnomys_schoutedeni,Rodentia,Muridae,61.9,1.7917,1.33,N,NA,NA,NA,NA,NA,Y,herbivore,herbivore,NA,NA,NA,NA,NA
Thamnomys venustus,Thamnomys_venustus,Rodentia,Muridae,63.44,1.8024,1.33,Y,NA,NA,NA,NA,NA,Y,herbivore,herbivore,0.0,0.0,0.0,0.0,N
Uranomys ruddi,Uranomys_ruddi,Rodentia,Muridae,41.24,1.6153,3.825,Y,NA,NA,NA,NA,NA,Y,carnivore,carnivore_invertebrate,100.0,100.0,0.0,0.0,N
Uromys anak,Uromys_anak,Rodentia,Muridae,745.38,2.8724,4.3,Y,NA,NA,NA,NA,NA,Y,herbivore,herbivore,0.0,0.0,0.0,50.0,N
Uromys caudimaculatus,Uromys_caudimaculatus,Rodentia,Muridae,644.42,2.8092,1.76,Y,20.0,35.2,0.0546,1.301,-1.2626,Y,herbivore,herbivore,0.0,0.0,0.0,50.0,N
Uromys hadrourus,Uromys_hadrourus,Rodentia,Muridae,149.11,2.1735,3.0,Y,NA,NA,NA,NA,NA,Y,omnivore,omnivore,0.0,0.0,0.0,50.0,N
Uromys siebersi,Uromys_siebersi,Rodentia,Muridae,634.71,2.8026,1.76,N,NA,NA,NA,NA,NA,Y,herbivore,herbivore,0.0,0.0,0.0,50.0,Y
Vandeleuria nolthenii,Vandeleuria_nolthenii,Rodentia,Muridae,56.6,1.7528,4.0,Y,NA,NA,NA,NA,NA,Y,herbivore,herbivore,0.0,0.0,0.0,40.0,N
Vandeleuria oleracea,Vandeleuria_oleracea,Rodentia,Muridae,10.0,1.0,3.24,Y,NA,NA,NA,NA,NA,Y,herbivore,herbivore,0.0,0.0,0.0,40.0,N
Xenuromys barbatus,Xenuromys_barbatus,Rodentia,Muridae,728.21,2.8623,1.76,N,NA,NA,NA,NA,NA,Y,omnivore,omnivore,30.0,30.0,0.0,40.0,N
Xeromys myoides,Xeromys_myoides,Rodentia,Muridae,45.2,1.6551,2.0,Y,NA,NA,NA,NA,NA,Y,omnivore,omnivore,80.0,40.0,40.0,0.0,N
Zelotomys hildegardeae,Zelotomys_hildegardeae,Rodentia,Muridae,55.22,1.7421,5.75,Y,NA,NA,NA,NA,NA,Y,carnivore,carnivore_invertebrate,100.0,100.0,0.0,0.0,N
Zelotomys woosnami,Zelotomys_woosnami,Rodentia,Muridae,54.3,1.7348,4.835,Y,NA,NA,NA,NA,NA,Y,omnivore,omnivore,100.0,100.0,0.0,0.0,N
Zyzomys argurus,Zyzomys_argurus,Rodentia,Muridae,45.21,1.6552,2.63,Y,NA,NA,NA,NA,NA,Y,omnivore,omnivore,10.0,10.0,0.0,0.0,N
Zyzomys maini,Zyzomys_maini,Rodentia,Muridae,93.995,1.9731,2.5,N,NA,NA,NA,NA,NA,Y,herbivore,herbivore,10.0,10.0,0.0,0.0,N
Zyzomys woodwardi,Zyzomys_woodwardi,Rodentia,Muridae,112.51,2.0512,2.23,Y,NA,NA,NA,NA,NA,Y,herbivore,herbivore,10.0,10.0,0.0,0.0,N
Myocastor coypus,Myocastor_coypus,Rodentia,Myocastoridae,7150.0,3.8543,5.34,Y,205.7,1098.438,0.1536,2.3132,-0.8135,Y,herbivore,herbivore,0.0,0.0,0.0,0.0,N
Beamys hindei,Beamys_hindei,Rodentia,Nesomyidae,88.735,1.9481,3.938,Y,3.2,12.602,0.142,0.5051,-0.8477,Y,omnivore,omnivore,0.0,0.0,0.0,50.0,N
Cricetomys emini,Cricetomys_emini,Rodentia,Nesomyidae,1400.0,3.1461,3.11,Y,NA,NA,NA,NA,NA,Y,omnivore,omnivore,40.0,40.0,0.0,30.0,N
Cricetomys gambianus,Cricetomys_gambianus,Rodentia,Nesomyidae,1510.7,3.1792,3.33,Y,22.68,75.524,0.05,1.3556,-1.3011,Y,omnivore,omnivore,40.0,40.0,0.0,30.0,N
Delanymys brooksi,Delanymys_brooksi,Rodentia,Nesomyidae,4.99,0.6981,3.19,Y,NA,NA,NA,NA,NA,Y,omnivore,omnivore,0.0,0.0,0.0,0.0,N
Dendromus insignis,Dendromus_insignis,Rodentia,Nesomyidae,10.6,1.0253,4.4,N,NA,NA,NA,NA,NA,Y,omnivore,omnivore,60.0,20.0,40.0,20.0,N
Dendromus kahuziensis,Dendromus_kahuziensis,Rodentia,Nesomyidae,3.009,0.4784,3.495,Y,NA,NA,NA,NA,NA,Y,omnivore,omnivore,60.0,20.0,40.0,20.0,N
Dendromus melanotis,Dendromus_melanotis,Rodentia,Nesomyidae,7.4,0.8692,4.56,Y,NA,NA,NA,NA,NA,Y,omnivore,omnivore,60.0,20.0,40.0,20.0,N
Dendromus mesomelas,Dendromus_mesomelas,Rodentia,Nesomyidae,10.6,1.0253,4.4,Y,NA,NA,NA,NA,NA,Y,omnivore,omnivore,60.0,20.0,40.0,20.0,N
Dendromus messorius,Dendromus_messorius,Rodentia,Nesomyidae,7.685,0.8856,3.225,Y,NA,NA,NA,NA,NA,Y,omnivore,omnivore,60.0,20.0,40.0,20.0,N
Dendromus mystacalis,Dendromus_mystacalis,Rodentia,Nesomyidae,7.685,0.8856,3.87,Y,NA,NA,NA,NA,NA,Y,omnivore,omnivore,60.0,20.0,40.0,20.0,N
Dendromus nyikae,Dendromus_nyikae,Rodentia,Nesomyidae,15.0,1.1761,4.62,Y,NA,NA,NA,NA,NA,Y,omnivore,omnivore,60.0,20.0,40.0,20.0,N
Dendromus vernayi,Dendromus_vernayi,Rodentia,Nesomyidae,10.6,1.0253,4.4,N,NA,NA,NA,NA,NA,Y,omnivore,omnivore,60.0,20.0,40.0,20.0,N
Gymnuromys roberti,Gymnuromys_roberti,Rodentia,Nesomyidae,97.5,1.989,1.94,Y,NA,NA,NA,NA,NA,Y,omnivore,omnivore,20.0,20.0,0.0,30.0,Y
Hypogeomys antimena,Hypogeomys_antimena,Rodentia,Nesomyidae,1250.0,3.0969,1.0,Y,NA,NA,NA,NA,NA,Y,omnivore,omnivore,0.0,0.0,0.0,100.0,N
Macrotarsomys bastardi,Macrotarsomys_bastardi,Rodentia,Nesomyidae,28.45,1.4541,2.49,Y,NA,NA,NA,NA,NA,Y,omnivore,omnivore,0.0,0.0,0.0,40.0,N
Malacothrix typica,Malacothrix_typica,Rodentia,Nesomyidae,17.02,1.231,4.07,Y,1.19,4.843,0.2846,0.0755,-0.5458,Y,omnivore,omnivore,0.0,0.0,0.0,0.0,N
Mystromys albicaudatus,Mystromys_albicaudatus,Rodentia,Nesomyidae,93.8,1.9722,3.0,Y,6.5,19.5,0.2079,0.8129,-0.6822,Y,omnivore,omnivore,30.0,30.0,0.0,0.0,N
Petromyscus barbouri,Petromyscus_barbouri,Rodentia,Nesomyidae,20.405,1.3097,2.51,N,NA,NA,NA,NA,NA,Y,omnivore,omnivore,50.0,50.0,0.0,0.0,N
Petromyscus collinus,Petromyscus_collinus,Rodentia,Nesomyidae,20.405,1.3097,2.51,Y,2.1,5.271,0.2583,0.3222,-0.5878,Y,omnivore,omnivore,50.0,50.0,0.0,0.0,N
Saccostomus campestris,Saccostomus_campestris,Rodentia,Nesomyidae,55.815,1.7468,6.8,Y,2.59,17.612,0.3155,0.4133,-0.5009,Y,omnivore,omnivore,10.0,10.0,0.0,20.0,N
Saccostomus mearnsi,Saccostomus_mearnsi,Rodentia,Nesomyidae,64.91,1.8123,5.75,Y,NA,NA,NA,NA,NA,Y,omnivore,omnivore,10.0,10.0,0.0,20.0,N
Steatomys bocagei,Steatomys_bocagei,Rodentia,Nesomyidae,34.04,1.532,4.315,N,NA,NA,NA,NA,NA,Y,omnivore,omnivore,30.0,30.0,0.0,0.0,Y
Steatomys caurinus,Steatomys_caurinus,Rodentia,Nesomyidae,34.04,1.532,4.315,N,NA,NA,NA,NA,NA,Y,omnivore,omnivore,30.0,30.0,0.0,0.0,N
Steatomys krebsii,Steatomys_krebsii,Rodentia,Nesomyidae,22.335,1.349,4.51,Y,NA,NA,NA,NA,NA,Y,omnivore,omnivore,30.0,30.0,0.0,0.0,N
Steatomys opimus,Steatomys_opimus,Rodentia,Nesomyidae,37.5,1.574,4.315,N,1.55,6.688,0.1784,0.1903,-0.7487,Y,omnivore,omnivore,30.0,30.0,0.0,0.0,Y
Steatomys pratensis,Steatomys_pratensis,Rodentia,Nesomyidae,34.04,1.532,4.315,Y,1.55,6.688,0.1965,0.1903,-0.7067,Y,omnivore,omnivore,30.0,30.0,0.0,0.0,N
Aconaemys fuscus,Aconaemys_fuscus,Rodentia,Octodontidae,120.975,2.0827,3.23,Y,NA,NA,NA,NA,NA,Y,herbivore,herbivore,0.0,0.0,0.0,40.0,N
Aconaemys porteri,Aconaemys_porteri,Rodentia,Octodontidae,120.975,2.0827,3.23,N,NA,NA,NA,NA,NA,Y,herbivore,herbivore,0.0,0.0,0.0,40.0,Y
Octodon degus,Octodon_degus,Rodentia,Octodontidae,204.835,2.3114,5.31,Y,14.19,75.349,0.3679,1.152,-0.4343,Y,herbivore,herbivore,0.0,0.0,0.0,20.0,N
Octodontomys gliroides,Octodontomys_gliroides,Rodentia,Octodontidae,155.77,2.1925,2.035,Y,20.0,40.7,0.2613,1.301,-0.5829,Y,herbivore,herbivore,0.0,0.0,0.0,50.0,N
Spalacopus cyanus,Spalacopus_cyanus,Rodentia,Octodontidae,109.5,2.0394,2.4,Y,8.89,21.336,0.1948,0.9489,-0.7103,Y,herbivore,herbivore,0.0,0.0,0.0,0.0,N
Pedetes capensis,Pedetes_capensis,Rodentia,Pedetidae,2774.625,3.4432,1.0,Y,253.49,253.49,0.0914,2.404,-1.0392,Y,herbivore,herbivore,0.0,0.0,0.0,0.0,N
Pedetes surdaster,Pedetes_surdaster,Rodentia,Pedetidae,2774.625,3.4432,1.0,N,NA,NA,NA,NA,NA,Y,omnivore,omnivore,0.0,0.0,0.0,0.0,Y
Petromus typicus,Petromus_typicus,Rodentia,Petromuridae,212.0,2.3263,1.69,Y,NA,NA,NA,NA,NA,Y,herbivore,herbivore,0.0,0.0,0.0,30.0,N
Aeromys tephromelas,Aeromys_tephromelas,Rodentia,Sciuridae,1187.0,3.0745,1.035,Y,NA,NA,NA,NA,NA,Y,omnivore,omnivore,10.0,10.0,0.0,30.0,N
Ammospermophilus harrisii,Ammospermophilus_harrisii,Rodentia,Sciuridae,126.0,2.1004,6.66,Y,3.59,23.909,0.1898,0.5551,-0.7218,Y,omnivore,omnivore,30.0,20.0,0.0,20.0,N
Ammospermophilus interpres,Ammospermophilus_interpres,Rodentia,Sciuridae,111.365,2.0467,9.5,Y,NA,NA,NA,NA,NA,Y,omnivore,omnivore,30.0,20.0,0.0,20.0,N
Ammospermophilus leucurus,Ammospermophilus_leucurus,Rodentia,Sciuridae,99.37,1.9973,8.0,Y,2.9,23.2,0.2335,0.4624,-0.6318,Y,omnivore,omnivore,30.0,20.0,0.0,20.0,N
Ammospermophilus nelsoni,Ammospermophilus_nelsoni,Rodentia,Sciuridae,157.46,2.1972,8.9,Y,4.87,43.343,0.2753,0.6875,-0.5603,Y,omnivore,omnivore,30.0,20.0,0.0,20.0,N
Callosciurus adamsi,Callosciurus_adamsi,Rodentia,Sciuridae,304.745,2.4839,1.97,Y,NA,NA,NA,NA,NA,Y,omnivore,omnivore,30.0,20.0,10.0,20.0,N
Callosciurus baluensis,Callosciurus_baluensis,Rodentia,Sciuridae,323.91,2.5104,3.0,Y,NA,NA,NA,NA,NA,Y,omnivore,omnivore,30.0,20.0,10.0,20.0,N
Callosciurus caniceps,Callosciurus_caniceps,Rodentia,Sciuridae,260.955,2.4166,2.195,Y,NA,NA,NA,NA,NA,Y,omnivore,omnivore,30.0,20.0,10.0,20.0,N
Callosciurus erythraeus,Callosciurus_erythraeus,Rodentia,Sciuridae,277.615,2.4434,2.155,Y,NA,NA,NA,NA,NA,Y,omnivore,omnivore,30.0,20.0,10.0,20.0,N
Callosciurus finlaysonii,Callosciurus_finlaysonii,Rodentia,Sciuridae,278.0,2.444,2.0,N,NA,NA,NA,NA,NA,Y,omnivore,omnivore,30.0,20.0,10.0,20.0,N
Callosciurus nigrovittatus,Callosciurus_nigrovittatus,Rodentia,Sciuridae,205.15,2.3121,2.2,Y,NA,NA,NA,NA,NA,Y,herbivore,herbivore,30.0,20.0,10.0,20.0,N
Callosciurus notatus,Callosciurus_notatus,Rodentia,Sciuridae,400.0,2.6021,2.085,Y,NA,NA,NA,NA,NA,Y,omnivore,omnivore,30.0,20.0,10.0,20.0,N
Callosciurus orestes,Callosciurus_orestes,Rodentia,Sciuridae,208.3,2.3187,2.28,Y,NA,NA,NA,NA,NA,Y,omnivore,omnivore,30.0,20.0,10.0,20.0,N
Callosciurus prevostii,Callosciurus_prevostii,Rodentia,Sciuridae,400.0,2.6021,1.765,Y,16.34,28.84,0.0721,1.2133,-1.1421,Y,herbivore,herbivore,30.0,20.0,10.0,20.0,N
Callospermophilus lateralis,Callospermophilus_lateralis,Rodentia,Sciuridae,227.3,2.3566,5.12,Y,6.09,31.181,0.1372,0.7846,-0.8627,Y,omnivore,omnivore,20.0,20.0,0.0,0.0,N
Callospermophilus madrensis,Callospermophilus_madrensis,Rodentia,Sciuridae,217.6,2.3377,5.12,Y,NA,NA,NA,NA,NA,Y,omnivore,omnivore,20.0,20.0,0.0,0.0,N
Callospermophilus saturatus,Callospermophilus_saturatus,Rodentia,Sciuridae,250.9,2.3995,5.12,N,NA,NA,NA,NA,NA,Y,omnivore,omnivore,20.0,20.0,0.0,0.0,N
Cynomys gunnisoni,Cynomys_gunnisoni,Rodentia,Sciuridae,807.3,2.907,4.48,Y,NA,NA,NA,NA,NA,Y,herbivore,herbivore,0.0,0.0,0.0,0.0,N
Cynomys leucurus,Cynomys_leucurus,Rodentia,Sciuridae,918.63,2.9631,5.48,Y,NA,NA,NA,NA,NA,Y,herbivore,herbivore,0.0,0.0,0.0,0.0,N
Cynomys ludovicianus,Cynomys_ludovicianus,Rodentia,Sciuridae,1125.0,3.0512,4.43,Y,15.24,67.513,0.06,1.183,-1.2218,Y,herbivore,herbivore,0.0,0.0,0.0,0.0,N
Cynomys mexicanus,Cynomys_mexicanus,Rodentia,Sciuridae,864.04,2.9365,4.5,Y,NA,NA,NA,NA,NA,Y,herbivore,herbivore,0.0,0.0,0.0,0.0,N
Cynomys parvidens,Cynomys_parvidens,Rodentia,Sciuridae,807.3,2.907,4.875,Y,NA,NA,NA,NA,NA,Y,omnivore,omnivore,0.0,0.0,0.0,0.0,N
Dremomys lokriah,Dremomys_lokriah,Rodentia,Sciuridae,199.745,2.3005,3.67,Y,NA,NA,NA,NA,NA,Y,omnivore,omnivore,20.0,20.0,0.0,30.0,N
Dremomys pernyi,Dremomys_pernyi,Rodentia,Sciuridae,198.63,2.298,4.0,N,NA,NA,NA,NA,NA,Y,omnivore,omnivore,20.0,20.0,0.0,30.0,N
Eoglaucomys fimbriatus,Eoglaucomys_fimbriatus,Rodentia,Sciuridae,510.0,2.7076,3.67,Y,NA,NA,NA,NA,NA,Y,herbivore,herbivore,40.0,20.0,20.0,0.0,N
Epixerus ebii,Epixerus_ebii,Rodentia,Sciuridae,460.0,2.6628,2.0,Y,NA,NA,NA,NA,NA,Y,omnivore,omnivore,20.0,20.0,0.0,80.0,N
Eutamias sibiricus,Eutamias_sibiricus,Rodentia,Sciuridae,85.0,1.9294,4.825,Y,NA,NA,NA,NA,NA,Y,herbivore,herbivore,10.0,10.0,0.0,10.0,N
Exilisciurus concinnus,Exilisciurus_concinnus,Rodentia,Sciuridae,27.72,1.4428,1.94,Y,NA,NA,NA,NA,NA,Y,omnivore,omnivore,20.0,20.0,0.0,0.0,N
Exilisciurus exilis,Exilisciurus_exilis,Rodentia,Sciuridae,18.175,1.2595,2.5,Y,NA,NA,NA,NA,NA,Y,omnivore,omnivore,20.0,20.0,0.0,0.0,N
Exilisciurus whiteheadi,Exilisciurus_whiteheadi,Rodentia,Sciuridae,24.91,1.3964,1.94,Y,NA,NA,NA,NA,NA,Y,herbivore,herbivore,20.0,20.0,0.0,0.0,N
Funambulus layardi,Funambulus_layardi,Rodentia,Sciuridae,168.0,2.2253,2.465,Y,NA,NA,NA,NA,NA,Y,omnivore,omnivore,20.0,20.0,0.0,0.0,N
Funambulus palmarum,Funambulus_palmarum,Rodentia,Sciuridae,136.4,2.1348,2.62,Y,NA,NA,NA,NA,NA,Y,omnivore,omnivore,20.0,20.0,0.0,0.0,N
Funambulus pennantii,Funambulus_pennantii,Rodentia,Sciuridae,125.07,2.0972,3.14,Y,6.54,20.536,0.1642,0.8156,-0.7846,Y,omnivore,omnivore,20.0,20.0,0.0,0.0,N
Funambulus sublineatus,Funambulus_sublineatus,Rodentia,Sciuridae,70.93,1.8508,2.0,Y,NA,NA,NA,NA,NA,Y,omnivore,omnivore,20.0,20.0,0.0,0.0,N
Funambulus tristriatus,Funambulus_tristriatus,Rodentia,Sciuridae,134.62,2.1291,2.695,Y,5.87,15.82,0.1175,0.7686,-0.9299,Y,omnivore,omnivore,20.0,20.0,0.0,0.0,N
Funisciurus anerythrus,Funisciurus_anerythrus,Rodentia,Sciuridae,218.0,2.3385,1.41,Y,NA,NA,NA,NA,NA,Y,omnivore,omnivore,10.0,10.0,0.0,40.0,N
Funisciurus bayonii,Funisciurus_bayonii,Rodentia,Sciuridae,134.99,2.1303,3.0,N,NA,NA,NA,NA,NA,Y,herbivore,herbivore,10.0,10.0,0.0,40.0,N
Funisciurus congicus,Funisciurus_congicus,Rodentia,Sciuridae,112.0,2.0492,2.0,Y,9.9,19.8,0.1768,0.9956,-0.7526,Y,omnivore,omnivore,10.0,10.0,0.0,40.0,N
Funisciurus duchaillui,Funisciurus_duchaillui,Rodentia,Sciuridae,200.0,2.301,1.8,N,NA,NA,NA,NA,NA,Y,herbivore,herbivore,NA,NA,NA,NA,NA
Funisciurus isabella,Funisciurus_isabella,Rodentia,Sciuridae,109.31,2.0387,1.8,Y,NA,NA,NA,NA,NA,Y,herbivore,herbivore,10.0,10.0,0.0,40.0,N
Funisciurus lemniscatus,Funisciurus_lemniscatus,Rodentia,Sciuridae,140.99,2.1492,1.8,Y,NA,NA,NA,NA,NA,Y,omnivore,omnivore,10.0,10.0,0.0,40.0,N
Funisciurus leucogenys,Funisciurus_leucogenys,Rodentia,Sciuridae,250.0,2.3979,0.985,Y,NA,NA,NA,NA,NA,Y,herbivore,herbivore,10.0,10.0,0.0,40.0,N
Funisciurus pyrropus,Funisciurus_pyrropus,Rodentia,Sciuridae,257.835,2.4113,1.685,Y,NA,NA,NA,NA,NA,Y,omnivore,omnivore,10.0,10.0,0.0,40.0,N
Glaucomys sabrinus,Glaucomys_sabrinus,Rodentia,Sciuridae,148.0,2.1703,3.0,Y,5.64,16.92,0.1143,0.7513,-0.9419,Y,omnivore,omnivore,0.0,0.0,0.0,30.0,N
Glaucomys volans,Glaucomys_volans,Rodentia,Sciuridae,65.4,1.8156,3.13,Y,3.61,11.299,0.1728,0.5575,-0.7625,Y,omnivore,omnivore,0.0,0.0,0.0,30.0,N
Heliosciurus gambianus,Heliosciurus_gambianus,Rodentia,Sciuridae,248.36,2.3951,2.955,Y,NA,NA,NA,NA,NA,Y,omnivore,omnivore,40.0,20.0,20.0,30.0,N
Heliosciurus mutabilis,Heliosciurus_mutabilis,Rodentia,Sciuridae,326.5,2.5139,2.75,N,NA,NA,NA,NA,NA,Y,omnivore,omnivore,40.0,20.0,20.0,30.0,N
Heliosciurus punctatus,Heliosciurus_punctatus,Rodentia,Sciuridae,211.105,2.3245,2.955,N,NA,NA,NA,NA,NA,Y,omnivore,omnivore,40.0,20.0,20.0,30.0,N
Heliosciurus rufobrachium,Heliosciurus_rufobrachium,Rodentia,Sciuridae,326.5,2.5139,2.75,Y,NA,NA,NA,NA,NA,Y,omnivore,omnivore,40.0,20.0,20.0,30.0,N
Heliosciurus ruwenzorii,Heliosciurus_ruwenzorii,Rodentia,Sciuridae,291.0,2.4639,2.955,Y,NA,NA,NA,NA,NA,Y,omnivore,omnivore,40.0,20.0,20.0,30.0,N
Heliosciurus undulatus,Heliosciurus_undulatus,Rodentia,Sciuridae,326.5,2.5139,2.75,N,NA,NA,NA,NA,NA,Y,omnivore,omnivore,40.0,20.0,20.0,30.0,N
Hylopetes alboniger,Hylopetes_alboniger,Rodentia,Sciuridae,240.0,2.3802,2.33,Y,NA,NA,NA,NA,NA,Y,omnivore,omnivore,40.0,20.0,20.0,0.0,N
Hylopetes platyurus,Hylopetes_platyurus,Rodentia,Sciuridae,60.13,1.7791,2.0,N,NA,NA,NA,NA,NA,Y,omnivore,omnivore,40.0,20.0,20.0,0.0,Y
Ictidomys mexicanus,Ictidomys_mexicanus,Rodentia,Sciuridae,154.22,2.1881,5.91,Y,4.31,25.472,0.1652,0.6345,-0.7821,Y,omnivore,omnivore,20.0,20.0,0.0,0.0,N
Ictidomys tridecemlineatus,Ictidomys_tridecemlineatus,Rodentia,Sciuridae,182.0,2.2601,8.09,Y,3.0,24.27,0.1334,0.4771,-0.875,Y,omnivore,omnivore,20.0,20.0,0.0,0.0,N
Iomys horsfieldii,Iomys_horsfieldii,Rodentia,Sciuridae,155.75,2.1924,2.51,Y,NA,NA,NA,NA,NA,Y,herbivore,herbivore,40.0,20.0,20.0,0.0,N
Iomys sipora,Iomys_sipora,Rodentia,Sciuridae,155.75,2.1924,2.51,N,NA,NA,NA,NA,NA,Y,herbivore,herbivore,40.0,20.0,20.0,0.0,N
Lariscus hosei,Lariscus_hosei,Rodentia,Sciuridae,180.0,2.2553,1.97,Y,NA,NA,NA,NA,NA,Y,herbivore,herbivore,0.0,0.0,0.0,50.0,N
Lariscus insignis,Lariscus_insignis,Rodentia,Sciuridae,174.41,2.2416,2.0,N,NA,NA,NA,NA,NA,Y,herbivore,herbivore,0.0,0.0,0.0,50.0,N
Lariscus niobe,Lariscus_niobe,Rodentia,Sciuridae,174.41,2.2416,2.0,N,NA,NA,NA,NA,NA,Y,herbivore,herbivore,0.0,0.0,0.0,50.0,N
Lariscus obscurus,Lariscus_obscurus,Rodentia,Sciuridae,207.8,2.3176,2.0,N,NA,NA,NA,NA,NA,Y,omnivore,omnivore,0.0,0.0,0.0,50.0,N
Marmota baibacina,Marmota_baibacina,Rodentia,Sciuridae,3500.0,3.5441,5.39,Y,NA,NA,NA,NA,NA,Y,herbivore,herbivore,0.0,0.0,0.0,30.0,N
Marmota bobak,Marmota_bobak,Rodentia,Sciuridae,7300.0,3.8633,5.95,Y,NA,NA,NA,NA,NA,Y,herbivore,herbivore,0.0,0.0,0.0,30.0,N
Marmota broweri,Marmota_broweri,Rodentia,Sciuridae,3180.0,3.5024,4.635,N,NA,NA,NA,NA,NA,Y,herbivore,herbivore,0.0,0.0,0.0,30.0,N
Marmota caligata,Marmota_caligata,Rodentia,Sciuridae,4298.52,3.6333,4.6,Y,NA,NA,NA,NA,NA,Y,herbivore,herbivore,0.0,0.0,0.0,30.0,N
Marmota camtschatica,Marmota_camtschatica,Rodentia,Sciuridae,3500.0,3.5441,4.55,Y,32.99,150.104,0.0429,1.5184,-1.3677,Y,omnivore,omnivore,0.0,0.0,0.0,30.0,N
Marmota caudata,Marmota_caudata,Rodentia,Sciuridae,4225.0,3.6258,4.73,Y,NA,NA,NA,NA,NA,Y,herbivore,herbivore,0.0,0.0,0.0,30.0,N
Marmota flaviventris,Marmota_flaviventris,Rodentia,Sciuridae,3709.73,3.5693,4.44,Y,33.79,150.028,0.0404,1.5288,-1.3932,Y,herbivore,herbivore,0.0,0.0,0.0,30.0,N
Marmota himalayana,Marmota_himalayana,Rodentia,Sciuridae,6600.0,3.8195,5.39,N,NA,NA,NA,NA,NA,Y,herbivore,herbivore,0.0,0.0,0.0,30.0,N
Marmota marmota,Marmota_marmota,Rodentia,Sciuridae,3500.0,3.5441,4.19,Y,29.74,124.611,0.0356,1.4733,-1.4485,Y,herbivore,herbivore,0.0,0.0,0.0,30.0,N
Marmota menzbieri,Marmota_menzbieri,Rodentia,Sciuridae,2943.025,3.4688,4.0,Y,NA,NA,NA,NA,NA,Y,herbivore,herbivore,0.0,0.0,0.0,30.0,N
Marmota monax,Marmota_monax,Rodentia,Sciuridae,3413.0,3.5331,4.5,Y,27.19,122.355,0.0358,1.4344,-1.4455,Y,omnivore,omnivore,0.0,0.0,0.0,30.0,N
Marmota olympus,Marmota_olympus,Rodentia,Sciuridae,6299.995,3.7993,4.0,Y,NA,NA,NA,NA,NA,Y,herbivore,herbivore,0.0,0.0,0.0,30.0,N
Marmota sibirica,Marmota_sibirica,Rodentia,Sciuridae,8000.0,3.9031,4.665,Y,NA,NA,NA,NA,NA,Y,herbivore,herbivore,0.0,0.0,0.0,30.0,N
Marmota vancouverensis,Marmota_vancouverensis,Rodentia,Sciuridae,4750.0,3.6767,3.59,Y,NA,NA,NA,NA,NA,Y,herbivore,herbivore,0.0,0.0,0.0,30.0,N
Microsciurus alfari,Microsciurus_alfari,Rodentia,Sciuridae,89.745,1.953,2.0,N,NA,NA,NA,NA,NA,Y,omnivore,omnivore,0.0,0.0,0.0,50.0,N
Microsciurus flaviventer,Microsciurus_flaviventer,Rodentia,Sciuridae,92.0,1.9638,2.0,N,NA,NA,NA,NA,NA,Y,omnivore,omnivore,0.0,0.0,0.0,50.0,N
Myosciurus pumilio,Myosciurus_pumilio,Rodentia,Sciuridae,16.47,1.2167,2.0,Y,NA,NA,NA,NA,NA,Y,omnivore,omnivore,0.0,0.0,0.0,0.0,N
Neotamias alpinus,Neotamias_alpinus,Rodentia,Sciuridae,37.77,1.5771,4.5,Y,NA,NA,NA,NA,NA,Y,herbivore,herbivore,0.0,0.0,0.0,50.0,N
Neotamias amoenus,Neotamias_amoenus,Rodentia,Sciuridae,54.2,1.734,5.19,Y,2.62,13.598,0.2509,0.4183,-0.6005,Y,omnivore,omnivore,0.0,0.0,0.0,50.0,N
Neotamias bulleri,Neotamias_bulleri,Rodentia,Sciuridae,100.0,2.0,2.465,Y,NA,NA,NA,NA,NA,Y,herbivore,herbivore,0.0,0.0,0.0,50.0,N
Neotamias canipes,Neotamias_canipes,Rodentia,Sciuridae,66.05,1.8199,4.445,Y,NA,NA,NA,NA,NA,Y,omnivore,omnivore,0.0,0.0,0.0,50.0,N
Neotamias cinereicollis,Neotamias_cinereicollis,Rodentia,Sciuridae,61.845,1.7913,4.95,Y,NA,NA,NA,NA,NA,Y,omnivore,omnivore,0.0,0.0,0.0,50.0,N
Neotamias dorsalis,Neotamias_dorsalis,Rodentia,Sciuridae,62.8,1.798,5.13,Y,NA,NA,NA,NA,NA,Y,omnivore,omnivore,0.0,0.0,0.0,50.0,N
Neotamias durangae,Neotamias_durangae,Rodentia,Sciuridae,92.495,1.9661,2.465,Y,NA,NA,NA,NA,NA,Y,omnivore,omnivore,0.0,0.0,0.0,50.0,N
Neotamias merriami,Neotamias_merriami,Rodentia,Sciuridae,75.95,1.8805,4.11,Y,NA,NA,NA,NA,NA,Y,omnivore,omnivore,0.0,0.0,0.0,50.0,N
Neotamias minimus,Neotamias_minimus,Rodentia,Sciuridae,44.975,1.653,4.95,Y,2.27,11.236,0.2498,0.356,-0.6023,Y,herbivore,herbivore,0.0,0.0,0.0,50.0,N
Neotamias obscurus,Neotamias_obscurus,Rodentia,Sciuridae,75.0,1.8751,3.61,Y,NA,NA,NA,NA,NA,Y,herbivore,herbivore,0.0,0.0,0.0,50.0,N
Neotamias ochrogenys,Neotamias_ochrogenys,Rodentia,Sciuridae,84.0,1.9243,3.94,N,NA,NA,NA,NA,NA,Y,omnivore,omnivore,0.0,0.0,0.0,50.0,N
Neotamias palmeri,Neotamias_palmeri,Rodentia,Sciuridae,60.74,1.7835,3.93,Y,3.29,12.93,0.2129,0.5172,-0.6719,Y,omnivore,omnivore,0.0,0.0,0.0,50.0,N
Neotamias panamintinus,Neotamias_panamintinus,Rodentia,Sciuridae,52.94,1.7238,4.1,Y,5.1,20.91,0.395,0.7076,-0.4034,Y,omnivore,omnivore,0.0,0.0,0.0,50.0,N
Neotamias quadrimaculatus,Neotamias_quadrimaculatus,Rodentia,Sciuridae,86.035,1.9347,5.1,Y,NA,NA,NA,NA,NA,Y,herbivore,herbivore,0.0,0.0,0.0,50.0,N
Neotamias quadrivittatus,Neotamias_quadrivittatus,Rodentia,Sciuridae,57.81,1.762,4.13,Y,2.5,10.325,0.1786,0.3979,-0.7481,Y,herbivore,herbivore,0.0,0.0,0.0,50.0,N
Neotamias ruficaudus,Neotamias_ruficaudus,Rodentia,Sciuridae,58.675,1.7685,4.85,Y,NA,NA,NA,NA,NA,Y,herbivore,herbivore,0.0,0.0,0.0,50.0,N
Neotamias rufus,Neotamias_rufus,Rodentia,Sciuridae,57.49,1.7596,4.275,N,NA,NA,NA,NA,NA,Y,omnivore,omnivore,0.0,0.0,0.0,50.0,N
Neotamias senex,Neotamias_senex,Rodentia,Sciuridae,84.0,1.9243,4.33,Y,NA,NA,NA,NA,NA,Y,omnivore,omnivore,0.0,0.0,0.0,50.0,N
Neotamias siskiyou,Neotamias_siskiyou,Rodentia,Sciuridae,75.0,1.8751,4.23,N,NA,NA,NA,NA,NA,Y,omnivore,omnivore,0.0,0.0,0.0,50.0,N
Neotamias sonomae,Neotamias_sonomae,Rodentia,Sciuridae,75.0,1.8751,4.0,Y,NA,NA,NA,NA,NA,Y,herbivore,herbivore,0.0,0.0,0.0,50.0,N
Neotamias speciosus,Neotamias_speciosus,Rodentia,Sciuridae,59.065,1.7713,4.145,Y,NA,NA,NA,NA,NA,Y,omnivore,omnivore,0.0,0.0,0.0,50.0,N
Neotamias townsendii,Neotamias_townsendii,Rodentia,Sciuridae,79.12,1.8983,4.23,Y,3.52,14.89,0.1882,0.5465,-0.7254,Y,omnivore,omnivore,0.0,0.0,0.0,50.0,N
Neotamias umbrinus,Neotamias_umbrinus,Rodentia,Sciuridae,51.75,1.7139,5.15,Y,NA,NA,NA,NA,NA,Y,omnivore,omnivore,0.0,0.0,0.0,50.0,N
Notocitellus annulatus,Notocitellus_annulatus,Rodentia,Sciuridae,499.99,2.699,3.94,Y,NA,NA,NA,NA,NA,Y,herbivore,herbivore,20.0,20.0,0.0,0.0,N
Otospermophilus beecheyi,Otospermophilus_beecheyi,Rodentia,Sciuridae,575.295,2.7599,6.71,Y,9.29,62.336,0.1084,0.968,-0.9652,Y,omnivore,omnivore,20.0,20.0,0.0,0.0,N
Otospermophilus variegatus,Otospermophilus_variegatus,Rodentia,Sciuridae,663.03,2.8215,4.5,Y,7.8,35.1,0.0529,0.8921,-1.2762,Y,omnivore,omnivore,20.0,20.0,0.0,0.0,N
Paraxerus alexandri,Paraxerus_alexandri,Rodentia,Sciuridae,50.73,1.7053,0.985,Y,NA,NA,NA,NA,NA,Y,omnivore,omnivore,0.0,0.0,0.0,40.0,N
Paraxerus boehmi,Paraxerus_boehmi,Rodentia,Sciuridae,70.24,1.8466,1.085,Y,NA,NA,NA,NA,NA,Y,omnivore,omnivore,0.0,0.0,0.0,40.0,N
Paraxerus cepapi,Paraxerus_cepapi,Rodentia,Sciuridae,222.85,2.348,2.01,Y,12.75,25.628,0.115,1.1055,-0.9393,Y,omnivore,omnivore,0.0,0.0,0.0,40.0,N
Paraxerus flavovittis,Paraxerus_flavovittis,Rodentia,Sciuridae,160.0,2.2041,1.33,Y,NA,NA,NA,NA,NA,Y,omnivore,omnivore,0.0,0.0,0.0,40.0,N
Paraxerus ochraceus,Paraxerus_ochraceus,Rodentia,Sciuridae,104.3,2.0183,2.2,Y,NA,NA,NA,NA,NA,Y,omnivore,omnivore,0.0,0.0,0.0,40.0,N
Paraxerus palliatus,Paraxerus_palliatus,Rodentia,Sciuridae,295.0,2.4698,1.6,Y,15.0,24.0,0.0814,1.1761,-1.0896,Y,omnivore,omnivore,0.0,0.0,0.0,40.0,N
Paraxerus poensis,Paraxerus_poensis,Rodentia,Sciuridae,117.0,2.0682,1.48,Y,9.9,14.652,0.1252,0.9956,-0.9023,Y,omnivore,omnivore,0.0,0.0,0.0,40.0,N
Petaurillus hosei,Petaurillus_hosei,Rodentia,Sciuridae,18.21,1.2603,2.0,N,NA,NA,NA,NA,NA,Y,herbivore,herbivore,40.0,20.0,20.0,0.0,N
Petaurista alborufus,Petaurista_alborufus,Rodentia,Sciuridae,1611.0,3.2071,1.25,N,NA,NA,NA,NA,NA,Y,omnivore,omnivore,10.0,10.0,0.0,30.0,N
Petaurista elegans,Petaurista_elegans,Rodentia,Sciuridae,1224.0,3.0878,1.0,Y,NA,NA,NA,NA,NA,Y,omnivore,omnivore,10.0,10.0,0.0,30.0,N
Petaurista leucogenys,Petaurista_leucogenys,Rodentia,Sciuridae,1650.0,3.2175,1.33,N,NA,NA,NA,NA,NA,Y,omnivore,omnivore,10.0,10.0,0.0,30.0,N
Petaurista magnificus,Petaurista_magnificus,Rodentia,Sciuridae,1780.0,3.2504,1.0,Y,NA,NA,NA,NA,NA,Y,omnivore,omnivore,10.0,10.0,0.0,30.0,N
Petaurista nobilis,Petaurista_nobilis,Rodentia,Sciuridae,1780.0,3.2504,1.0,N,NA,NA,NA,NA,NA,Y,omnivore,omnivore,10.0,10.0,0.0,30.0,N
Petaurista petaurista,Petaurista_petaurista,Rodentia,Sciuridae,1330.0,3.1239,1.08,Y,56.29,60.793,0.0457,1.7504,-1.34,Y,omnivore,omnivore,10.0,10.0,0.0,30.0,N
Petaurista philippensis,Petaurista_philippensis,Rodentia,Sciuridae,1431.92,3.1559,1.04,N,NA,NA,NA,NA,NA,Y,omnivore,omnivore,10.0,10.0,0.0,30.0,N
Petaurista xanthotis,Petaurista_xanthotis,Rodentia,Sciuridae,1650.0,3.2175,1.33,N,NA,NA,NA,NA,NA,Y,herbivore,herbivore,10.0,10.0,0.0,30.0,N
Petinomys fuscocapillus,Petinomys_fuscocapillus,Rodentia,Sciuridae,712.0,2.8525,2.0,Y,NA,NA,NA,NA,NA,Y,herbivore,herbivore,0.0,0.0,0.0,30.0,N
Petinomys genibarbis,Petinomys_genibarbis,Rodentia,Sciuridae,108.81,2.0367,1.035,Y,NA,NA,NA,NA,NA,Y,herbivore,herbivore,0.0,0.0,0.0,30.0,N
Petinomys setosus,Petinomys_setosus,Rodentia,Sciuridae,42.25,1.6258,1.5,Y,NA,NA,NA,NA,NA,Y,herbivore,herbivore,0.0,0.0,0.0,30.0,N
Petinomys vordermanni,Petinomys_vordermanni,Rodentia,Sciuridae,37.5,1.574,2.0,Y,NA,NA,NA,NA,NA,Y,herbivore,herbivore,0.0,0.0,0.0,30.0,N
Poliocitellus franklinii,Poliocitellus_franklinii,Rodentia,Sciuridae,459.0,2.6618,7.9,Y,8.99,71.021,0.1547,0.9538,-0.8104,Y,omnivore,omnivore,20.0,20.0,0.0,0.0,N
Protoxerus stangeri,Protoxerus_stangeri,Rodentia,Sciuridae,630.43,2.7996,1.485,Y,NA,NA,NA,NA,NA,Y,herbivore,herbivore,0.0,0.0,0.0,30.0,N
Pteromys momonga,Pteromys_momonga,Rodentia,Sciuridae,151.8,2.1813,3.0,N,NA,NA,NA,NA,NA,Y,omnivore,omnivore,10.0,10.0,0.0,30.0,N
Pteromys volans,Pteromys_volans,Rodentia,Sciuridae,140.0,2.1461,2.6,Y,NA,NA,NA,NA,NA,Y,herbivore,herbivore,10.0,10.0,0.0,30.0,N
Pteromyscus pulverulentus,Pteromyscus_pulverulentus,Rodentia,Sciuridae,225.0,2.3522,1.29,Y,NA,NA,NA,NA,NA,Y,omnivore,omnivore,0.0,0.0,0.0,30.0,N
Ratufa bicolor,Ratufa_bicolor,Rodentia,Sciuridae,2000.0,3.301,1.65,Y,77.0,127.05,0.0635,1.8865,-1.1971,Y,herbivore,herbivore,20.0,10.0,10.0,30.0,N
Ratufa indica,Ratufa_indica,Rodentia,Sciuridae,1060.0,3.0253,1.0,N,NA,NA,NA,NA,NA,Y,omnivore,omnivore,20.0,10.0,10.0,30.0,N
Ratufa macroura,Ratufa_macroura,Rodentia,Sciuridae,801.85,2.9041,3.33,Y,NA,NA,NA,NA,NA,Y,omnivore,omnivore,20.0,10.0,10.0,30.0,N
Rhinosciurus laticaudatus,Rhinosciurus_laticaudatus,Rodentia,Sciuridae,225.65,2.3534,1.39,Y,NA,NA,NA,NA,NA,Y,omnivore,omnivore,80.0,80.0,0.0,20.0,N
Sciurillus pusillus,Sciurillus_pusillus,Rodentia,Sciuridae,36.955,1.5677,1.94,Y,NA,NA,NA,NA,NA,Y,herbivore,herbivore,0.0,0.0,0.0,30.0,N
Sciurotamias davidianus,Sciurotamias_davidianus,Rodentia,Sciuridae,433.51,2.637,2.5,N,NA,NA,NA,NA,NA,Y,herbivore,herbivore,10.0,10.0,0.0,20.0,Y
Sciurus aberti,Sciurus_aberti,Rodentia,Sciuridae,624.0,2.7952,3.255,Y,12.0,39.06,0.0626,1.0792,-1.2035,Y,herbivore,herbivore,0.0,0.0,0.0,20.0,N
Sciurus aestuans,Sciurus_aestuans,Rodentia,Sciuridae,177.34,2.2488,2.3,N,NA,NA,NA,NA,NA,Y,herbivore,herbivore,0.0,0.0,0.0,20.0,N
Sciurus alleni,Sciurus_alleni,Rodentia,Sciuridae,463.07,2.6656,3.0,Y,NA,NA,NA,NA,NA,Y,herbivore,herbivore,0.0,0.0,0.0,20.0,N
Sciurus anomalus,Sciurus_anomalus,Rodentia,Sciuridae,335.3,2.5254,4.0,Y,NA,NA,NA,NA,NA,Y,omnivore,omnivore,0.0,0.0,0.0,20.0,N
Sciurus arizonensis,Sciurus_arizonensis,Rodentia,Sciuridae,600.0,2.7782,2.0,Y,NA,NA,NA,NA,NA,Y,herbivore,herbivore,0.0,0.0,0.0,20.0,N
Sciurus aureogaster,Sciurus_aureogaster,Rodentia,Sciuridae,595.0,2.7745,2.0,Y,NA,NA,NA,NA,NA,Y,herbivore,herbivore,0.0,0.0,0.0,20.0,N
Sciurus carolinensis,Sciurus_carolinensis,Rodentia,Sciuridae,540.33,2.7327,3.0,Y,15.17,45.51,0.0842,1.181,-1.0746,Y,herbivore,herbivore,0.0,0.0,0.0,20.0,N
Sciurus colliaei,Sciurus_colliaei,Rodentia,Sciuridae,498.0,2.6972,2.665,Y,NA,NA,NA,NA,NA,Y,herbivore,herbivore,0.0,0.0,0.0,20.0,N
Sciurus deppei,Sciurus_deppei,Rodentia,Sciuridae,249.5,2.3971,2.705,Y,NA,NA,NA,NA,NA,Y,herbivore,herbivore,0.0,0.0,0.0,20.0,N
Sciurus gilvigularis,Sciurus_gilvigularis,Rodentia,Sciuridae,490.17,2.6903,2.3,N,NA,NA,NA,NA,NA,Y,herbivore,herbivore,0.0,0.0,0.0,20.0,N
Sciurus granatensis,Sciurus_granatensis,Rodentia,Sciuridae,374.0,2.5729,1.93,Y,9.5,18.335,0.049,0.9777,-1.3096,Y,omnivore,omnivore,0.0,0.0,0.0,20.0,N
Sciurus griseus,Sciurus_griseus,Rodentia,Sciuridae,751.67,2.876,3.3,Y,NA,NA,NA,NA,NA,Y,herbivore,herbivore,0.0,0.0,0.0,20.0,N
Sciurus lis,Sciurus_lis,Rodentia,Sciuridae,324.75,2.5115,4.43,N,NA,NA,NA,NA,NA,Y,herbivore,herbivore,0.0,0.0,0.0,20.0,N
Sciurus nayaritensis,Sciurus_nayaritensis,Rodentia,Sciuridae,702.0,2.8463,2.5,Y,NA,NA,NA,NA,NA,Y,herbivore,herbivore,0.0,0.0,0.0,20.0,N
Sciurus niger,Sciurus_niger,Rodentia,Sciuridae,803.7,2.9051,3.0,N,NA,NA,NA,NA,NA,Y,herbivore,herbivore,0.0,0.0,0.0,20.0,N
Sciurus richmondi,Sciurus_richmondi,Rodentia,Sciuridae,237.51,2.3757,2.63,Y,NA,NA,NA,NA,NA,Y,herbivore,herbivore,0.0,0.0,0.0,20.0,N
Sciurus variegatoides,Sciurus_variegatoides,Rodentia,Sciuridae,485.0,2.6857,4.99,Y,NA,NA,NA,NA,NA,Y,herbivore,herbivore,0.0,0.0,0.0,20.0,N
Sciurus vulgaris,Sciurus_vulgaris,Rodentia,Sciuridae,328.875,2.517,4.43,Y,8.83,39.117,0.1189,0.946,-0.9247,Y,herbivore,herbivore,0.0,0.0,0.0,20.0,N
Sciurus yucatanensis,Sciurus_yucatanensis,Rodentia,Sciuridae,225.0,2.3522,3.0,Y,NA,NA,NA,NA,NA,Y,herbivore,herbivore,0.0,0.0,0.0,20.0,N
Spermophilopsis leptodactylus,Spermophilopsis_leptodactylus,Rodentia,Sciuridae,404.1,2.6065,4.42,Y,NA,NA,NA,NA,NA,Y,omnivore,omnivore,20.0,20.0,0.0,20.0,N
Spermophilus alashanicus,Spermophilus_alashanicus,Rodentia,Sciuridae,200.0,2.301,4.82,N,NA,NA,NA,NA,NA,Y,herbivore,herbivore,20.0,20.0,0.0,0.0,N
Spermophilus brevicauda,Spermophilus_brevicauda,Rodentia,Sciuridae,217.0,2.3365,6.78,N,NA,NA,NA,NA,NA,Y,herbivore,herbivore,20.0,20.0,0.0,0.0,Y
Spermophilus citellus,Spermophilus_citellus,Rodentia,Sciuridae,228.5,2.3589,6.0,Y,NA,NA,NA,NA,NA,Y,omnivore,omnivore,20.0,20.0,0.0,0.0,N
Spermophilus dauricus,Spermophilus_dauricus,Rodentia,Sciuridae,200.0,2.301,5.22,Y,NA,NA,NA,NA,NA,Y,herbivore,herbivore,20.0,20.0,0.0,0.0,N
Spermophilus erythrogenys,Spermophilus_erythrogenys,Rodentia,Sciuridae,228.5,2.3589,6.24,Y,NA,NA,NA,NA,NA,Y,herbivore,herbivore,20.0,20.0,0.0,0.0,N
Spermophilus fulvus,Spermophilus_fulvus,Rodentia,Sciuridae,687.19,2.8371,6.0,Y,NA,NA,NA,NA,NA,Y,herbivore,herbivore,20.0,20.0,0.0,0.0,N
Spermophilus musicus,Spermophilus_musicus,Rodentia,Sciuridae,136.0,2.1335,7.39,N,NA,NA,NA,NA,NA,Y,omnivore,omnivore,20.0,20.0,0.0,0.0,N
Spermophilus pallidicauda,Spermophilus_pallidicauda,Rodentia,Sciuridae,228.5,2.3589,6.24,N,NA,NA,NA,NA,NA,Y,omnivore,omnivore,20.0,20.0,0.0,0.0,Y
Spermophilus pygmaeus,Spermophilus_pygmaeus,Rodentia,Sciuridae,136.0,2.1335,7.39,Y,NA,NA,NA,NA,NA,Y,omnivore,omnivore,20.0,20.0,0.0,0.0,N
Spermophilus ralli,Spermophilus_ralli,Rodentia,Sciuridae,217.0,2.3365,6.0,N,NA,NA,NA,NA,NA,Y,omnivore,omnivore,20.0,20.0,0.0,0.0,Y
Spermophilus relictus,Spermophilus_relictus,Rodentia,Sciuridae,317.985,2.5024,5.7,Y,NA,NA,NA,NA,NA,Y,herbivore,herbivore,20.0,20.0,0.0,0.0,N
Spermophilus suslicus,Spermophilus_suslicus,Rodentia,Sciuridae,252.0,2.4014,6.0,Y,NA,NA,NA,NA,NA,Y,omnivore,omnivore,20.0,20.0,0.0,0.0,N
Spermophilus taurensis,Spermophilus_taurensis,Rodentia,Sciuridae,200.7,2.3025,6.0,N,NA,NA,NA,NA,NA,Y,omnivore,omnivore,NA,NA,NA,NA,NA
Spermophilus xanthoprymnus,Spermophilus_xanthoprymnus,Rodentia,Sciuridae,228.5,2.3589,6.0,Y,NA,NA,NA,NA,NA,Y,omnivore,omnivore,20.0,20.0,0.0,0.0,N
Sundasciurus fraterculus,Sundasciurus_fraterculus,Rodentia,Sciuridae,67.0,1.8261,2.5,N,NA,NA,NA,NA,NA,Y,omnivore,omnivore,10.0,10.0,0.0,60.0,N
Sundasciurus lowii,Sundasciurus_lowii,Rodentia,Sciuridae,67.0,1.8261,2.5,Y,NA,NA,NA,NA,NA,Y,omnivore,omnivore,10.0,10.0,0.0,60.0,N
Sundasciurus tenuis,Sundasciurus_tenuis,Rodentia,Sciuridae,75.0,1.8751,3.0,Y,NA,NA,NA,NA,NA,Y,omnivore,omnivore,10.0,10.0,0.0,60.0,N
Tamias striatus,Tamias_striatus,Rodentia,Sciuridae,92.6,1.9666,4.22,N,NA,NA,NA,NA,NA,Y,omnivore,omnivore,20.0,20.0,0.0,20.0,N
Tamiasciurus douglasii,Tamiasciurus_douglasii,Rodentia,Sciuridae,229.8,2.3614,5.425,Y,4.99,27.071,0.1178,0.6981,-0.9288,Y,herbivore,herbivore,30.0,0.0,30.0,20.0,N
Tamiasciurus hudsonicus,Tamiasciurus_hudsonicus,Rodentia,Sciuridae,210.8,2.3239,4.2,Y,6.89,28.938,0.1373,0.8382,-0.8624,Y,herbivore,herbivore,30.0,0.0,30.0,20.0,N
Tamiasciurus mearnsi,Tamiasciurus_mearnsi,Rodentia,Sciuridae,229.8,2.3614,5.425,N,NA,NA,NA,NA,NA,Y,omnivore,omnivore,30.0,0.0,30.0,20.0,N
Tamiops macclellandii,Tamiops_macclellandii,Rodentia,Sciuridae,45.84,1.6612,2.355,Y,NA,NA,NA,NA,NA,Y,omnivore,omnivore,20.0,20.0,0.0,40.0,N
Tamiops maritimus,Tamiops_maritimus,Rodentia,Sciuridae,66.77,1.8246,3.125,Y,NA,NA,NA,NA,NA,Y,omnivore,omnivore,20.0,20.0,0.0,40.0,N
Tamiops swinhoei,Tamiops_swinhoei,Rodentia,Sciuridae,60.0,1.7782,3.325,Y,NA,NA,NA,NA,NA,Y,omnivore,omnivore,20.0,20.0,0.0,40.0,N
Trogopterus xanthipes,Trogopterus_xanthipes,Rodentia,Sciuridae,744.937,2.8721,1.64,Y,NA,NA,NA,NA,NA,Y,herbivore,herbivore,0.0,0.0,0.0,30.0,N
Urocitellus armatus,Urocitellus_armatus,Rodentia,Sciuridae,310.4,2.4919,5.45,Y,NA,NA,NA,NA,NA,Y,omnivore,omnivore,20.0,20.0,0.0,0.0,N
Urocitellus beldingi,Urocitellus_beldingi,Rodentia,Sciuridae,289.18,2.4612,5.57,Y,6.86,38.21,0.1321,0.8363,-0.879,Y,herbivore,herbivore,20.0,20.0,0.0,0.0,N
Urocitellus brunneus,Urocitellus_brunneus,Rodentia,Sciuridae,252.5,2.4023,5.5,Y,NA,NA,NA,NA,NA,Y,herbivore,herbivore,20.0,20.0,0.0,0.0,N
Urocitellus canus,Urocitellus_canus,Rodentia,Sciuridae,250.0,2.3979,8.0,N,NA,NA,NA,NA,NA,Y,omnivore,omnivore,20.0,20.0,0.0,0.0,N
Urocitellus columbianus,Urocitellus_columbianus,Rodentia,Sciuridae,468.635,2.6708,3.54,Y,9.58,33.913,0.0724,0.9814,-1.1405,Y,herbivore,herbivore,20.0,20.0,0.0,0.0,N
Urocitellus elegans,Urocitellus_elegans,Rodentia,Sciuridae,299.225,2.476,5.905,Y,5.97,35.253,0.1178,0.776,-0.9288,Y,omnivore,omnivore,20.0,20.0,0.0,0.0,N
Urocitellus mollis,Urocitellus_mollis,Rodentia,Sciuridae,209.905,2.322,8.43,Y,3.86,32.54,0.155,0.5866,-0.8096,Y,herbivore,herbivore,20.0,20.0,0.0,0.0,N
Urocitellus parryii,Urocitellus_parryii,Rodentia,Sciuridae,747.09,2.8734,6.3,Y,11.0,69.3,0.0928,1.0414,-1.0326,Y,omnivore,omnivore,20.0,20.0,0.0,0.0,N
Urocitellus richardsonii,Urocitellus_richardsonii,Rodentia,Sciuridae,273.535,2.437,7.23,Y,6.24,45.115,0.1649,0.7952,-0.7827,Y,omnivore,omnivore,20.0,20.0,0.0,0.0,N
Urocitellus townsendii,Urocitellus_townsendii,Rodentia,Sciuridae,218.26,2.339,8.43,Y,3.7,31.191,0.1429,0.5682,-0.8449,Y,herbivore,herbivore,20.0,20.0,0.0,0.0,N
Urocitellus undulatus,Urocitellus_undulatus,Rodentia,Sciuridae,720.455,2.8576,7.77,Y,10.8,83.916,0.1165,1.0334,-0.9338,Y,omnivore,omnivore,20.0,20.0,0.0,0.0,N
Urocitellus washingtoni,Urocitellus_washingtoni,Rodentia,Sciuridae,209.045,2.3202,7.88,Y,NA,NA,NA,NA,NA,Y,omnivore,omnivore,20.0,20.0,0.0,0.0,N
Xerospermophilus mohavensis,Xerospermophilus_mohavensis,Rodentia,Sciuridae,201.59,2.3045,6.325,Y,4.5,28.462,0.1412,0.6532,-0.8502,Y,herbivore,herbivore,20.0,20.0,0.0,0.0,N
Xerospermophilus perotensis,Xerospermophilus_perotensis,Rodentia,Sciuridae,140.0,2.1461,6.07,Y,NA,NA,NA,NA,NA,Y,omnivore,omnivore,20.0,20.0,0.0,0.0,N
Xerospermophilus spilosoma,Xerospermophilus_spilosoma,Rodentia,Sciuridae,164.1,2.2151,6.77,Y,NA,NA,NA,NA,NA,Y,omnivore,omnivore,20.0,20.0,0.0,0.0,N
Xerospermophilus tereticaudus,Xerospermophilus_tereticaudus,Rodentia,Sciuridae,147.57,2.169,5.855,Y,3.84,22.483,0.1524,0.5843,-0.8171,Y,omnivore,omnivore,20.0,20.0,0.0,0.0,N
Xerus erythropus,Xerus_erythropus,Rodentia,Sciuridae,600.0,2.7782,3.615,Y,NA,NA,NA,NA,NA,Y,omnivore,omnivore,30.0,10.0,20.0,20.0,N
Xerus inauris,Xerus_inauris,Rodentia,Sciuridae,557.3,2.7461,2.12,Y,20.0,42.4,0.0761,1.301,-1.1187,Y,omnivore,omnivore,30.0,10.0,20.0,20.0,N
Xerus princeps,Xerus_princeps,Rodentia,Sciuridae,619.65,2.7921,2.0,Y,NA,NA,NA,NA,NA,Y,omnivore,omnivore,30.0,10.0,20.0,20.0,N
Xerus rutilus,Xerus_rutilus,Rodentia,Sciuridae,316.96,2.501,1.97,Y,NA,NA,NA,NA,NA,Y,omnivore,omnivore,30.0,10.0,20.0,20.0,N
Cannomys badius,Cannomys_badius,Rodentia,Spalacidae,561.035,2.749,1.9,Y,NA,NA,NA,NA,NA,Y,herbivore,herbivore,0.0,0.0,0.0,0.0,N
Myospalax aspalax,Myospalax_aspalax,Rodentia,Spalacidae,225.0,2.3522,3.75,N,NA,NA,NA,NA,NA,Y,herbivore,herbivore,0.0,0.0,0.0,0.0,N
Myospalax myospalax,Myospalax_myospalax,Rodentia,Spalacidae,225.0,2.3522,3.75,Y,NA,NA,NA,NA,NA,Y,herbivore,herbivore,0.0,0.0,0.0,0.0,N
Myospalax psilurus,Myospalax_psilurus,Rodentia,Spalacidae,242.105,2.384,3.11,Y,NA,NA,NA,NA,NA,Y,herbivore,herbivore,0.0,0.0,0.0,0.0,N
Rhizomys pruinosus,Rhizomys_pruinosus,Rodentia,Spalacidae,2450.0,3.3892,3.0,Y,NA,NA,NA,NA,NA,Y,herbivore,herbivore,0.0,0.0,0.0,30.0,N
Rhizomys sinensis,Rhizomys_sinensis,Rodentia,Spalacidae,82.495,1.9164,3.0,Y,NA,NA,NA,NA,NA,Y,herbivore,herbivore,0.0,0.0,0.0,30.0,N
Rhizomys sumatrensis,Rhizomys_sumatrensis,Rodentia,Spalacidae,2750.0,3.4393,4.0,Y,NA,NA,NA,NA,NA,Y,herbivore,herbivore,0.0,0.0,0.0,30.0,N
Spalax arenarius,Spalax_arenarius,Rodentia,Spalacidae,470.0,2.6721,2.76,N,NA,NA,NA,NA,NA,Y,herbivore,herbivore,0.0,0.0,0.0,0.0,N
Spalax graecus,Spalax_graecus,Rodentia,Spalacidae,470.0,2.6721,2.76,N,NA,NA,NA,NA,NA,Y,herbivore,herbivore,0.0,0.0,0.0,0.0,N
Spalax microphthalmus,Spalax_microphthalmus,Rodentia,Spalacidae,470.0,2.6721,2.76,Y,NA,NA,NA,NA,NA,Y,herbivore,herbivore,0.0,0.0,0.0,0.0,N
Spalax zemni,Spalax_zemni,Rodentia,Spalacidae,470.0,2.6721,2.76,N,NA,NA,NA,NA,NA,Y,herbivore,herbivore,0.0,0.0,0.0,0.0,N
Tachyoryctes macrocephalus,Tachyoryctes_macrocephalus,Rodentia,Spalacidae,621.88,2.7937,1.0,Y,NA,NA,NA,NA,NA,Y,herbivore,herbivore,0.0,0.0,0.0,0.0,N
Tachyoryctes splendens,Tachyoryctes_splendens,Rodentia,Spalacidae,202.25,2.3059,1.433,Y,15.0,21.495,0.1063,1.1761,-0.9736,Y,herbivore,herbivore,0.0,0.0,0.0,0.0,N
Thryonomys gregorianus,Thryonomys_gregorianus,Rodentia,Thryonomyidae,2293.57,3.3605,2.91,Y,NA,NA,NA,NA,NA,Y,herbivore,herbivore,0.0,0.0,0.0,10.0,N
Thryonomys swinderianus,Thryonomys_swinderianus,Rodentia,Thryonomyidae,3750.85,3.5741,3.88,Y,118.89,461.293,0.123,2.0751,-0.9102,Y,herbivore,herbivore,0.0,0.0,0.0,10.0,N
Ptilocercus lowii,Ptilocercus_lowii,Scandentia,Ptilocercidae,42.5,1.6284,2.0,N,NA,NA,NA,NA,NA,Y,omnivore,omnivore,70.0,40.0,30.0,30.0,N
Anathana ellioti,Anathana_ellioti,Scandentia,Tupaiidae,160.0,2.2041,4.84,Y,NA,NA,NA,NA,NA,Y,omnivore,omnivore,80.0,80.0,0.0,20.0,N
Dendrogale murina,Dendrogale_murina,Scandentia,Tupaiidae,49.99,1.6989,2.0,N,NA,NA,NA,NA,NA,Y,carnivore,carnivore_invertebrate,100.0,100.0,0.0,0.0,N
Tupaia belangeri,Tupaia_belangeri,Scandentia,Tupaiidae,200.0,2.301,2.0,N,NA,NA,NA,NA,NA,Y,omnivore,omnivore,90.0,90.0,0.0,0.0,N
Tupaia chrysogaster,Tupaia_chrysogaster,Scandentia,Tupaiidae,159.0,2.2014,2.22,N,NA,NA,NA,NA,NA,Y,omnivore,omnivore,90.0,90.0,0.0,0.0,N
Tupaia glis,Tupaia_glis,Scandentia,Tupaiidae,159.0,2.2014,2.22,Y,12.6,27.972,0.1759,1.1004,-0.7547,Y,omnivore,omnivore,90.0,90.0,0.0,0.0,N
Tupaia javanica,Tupaia_javanica,Scandentia,Tupaiidae,105.0,2.0212,2.95,Y,NA,NA,NA,NA,NA,Y,omnivore,omnivore,90.0,90.0,0.0,0.0,N
Tupaia longipes,Tupaia_longipes,Scandentia,Tupaiidae,163.525,2.2136,2.11,Y,NA,NA,NA,NA,NA,Y,omnivore,omnivore,90.0,90.0,0.0,0.0,N
Tupaia minor,Tupaia_minor,Scandentia,Tupaiidae,58.6,1.7679,1.99,Y,NA,NA,NA,NA,NA,Y,omnivore,omnivore,90.0,90.0,0.0,0.0,N
Tupaia montana,Tupaia_montana,Scandentia,Tupaiidae,225.525,2.3532,1.755,Y,11.0,19.305,0.0856,1.0414,-1.0675,Y,omnivore,omnivore,90.0,90.0,0.0,0.0,N
Tupaia nicobarica,Tupaia_nicobarica,Scandentia,Tupaiidae,170.25,2.2311,0.96,Y,NA,NA,NA,NA,NA,Y,omnivore,omnivore,90.0,90.0,0.0,0.0,N
Tupaia tana,Tupaia_tana,Scandentia,Tupaiidae,197.8,2.2962,2.185,Y,NA,NA,NA,NA,NA,Y,omnivore,omnivore,90.0,90.0,0.0,0.0,N
Dugong dugon,Dugong_dugon,Sirenia,Dugongidae,360000.0,5.5563,1.0,Y,23452.07,23452.07,0.0651,4.3702,-1.1861,Y,omnivore,omnivore,0.0,0.0,0.0,0.0,Y
Trichechus inunguis,Trichechus_inunguis,Sirenia,Trichechidae,294000.595,5.4683,1.0,Y,NA,NA,NA,NA,NA,Y,herbivore,herbivore,0.0,0.0,0.0,0.0,Y
Trichechus manatus,Trichechus_manatus,Sirenia,Trichechidae,387500.0,5.5883,1.0,Y,29636.99,29636.99,0.0765,4.4718,-1.1164,Y,omnivore,omnivore,0.0,0.0,0.0,0.0,Y
Trichechus senegalensis,Trichechus_senegalensis,Sirenia,Trichechidae,477000.0,5.6785,1.0,Y,NA,NA,NA,NA,NA,Y,omnivore,omnivore,0.0,0.0,0.0,0.0,Y
Orycteropus afer,Orycteropus_afer,Tubulidentata,Orycteropodidae,56175.2,4.7495,1.03,Y,1899.68,1956.67,0.0348,3.2787,-1.458,Y,carnivore,carnivore_invertebrate,100.0,100.0,0.0,0.0,N
